Make,Year,Condition,Mileage,Price,Seller Rating,Interior color,Drivetrain,Min MPG,Max MPG,Fuel type,Engine Size (L),Accidents or damage,1-owner vehicle
BMW,2018,Used,19830.0,39799.0,4.4,Black ,AWD,0.0,0.0,Gasoline ,2.0,0.0,True
Jeep,2019,Used,52245.0,22966.0,4.2,Black ,4WD,19.0,27.0,Gasoline ,3.2,1.0,False
Cadillac,2019,Used,94008.0,26995.0,4.1,Black ,AWD,18.0,27.0,Gasoline ,3.6,1.0,False
INFINITI,2020,Used,22901.0,38713.0,4.1,Blue ,RWD,20.0,27.0,Gasoline ,3.0,0.0,True
Volkswagen,2014,Used,48650.0,16988.0,4.5,Titan Black ,FWD,25.0,33.0,Gasoline ,1.8,0.0,True
BMW,2015,Used,73660.0,22843.0,4.0,– ,RWD,21.0,32.0,Gasoline ,3.0,0.0,False
Audi,2019,Used,33832.0,39990.0,4.9,Black / Rock Gray ,AWD,23.0,29.0,Gasoline ,2.0,0.0,True
Mercedes-Benz,2016,Used,59386.0,71995.0,4.6,Designo Black ,AWD,12.0,14.0,Gasoline ,5.5,1.0,False
Lexus,2023,New,0.0,106615.0,4.9,Red ,RWD,15.0,25.0,Gasoline ,5.0,0.0,others
Volkswagen,2016,Used,145302.0,9495.0,4.381503720140973,Black ,FWD,25.0,35.0,Gasoline ,1.8,1.0,False
Toyota,2015,Used,91655.0,13980.0,4.6,Gray ,FWD,44.0,40.0,Gasoline ,1.8,0.0,False
INFINITI,2017,Used,111586.0,17995.0,4.381503720140973,Gray ,AWD,19.0,27.0,Gasoline ,3.0,1.0,False
Porsche,2015,Used,48163.0,52985.0,4.2,Beige ,RWD,21.0,30.0,Gasoline ,3.4,0.0,False
Mercedes-Benz,2017,Used,5350.0,69800.0,4.381503720140973,Black ,AWD,15.0,23.0,Gasoline ,5.5,1.0,True
Volkswagen,2022,Used,12959.0,43949.0,4.3,Blue ,AWD,23.0,30.0,Gasoline ,2.0,0.0,False
Cadillac,2014,Used,44500.0,16000.0,4.7,Medium Titanium / Jet Black ,FWD,18.0,28.0,Gasoline ,3.6,1.0,False
Chevrolet,2014,Used,60261.0,38595.0,4.3,Jet Black ,RWD,17.0,29.0,Gasoline ,6.2,0.0,False
Ford,2021,Used,32395.0,21987.0,4.6,Dark Earth Gray ,AWD,26.0,31.0,Gasoline ,1.5,1.0,True
Honda,2018,Used,93204.0,17999.0,4.8,Black ,FWD,20.59922502075837,28.0,Hybrid ,1.5,0.0,True
Subaru,2020,Used,27861.0,35995.0,4.4,Black ,AWD,16.0,22.0,Gasoline ,2.5,0.0,False
Porsche,2018,Used,12679.0,53995.0,4.4,Black ,RWD,21.0,28.0,Gasoline ,2.0,0.0,False
BMW,2017,Used,71099.0,38995.0,4.1,Black ,AWD,14.0,19.0,Gasoline ,4.4,1.0,True
BMW,2018,Used,91475.0,22440.0,4.1,Oyster ,AWD,20.0,29.0,Gasoline ,3.0,1.0,False
BMW,2017,Used,14826.0,78800.0,4.7,Black ,RWD,14.0,20.0,Gasoline ,4.4,0.0,False
Mercedes-Benz,2019,Used,38545.0,48999.0,4.5,Black ,AWD,21.0,27.0,Gasoline ,3.0,0.0,True
BMW,2019,Used,31010.0,53895.0,4.381503720140973,Black ,RWD,14.0,20.0,Gasoline ,4.4,0.0,False
Audi,2021,Used,60120.0,49980.0,4.7,Black ,AWD,15.0,21.0,Gasoline ,4.0,1.0,True
McLaren,2016,Used,852.0,339800.0,4.7,Carbon Black with McLaren Orange ,RWD,16.0,22.0,Gasoline ,3.8,0.0,False
Porsche,2017,Used,41311.0,45911.0,4.381503720140973,Black ,RWD,21.0,28.0,Gasoline ,2.0,0.0,False
Cadillac,2022,Used,58099.0,73995.0,4.6,Jet Black With Jet Black Accents ,RWD,13.0,22.0,Gasoline ,6.2,0.0,True
Volkswagen,2019,Used,98185.0,12200.0,4.6,Titan Black ,AWD,22.0,29.0,Gasoline ,1.8,0.0,False
Genesis,2023,New,5.0,89485.0,4.1,Urban Brown/Glacier White ,AWD,17.0,24.0,Gasoline ,3.5,0.0,others
Chevrolet,2015,Used,105307.0,14995.0,4.381503720140973,Dark Titanium/Jet Black ,FWD,22.0,31.0,Gasoline ,2.5,0.0,False
Chevrolet,2018,Used,112099.0,15995.0,4.381503720140973,Jet Black ,FWD,22.0,30.0,Gasoline ,2.5,0.0,True
Dodge,2015,Used,132502.0,14995.0,4.381503720140973,Black ,RWD,18.0,25.0,Gasoline ,3.6,1.0,False
Ford,2019,Used,66533.0,15903.0,4.5,Charcoal Black ,4WD,22.0,28.0,Gasoline ,1.5,0.0,False
Subaru,2019,Used,53038.0,30990.0,4.9,Black ,AWD,17.0,22.0,Gasoline ,2.5,1.0,False
Volkswagen,2018,Certified,41540.0,32490.0,4.9,Titan Black ,AWD,21.0,29.0,Gasoline ,2.0,0.0,False
Chevrolet,2021,Used,29804.0,21000.0,4.5,Jet Black ,FWD,29.0,36.0,Gasoline ,1.5,0.0,False
Jeep,2017,Used,97142.0,24895.0,4.7,Black ,4WD,16.0,21.0,Gasoline ,3.6,1.0,False
Chevrolet,2019,Used,29112.0,19998.0,4.381503720140973,Gray ,FWD,26.0,32.0,Gasoline ,1.5,1.0,False
Chevrolet,2017,Used,41805.0,19745.0,4.0,– ,FWD,20.59922502075837,28.0,Unknown,2.96465882923282,0.0,False
Chevrolet,2017,Used,22401.0,16112.0,4.0,Gray ,FWD,20.59922502075837,28.0,Unknown,2.96465882923282,1.0,True
Ford,2021,Used,31886.0,21056.0,4.0,– ,FWD,28.0,34.0,Gasoline ,1.5,1.0,True
Jeep,2020,Used,56948.0,15895.0,4.5,Black ,FWD,22.0,30.0,Gasoline ,2.4,1.0,False
Mercedes-Benz,2016,Used,98699.0,15499.0,4.3,Black ,AWD,21.0,28.0,Gasoline ,2.0,1.0,False
BMW,2018,Used,49300.0,35350.0,4.381503720140973,Brown ,AWD,20.59922502075837,28.0,Gasoline ,4.4,0.0,False
Lexus,2023,New,4.0,106929.0,4.9,Black ,RWD,15.0,25.0,Gasoline ,5.0,0.0,others
Mercedes-Benz,2019,Used,75840.0,65995.0,5.0,White ,AWD,17.0,26.0,Gasoline ,4.0,0.0,False
Mercedes-Benz,2018,Used,65226.0,69995.0,3.7,designo Porcelain/Blue ,AWD,17.0,27.0,Gasoline ,4.0,1.0,True
GMC,2014,Used,62762.0,37000.0,4.381503720140973,Other ,RWD,13.0,18.0,Gasoline ,5.3,0.0,False
Mercedes-Benz,2016,Used,61546.0,74500.0,4.9,designo Black ,AWD,12.0,14.0,Gasoline ,5.5,1.0,False
Mercedes-Benz,2020,Used,11373.0,43861.0,4.381503720140973,Black ,RWD,23.0,32.0,Gasoline ,2.0,0.0,True
Ford,2022,Used,9843.0,22995.0,4.1,Dark Earth Gray ,AWD,26.0,31.0,Gasoline ,1.5,0.0,True
INFINITI,2018,Used,70557.0,23449.0,4.3,Graphite ,RWD,19.0,28.0,Gasoline ,3.0,1.0,False
BMW,2014,Used,70764.0,23149.0,4.3,Saddle Brown ,AWD,20.0,30.0,Gasoline ,3.0,1.0,False
Volkswagen,2014,Used,37093.0,20555.0,4.3,– ,FWD,21.0,27.0,Gasoline ,2.5,1.0,False
BMW,2020,Used,31351.0,42888.0,4.3,Black / Oyster ,AWD,20.0,28.0,Gasoline ,3.0,1.0,True
BMW,2017,Used,57587.0,39549.0,4.3,Vermillion Red ,AWD,15.0,24.0,Gasoline ,4.4,1.0,False
Maserati,2017,Used,68076.0,30990.0,4.8,Red ,AWD,14.0,20.0,Gasoline ,3.0,0.0,False
Audi,2021,Used,57253.0,25988.0,4.5,Black ,AWD,23.0,28.0,Gasoline ,2.0,0.0,False
Subaru,2014,Used,62891.0,16987.0,4.4,Black ,AWD,25.0,33.0,Gasoline ,2.96465882923282,0.0,True
Lexus,2020,Used,58519.0,27849.0,4.5,Black ,AWD,18.0,24.0,Gasoline ,3.5,0.0,False
BMW,2015,Used,50750.0,40990.0,5.0,Mugello Red ,AWD,14.0,19.0,Gasoline ,4.4,0.0,False
Nissan,2017,Used,29971.0,24985.0,4.381503720140973,Charcoal ,FWD,26.0,33.0,Gasoline ,2.5,0.0,False
Kia,2019,Used,70533.0,17785.0,4.4,Stone Beige ,FWD,22.0,29.0,Gasoline ,2.4,0.0,True
Lexus,2021,Used,21993.0,43995.0,4.9,Birch ,AWD,18.0,25.0,Gasoline ,3.5,0.0,True
Nissan,2021,Used,14948.0,24995.0,4.9,Charcoal ,AWD,25.0,32.0,Gasoline ,2.5,0.0,True
Lamborghini,2022,Used,2691.0,399800.0,4.7,Nero Ade with Arancio Dryope ,AWD,13.0,18.0,Gasoline ,5.2,0.0,False
Mercedes-Benz,2017,Used,36389.0,59800.0,4.7,Black ,AWD,15.0,23.0,Gasoline ,5.5,1.0,False
Cadillac,2016,Used,96713.0,26995.0,4.381503720140973,Black ,RWD,16.0,24.0,Gasoline ,3.6,1.0,False
Jaguar,2019,Used,84674.0,26991.0,4.7,Ivory / Mineral ,AWD,17.0,26.0,Gasoline ,2.96465882923282,0.0,True
Mercedes-Benz,2020,Used,13935.0,98553.0,4.5,Black ,AWD,17.0,26.0,Gasoline ,4.0,0.0,True
Audi,2021,Used,36336.0,89994.0,4.8,Black / Express Red ,AWD,15.0,22.0,Gasoline ,4.0,0.0,False
Nissan,2015,Used,67012.0,13499.0,4.8,Charcoal ,AWD,25.0,32.0,Gasoline ,2.5,1.0,False
Rivian,2023,Used,1700.0,80000.0,4.381503720140973,Beige ,AWD,20.59922502075837,28.0,Unknown,2.96465882923282,0.0,True
Buick,2019,Used,120040.0,13995.0,4.381503720140973,Ebony ,FWD,26.0,31.0,Gasoline ,1.4,0.0,True
Kia,2023,Used,30852.0,19495.0,4.381503720140973,Black ,FWD,28.0,39.0,Gasoline ,2.0,1.0,True
Volvo,2015,Used,95063.0,13985.0,4.381503720140973,Soft Beige ,AWD,20.0,29.0,Gasoline ,2.5,0.0,False
Scion,2016,Used,35607.0,16977.0,3.8,Black ,FWD,27.0,36.0,Gasoline ,1.8,0.0,True
Kia,2019,Used,26506.0,16591.0,4.5,Black ,FWD,24.0,33.0,Gasoline ,2.4,0.0,True
Buick,2018,Used,86656.0,20501.0,4.4,Ebony w/Ebony Accents ,AWD,21.0,29.0,Gasoline ,2.0,0.0,True
Volkswagen,2017,Used,21237.0,23000.0,4.4,Titan Black ,FWD,24.0,33.0,Gasoline ,1.8,1.0,True
Volkswagen,2023,Used,8062.0,26492.0,4.4,Black ,AWD,25.0,32.0,Gasoline ,1.5,0.0,True
Subaru,2022,Certified,22414.0,29999.0,4.8,Black ,RWD,20.0,27.0,Gasoline ,2.4,1.0,True
Cadillac,2016,Used,116709.0,17988.0,4.5,Jet Black ,AWD,18.0,27.0,Gasoline ,3.6,1.0,False
Nissan,2022,Used,16168.0,25885.0,4.5,Graphite ,AWD,20.0,28.0,Gasoline ,3.5,0.0,True
Polestar,2023,Used,6419.0,35897.0,4.8,Charcoal ,FWD,20.59922502075837,28.0,Unknown,2.96465882923282,1.0,True
Rivian,2023,Used,8065.0,81497.0,4.8,Ocean Coast ,AWD,20.59922502075837,28.0,Unknown,2.96465882923282,0.0,True
Cadillac,2022,Used,23773.0,84800.0,4.381503720140973,Jet Black ,RWD,13.0,22.0,Gasoline ,6.2,0.0,True
Chevrolet,2014,Used,126870.0,8500.0,5.0,– ,FWD,20.59922502075837,28.0,Unknown,1.4,1.0,True
Jeep,2023,New,0.0,53659.0,4.3,Black ,4WD,17.0,22.0,Gasoline ,3.6,0.0,others
Polestar,2022,Used,31430.0,26477.0,4.8,Slate ,AWD,20.59922502075837,28.0,Unknown,2.96465882923282,0.0,True
BMW,2020,Used,42644.0,42479.0,4.8,Cognac ,AWD,0.0,0.0,Gasoline ,3.0,0.0,True
BMW,2020,Used,42232.0,42479.0,4.8,Black ,AWD,0.0,0.0,Gasoline ,3.0,0.0,True
Polestar,2022,Used,25406.0,26978.0,4.8,Slate ,AWD,20.59922502075837,28.0,Unknown,2.96465882923282,0.0,False
Ford,2017,Used,78109.0,30489.0,4.9,Charcoal Black ,AWD,19.0,25.0,Gasoline ,2.3,0.0,False
Audi,2017,Used,69723.0,17495.0,5.0,Rock Gray ,FWD,20.59922502075837,28.0,Hybrid ,1.4,0.0,True
Nissan,2019,Used,85317.0,14750.0,4.381503720140973,Gray ,FWD,24.0,26.0,Gasoline ,2.0,1.0,True
Kia,2015,Used,127600.0,7999.0,4.381503720140973,Black ,FWD,23.0,34.0,Gasoline ,2.4,1.0,False
Audi,2022,Used,18169.0,113800.0,4.9,Black/Gray ,AWD,15.0,22.0,Gasoline ,4.0,0.0,False
Mercedes-Benz,2015,Used,80701.0,17340.0,3.9,Beige ,AWD,18.0,22.0,Gasoline ,3.0,0.0,False
Audi,2018,Used,92793.0,16860.0,3.9,Black ,AWD,20.0,28.0,Gasoline ,2.0,1.0,True
Mercedes-Benz,2016,Used,79947.0,19999.0,4.381503720140973,Tan ,AWD,17.0,22.0,Gasoline ,3.5,0.0,False
Toyota,2017,Used,81141.0,19999.0,4.381503720140973,Almond ,FWD,21.0,30.0,Gasoline ,3.5,0.0,True
Ford,2015,Used,44145.0,12982.0,4.3,Charcoal Black ,FWD,40.0,0.0,Gasoline ,2.0,0.0,others
Mercedes-Benz,2020,Used,19111.0,61888.0,4.3,Black ,AWD,21.0,27.0,Gasoline ,3.0,0.0,False
Porsche,2014,Used,18941.0,56888.0,4.3,Platinum ,RWD,20.0,28.0,Gasoline ,3.4,0.0,False
Jeep,2017,Used,30106.0,18998.0,4.6,Black ,FWD,22.0,31.0,Gasoline ,2.4,1.0,True
BMW,2017,Used,74255.0,30999.0,4.381503720140973,Brown ,AWD,20.59922502075837,28.0,Plug-In Hybrid ,2.0,0.0,False
INFINITI,2015,Used,65145.0,19420.0,4.7,Wheat ,AWD,18.0,25.0,Gasoline ,3.7,0.0,False
Nissan,2020,Used,82173.0,18900.0,4.1,Charcoal ,FWD,28.0,39.0,Gasoline ,2.5,1.0,True
Ford,2022,Used,13608.0,20300.0,4.2,Black ,4WD,23.0,29.0,Gasoline ,2.0,0.0,True
Mazda,2023,Used,2621.0,33975.0,4.9,Black ,RWD,26.0,35.0,Gasoline ,2.0,0.0,True
Cadillac,2023,Used,7525.0,53750.0,4.2,Jet Black ,RWD,18.0,27.0,Gasoline ,3.0,0.0,False
Dodge,2014,Used,6031.0,229800.0,4.7,Black ,RWD,12.0,19.0,Gasoline ,8.4,0.0,False
Volkswagen,2014,Used,64910.0,11677.0,4.2,Titan Black ,FWD,42.0,48.0,Hybrid ,1.4,1.0,True
Volkswagen,2018,Used,78284.0,14743.0,4.1,Black ,FWD,24.0,33.0,Gasoline ,1.8,1.0,True
BMW,2021,Certified,31506.0,34995.0,4.5,Black ,AWD,20.59922502075837,28.0,Hybrid ,2.0,0.0,True
Volkswagen,2018,Used,44037.0,18000.0,4.6,Gray ,FWD,26.0,33.0,Gasoline ,2.0,1.0,False
Mercedes-Benz,2023,Certified,1999.0,63994.0,4.8,Black ,AWD,20.0,28.0,Gasoline ,2.0,0.0,False
Audi,2023,Certified,9906.0,34944.0,4.1,Black ,AWD,24.0,33.0,Gasoline ,2.0,0.0,False
Lexus,2017,Used,108427.0,20995.0,4.381503720140973,Rioja Red ,AWD,19.0,26.0,Gasoline ,3.5,1.0,False
INFINITI,2018,Used,74716.0,23976.0,4.381503720140973,Graphite ,AWD,21.0,28.0,Gasoline ,2.0,1.0,False
Volkswagen,2014,Used,147316.0,11850.0,4.381503720140973,Black Leather ,FWD,24.0,34.0,Gasoline ,1.8,1.0,False
Audi,2017,Used,43938.0,17994.0,4.6,Black ,FWD,20.59922502075837,28.0,Hybrid ,1.4,0.0,False
Scion,2016,Used,62035.0,10885.0,4.0,Black ,FWD,33.0,42.0,Gasoline ,1.5,0.0,False
Mazda,2017,Used,60236.0,23695.0,4.8,Black / Ceramic ,RWD,27.0,34.0,Gasoline ,2.0,0.0,False
Cadillac,2023,Used,13975.0,56501.0,4.4,– ,RWD,18.0,27.0,Gasoline ,3.0,0.0,True
Ford,2021,Used,4998.0,21567.0,4.0,Dark Earth Gray ,FWD,28.0,34.0,Gasoline ,1.5,0.0,True
Volkswagen,2014,Used,73835.0,16950.0,4.381503720140973,Titan Black ,FWD,28.0,37.0,Diesel ,2.0,0.0,False
FIAT,2014,Used,49417.0,8995.0,4.381503720140973,Black ,FWD,24.0,33.0,Gasoline ,1.4,0.0,False
Mercedes-Benz,2016,Used,76221.0,19372.0,4.7,Black ,AWD,17.0,22.0,Gasoline ,3.5,1.0,False
Volkswagen,2023,Used,13437.0,46888.0,4.5,Titan Black ,AWD,20.0,28.0,Gasoline ,2.0,0.0,True
Chevrolet,2022,Used,27473.0,22063.0,4.3,Jet Black ,FWD,29.0,36.0,Gasoline ,1.5,0.0,True
Subaru,2014,Used,117829.0,15912.0,4.9,Black ,AWD,19.0,25.0,Gasoline ,2.5,1.0,False
Toyota,2023,Certified,17595.0,26228.0,4.4,Black ,FWD,31.0,33.0,Gasoline ,2.0,0.0,True
Lexus,2021,Used,24960.0,35988.0,4.9,Cream ,AWD,22.0,28.0,Gasoline ,2.0,0.0,True
Mercedes-Benz,2016,Used,76481.0,21495.0,5.0,Black ,AWD,17.0,22.0,E85 Flex Fuel ,3.5,1.0,True
Lexus,2019,Used,78966.0,26988.0,4.9,Black ,AWD,22.0,28.0,Gasoline ,2.0,0.0,False
Nissan,2016,Used,77129.0,16491.0,4.7,Black ,AWD,21.0,28.0,Gasoline ,3.5,0.0,True
Toyota,2021,Used,24866.0,36990.0,3.9,Black ,AWD,0.0,0.0,Gasoline ,2.5,0.0,False
Jeep,2020,Used,44413.0,20989.0,4.7,Black ,4WD,22.0,31.0,Gasoline ,2.4,0.0,True
Mercedes-Benz,2016,Used,82948.0,18995.0,3.9,Black ,AWD,17.0,22.0,E85 Flex Fuel ,3.5,0.0,False
Nissan,2017,Used,61652.0,21980.0,4.6,Black ,4WD,0.0,0.0,Gasoline ,5.6,0.0,False
Ford,2020,Used,46493.0,18980.0,4.6,Dark Earth Gray ,AWD,26.0,31.0,Gasoline ,1.5,0.0,True
Chevrolet,2017,Used,131000.0,9900.0,4.381503720140973,Black ,FWD,20.59922502075837,28.0,Plug-In Hybrid ,1.5,0.0,False
Mercedes-Benz,2016,Used,74456.0,18555.0,4.3,Black ,AWD,21.0,0.0,Gasoline ,2.0,0.0,False
Cadillac,2018,Used,37459.0,40989.0,4.381503720140973,Jet Black ,AWD,18.0,26.0,Gasoline ,3.0,0.0,False
Chevrolet,2014,Used,24373.0,45390.0,4.3,Adrenaline Red ,RWD,17.0,29.0,Gasoline ,6.2,1.0,False
BMW,2018,Used,49668.0,31855.0,4.3,Black ,RWD,21.0,32.0,Gasoline ,3.0,0.0,False
BMW,2017,Used,38844.0,37749.0,4.3,Black ,AWD,15.0,24.0,Gasoline ,4.4,1.0,False
Porsche,2021,Used,29717.0,66888.0,4.3,Graphite Blue ,AWD,20.59922502075837,28.0,Hybrid ,3.0,0.0,False
Scion,2014,Used,49051.0,12200.0,4.5,Dark Charcoal ,FWD,22.0,28.0,Gasoline ,2.4,1.0,False
Nissan,2018,Used,63620.0,30995.0,4.4,Gray ,RWD,20.59922502075837,28.0,Gasoline ,5.6,0.0,True
INFINITI,2019,Used,43389.0,29589.0,4.5,Tan ,AWD,19.0,27.0,Gasoline ,3.0,0.0,False
Buick,2020,Used,30454.0,24989.0,4.5,Ebony ,AWD,21.0,27.0,Gasoline ,2.5,0.0,True
Jaguar,2017,Used,36622.0,27706.0,4.4,Jet/London Tan ,AWD,17.0,26.0,Gasoline ,3.0,1.0,False
BMW,2023,Used,33811.0,38900.0,4.1,Black ,AWD,21.0,28.0,Gasoline ,2.0,0.0,True
Dodge,2019,Used,92065.0,14500.0,4.8,Black ,FWD,17.0,25.0,– ,3.6,1.0,True
Volkswagen,2016,Used,12713.0,27875.0,4.9,Dark Blue/Denim w/White Piping ,FWD,24.0,34.0,Gasoline ,1.8,0.0,True
Audi,2021,Used,6437.0,46401.0,4.9,Black ,AWD,20.0,28.0,Gasoline ,3.0,1.0,False
Audi,2018,Used,39000.0,36000.0,4.381503720140973,Black ,AWD,20.59922502075837,28.0,Gasoline ,3.0,0.0,False
Ford,2023,New,5.0,59025.0,4.8,– ,AWD,20.59922502075837,28.0,E85 Flex Fuel ,3.5,0.0,others
Hyundai,2017,Used,72115.0,17475.0,4.5,Black ,AWD,24.0,28.0,Gasoline ,1.6,1.0,True
INFINITI,2017,Used,72914.0,21998.0,5.0,Black ,AWD,21.0,28.0,Gasoline ,2.0,1.0,False
Audi,2021,Used,39930.0,99800.0,4.7,Black ,AWD,13.0,19.0,Gasoline ,4.0,0.0,False
Dodge,2014,Used,88891.0,9500.0,4.9,Black ,FWD,21.0,30.0,Gasoline ,2.4,1.0,True
Buick,2018,Used,44114.0,19772.0,4.8,Ebony ,FWD,22.0,32.0,Gasoline ,2.0,1.0,False
BMW,2015,Used,145848.0,8995.0,4.381503720140973,Black ,AWD,16.0,24.0,Gasoline ,4.4,0.0,False
INFINITI,2015,Certified,42663.0,33745.0,4.9,Monaco Red ,RWD,18.0,26.0,Gasoline ,3.7,1.0,False
Audi,2020,Used,63016.0,48991.0,4.7,Black ,AWD,15.0,21.0,Gasoline ,4.0,1.0,False
Volkswagen,2016,Used,59057.0,18991.0,4.7,Black Anthracite ,AWD,17.0,23.0,Gasoline ,3.6,1.0,True
Jeep,2018,Used,31671.0,28881.0,4.7,Black ,4WD,17.0,21.0,Gasoline ,3.6,0.0,False
BMW,2021,Certified,25909.0,56888.0,4.1,Ivory White ,AWD,17.0,25.0,Gasoline ,4.4,1.0,True
Audi,2021,Certified,9372.0,29444.0,4.1,Black ,AWD,24.0,31.0,Gasoline ,2.0,0.0,True
Nissan,2023,New,2.0,63578.0,4.7,Black ,4WD,13.0,18.0,Gasoline ,5.6,0.0,others
Lexus,2016,Used,147616.0,15995.0,4.381503720140973,Beige ,AWD,19.0,26.0,Gasoline ,3.5,0.0,False
Nissan,2023,New,5.0,63900.0,4.7,Black ,4WD,13.0,18.0,Gasoline ,5.6,0.0,others
Nissan,2023,New,2.0,63900.0,4.7,Black ,4WD,13.0,18.0,Gasoline ,5.6,0.0,others
Nissan,2023,New,2.0,63500.0,4.7,Black ,4WD,13.0,18.0,Gasoline ,5.6,0.0,others
Cadillac,2020,Used,34851.0,25982.0,4.5,Light Platinum/Jet Black ,AWD,22.0,29.0,Gasoline ,2.0,0.0,True
Jeep,2017,Used,143581.0,12995.0,4.1,Black ,4WD,22.0,30.0,Gasoline ,2.4,0.0,False
Volkswagen,2022,Used,7841.0,42995.0,4.1,Titan Black w/Blue Accents ,AWD,20.0,28.0,Gasoline ,2.0,0.0,True
Ferrari,2023,Certified,1646.0,309499.0,4.381503720140973,Beige Tradizione ,RWD,16.0,23.0,Gasoline ,3.9,0.0,True
Chrysler,2018,Used,94366.0,18900.0,4.8,Black/Alloy ,FWD,19.0,28.0,Gasoline ,3.6,0.0,False
Cadillac,2015,Used,139286.0,26995.0,4.381503720140973,Jet Black w/Jet Black Accents ,4WD,15.0,21.0,Gasoline ,6.2,0.0,False
Lexus,2021,Used,25064.0,37988.0,4.9,Black ,AWD,22.0,27.0,Gasoline ,2.0,0.0,True
Nissan,2021,Used,45205.0,23586.0,4.9,Charcoal ,AWD,25.0,32.0,Gasoline ,2.5,1.0,True
Mercedes-Benz,2020,Used,42244.0,36479.0,4.8,Black ,AWD,24.0,31.0,Gasoline ,2.0,0.0,True
BMW,2016,Used,143877.0,15414.0,3.9,Coral Red / Black ,AWD,20.0,30.0,Gasoline ,3.0,0.0,False
BMW,2015,Used,117781.0,16995.0,4.381503720140973,Black ,AWD,20.0,29.0,Gasoline ,3.0,0.0,False
Mercedes-Benz,2017,Used,77746.0,27900.0,3.9,Black ,AWD,23.0,30.0,Gasoline ,2.0,1.0,False
BMW,2014,Used,90234.0,20900.0,3.9,Black ,AWD,20.0,30.0,Gasoline ,3.0,1.0,False
Jeep,2019,Used,27855.0,15988.0,4.7,Black ,FWD,22.0,30.0,Gasoline ,2.4,0.0,True
BMW,2016,Used,36087.0,45985.0,4.2,Mugello Red ,AWD,14.0,19.0,Gasoline ,4.4,0.0,True
Kia,2023,New,15.0,42670.0,4.1,Gray ,FWD,20.59922502075837,28.0,Unknown,2.96465882923282,0.0,others
Kia,2023,New,11.0,42670.0,4.1,Gray ,FWD,20.59922502075837,28.0,Unknown,2.96465882923282,0.0,others
BMW,2014,Used,82603.0,20985.0,4.2,Saddle Brown w/Exclusive Stitching ,AWD,20.0,30.0,Gasoline ,3.0,0.0,False
Cadillac,2020,Used,60610.0,37000.0,4.7,Black ,AWD,18.0,27.0,Gasoline ,3.6,1.0,False
BMW,2021,Used,46321.0,67685.0,4.5,Sakhir Orange ,AWD,13.0,18.0,Gasoline ,4.4,0.0,True
BMW,2015,Used,104000.0,17900.0,4.381503720140973,Black ,AWD,20.59922502075837,28.0,Gasoline ,3.0,1.0,False
Volvo,2017,Used,46726.0,23444.0,4.7,Charcoal ,AWD,22.0,31.0,Gasoline ,2.0,0.0,True
Mercedes-Benz,2016,Used,75221.0,24995.0,4.1,Black ,AWD,17.0,22.0,E85 Flex Fuel ,3.5,1.0,False
Jeep,2019,Used,20323.0,20998.0,4.381503720140973,Black ,4WD,21.0,29.0,Gasoline ,2.4,0.0,True
Jeep,2018,Used,20821.0,21998.0,4.381503720140973,Black ,4WD,24.0,31.0,Gasoline ,2.4,0.0,True
Toyota,2018,Used,59553.0,24995.0,4.1,Black ,RWD,21.0,28.0,Gasoline ,2.0,0.0,False
Nissan,2020,Used,91569.0,17900.0,4.1,Charcoal ,FWD,28.0,39.0,Gasoline ,2.5,0.0,True
Toyota,2017,Used,47008.0,17998.0,4.381503720140973,Black ,FWD,30.0,35.0,Gasoline ,1.5,0.0,True
Mazda,2023,Used,14778.0,27998.0,4.381503720140973,Black ,AWD,26.0,33.0,Gasoline ,2.5,0.0,True
Honda,2019,Used,57830.0,24998.0,4.381503720140973,Black ,FWD,28.0,38.0,Gasoline ,1.5,0.0,others
Jeep,2020,Used,26286.0,19995.0,4.1,Black ,4WD,21.0,29.0,Gasoline ,2.4,0.0,True
Nissan,2021,Used,24477.0,22424.0,4.381503720140973,Charcoal ,AWD,25.0,32.0,Gasoline ,2.5,0.0,True
Rivian,2023,Used,10689.0,68977.0,4.2,– ,AWD,20.59922502075837,28.0,Unknown,2.96465882923282,0.0,True
Lexus,2018,Used,45674.0,58988.0,4.7,Black ,4WD,13.0,18.0,Gasoline ,5.7,0.0,False
Audi,2014,Used,43906.0,15973.0,4.1,Black ,AWD,20.0,29.0,Gasoline ,2.0,0.0,True
Audi,2018,Used,71542.0,20884.0,4.1,Black ,AWD,24.0,34.0,Gasoline ,2.0,0.0,True
Audi,2023,Certified,9092.0,40744.0,4.1,Black ,AWD,24.0,32.0,Gasoline ,2.0,0.0,True
Audi,2021,Used,18163.0,27844.0,4.1,Black ,AWD,24.0,31.0,Gasoline ,2.0,0.0,True
Audi,2020,Used,30255.0,51844.0,4.1,Black ,AWD,18.0,28.0,Gasoline ,2.9,0.0,True
Chevrolet,2021,Certified,24827.0,32577.0,4.1,Jet Black ,AWD,19.0,26.0,Gasoline ,3.6,0.0,False
Cadillac,2020,Used,36045.0,28538.0,4.8,Cirrus ,AWD,21.0,26.0,Gasoline ,2.0,0.0,True
Buick,2017,Used,105451.0,14995.0,4.381503720140973,Ebony ,FWD,25.0,33.0,Gasoline ,1.4,0.0,False
Lexus,2019,Used,51204.0,33000.0,4.5,Black ,AWD,18.0,25.0,Gasoline ,3.5,0.0,True
Cadillac,2017,Used,70849.0,33500.0,4.4,Jet Black ,AWD,18.0,27.0,Gasoline ,3.6,1.0,False
Nissan,2019,Used,67492.0,24500.0,4.381503720140973,Gray ,RWD,0.0,0.0,Gasoline ,4.0,0.0,True
Hyundai,2022,Used,6900.0,18000.0,4.381503720140973,– ,FWD,20.59922502075837,28.0,Gasoline ,1.6,0.0,True
Honda,2018,Used,82407.0,14500.0,4.381503720140973,Black ,FWD,20.59922502075837,28.0,Plug-In Hybrid ,1.5,1.0,False
Cadillac,2019,Used,51785.0,37999.0,4.9,Black ,AWD,18.0,27.0,Gasoline ,3.6,1.0,False
Cadillac,2023,Used,11389.0,46888.0,4.9,Cirrus ,AWD,18.0,25.0,Gasoline ,3.6,0.0,False
Mazda,2021,Used,6775.0,28398.0,4.6,Black ,RWD,26.0,34.0,Gasoline ,2.0,0.0,True
Audi,2016,Used,43304.0,49800.0,4.381503720140973,Black w/ Red Accents ,AWD,15.0,25.0,Gasoline ,4.0,1.0,False
BMW,2023,Used,6543.0,93797.0,4.8,Silverstone ,AWD,13.0,18.0,Gasoline ,4.4,0.0,True
Ferrari,2023,Certified,285.0,329999.0,4.381503720140973,Nero ,RWD,16.0,23.0,Gasoline ,3.9,0.0,True
Ford,2023,New,49.0,62215.0,4.6,Dark Palazzo Gray ,AWD,0.0,0.0,Gasoline ,3.5,0.0,others
Lexus,2014,Used,107573.0,14995.0,3.7,Black ,FWD,43.0,40.0,Gasoline ,1.8,1.0,False
Lexus,2022,Used,15435.0,48988.0,4.9,Black ,AWD,18.0,25.0,Gasoline ,3.5,0.0,True
Jaguar,2015,Used,122606.0,17995.0,3.7,Black ,RWD,18.0,27.0,Gasoline ,3.0,1.0,False
Jaguar,2019,Used,77256.0,28980.0,3.8,– ,RWD,18.0,27.0,Gasoline ,3.0,0.0,False
McLaren,2023,Used,207.0,239911.0,3.9,– ,RWD,20.59922502075837,28.0,Hybrid ,3.0,0.0,True
Honda,2018,Used,90009.0,16999.0,4.381503720140973,Black ,FWD,44.0,40.0,Hybrid ,1.5,0.0,False
Lexus,2019,Used,66916.0,25000.0,4.6,Black ,RWD,21.0,30.0,Gasoline ,2.0,0.0,False
Cadillac,2016,Used,57508.0,25988.0,4.7,Cinnamon ,AWD,18.0,27.0,Gasoline ,3.6,0.0,False
Nissan,2023,New,2.0,47785.0,4.7,Charcoal ,AWD,20.59922502075837,28.0,Unknown,2.96465882923282,0.0,others
Lexus,2017,Used,101668.0,21999.0,4.381503720140973,Black ,AWD,19.0,26.0,Gasoline ,3.5,1.0,False
Honda,2019,Used,30330.0,22999.0,4.381503720140973,Black ,FWD,28.0,38.0,Gasoline ,1.5,0.0,True
Nissan,2020,Used,40876.0,22852.0,4.3,Graphite ,AWD,20.0,28.0,Gasoline ,3.5,0.0,True
Porsche,2019,Used,38245.0,56888.0,4.3,Black ,RWD,21.0,28.0,Gasoline ,2.0,0.0,True
Cadillac,2022,Used,56192.0,28560.0,4.3,Black ,AWD,21.0,27.0,Gasoline ,3.6,0.0,True
Volvo,2015,Used,50724.0,16900.0,4.7,Sandstone Beige ,AWD,19.0,28.0,Gasoline ,3.0,0.0,True
BMW,2016,Used,66520.0,36400.0,4.3,Silverstone ,AWD,14.0,19.0,Gasoline ,4.4,0.0,False
Mercedes-Benz,2020,Used,28059.0,37888.0,4.3,Black ,AWD,24.0,31.0,Gasoline ,2.0,0.0,True
Chevrolet,2019,Used,68378.0,16800.0,4.7,Jet Black ,FWD,26.0,32.0,Gasoline ,1.5,0.0,False
Cadillac,2020,Used,71183.0,36950.0,4.5,Black ,AWD,18.0,27.0,Gasoline ,3.6,1.0,False
Volkswagen,2017,Used,35485.0,28486.0,4.9,Dune ,FWD,24.0,31.0,Gasoline ,1.8,1.0,False
Cadillac,2019,Used,56980.0,24400.0,4.5,Jet Black ,AWD,22.0,29.0,Gasoline ,2.0,0.0,False
Volvo,2019,Used,53832.0,37686.0,4.7,Maroon Brown ,AWD,21.0,31.0,Gasoline ,2.0,0.0,True
Audi,2021,Used,57532.0,26280.0,4.5,Black ,AWD,23.0,28.0,Gasoline ,2.0,0.0,False
Jeep,2020,Used,17397.0,22998.0,4.381503720140973,Black ,4WD,29.0,29.0,Gasoline ,1.3,0.0,others
Jeep,2019,Used,68559.0,21295.0,4.381503720140973,Black ,4WD,21.0,29.0,Gasoline ,2.4,1.0,False
Toyota,2014,Used,61846.0,33875.0,4.9,Dark Charcoal ,4WD,17.0,20.0,Gasoline ,4.0,0.0,False
Chevrolet,2021,Used,19425.0,20500.0,4.2,Jet Black ,FWD,26.0,31.0,Gasoline ,1.5,0.0,True
Audi,2021,Used,23625.0,48880.0,4.7,Black ,AWD,20.59922502075837,28.0,Hybrid ,2.0,0.0,True
BMW,2015,Used,96190.0,48998.0,5.0,Black ,AWD,14.0,19.0,Gasoline ,4.4,0.0,False
McLaren,2022,Used,935.0,189800.0,4.7,BLUE ,RWD,15.0,22.0,Gasoline ,4.0,0.0,False
Chevrolet,2021,Used,15467.0,15795.0,4.1,Black ,FWD,24.0,32.0,Gasoline ,1.4,0.0,True
Honda,2018,Used,103231.0,15695.0,4.7,GRAY ,FWD,0.0,0.0,Hybrid ,1.5,1.0,True
BMW,2023,Certified,7138.0,48995.0,4.5,Mocha ,AWD,20.59922502075837,28.0,Hybrid ,2.0,0.0,True
Porsche,2023,Certified,818.0,259991.0,4.8,Black ,RWD,15.0,19.0,Gasoline ,4.0,0.0,True
Audi,2014,Used,57700.0,49000.0,4.381503720140973,Black ,AWD,20.59922502075837,28.0,Gasoline ,4.0,1.0,False
Toyota,2022,Used,21841.0,42500.0,4.6,Black ,AWD,20.59922502075837,28.0,Hybrid ,2.5,0.0,True
BMW,2023,Used,4366.0,50888.0,4.1,Beige ,AWD,20.59922502075837,28.0,Hybrid ,2.0,1.0,False
Cadillac,2021,Used,12706.0,28277.0,4.1,Light Platinum/Jet Black ,FWD,24.0,30.0,Gasoline ,2.0,0.0,True
Nissan,2023,New,27.0,63578.0,4.7,Black ,4WD,13.0,18.0,Gasoline ,5.6,0.0,others
Lexus,2020,Used,86986.0,31951.0,4.381503720140973,Gray ,AWD,18.0,25.0,Gasoline ,3.5,0.0,True
BMW,2018,Used,83306.0,30890.0,4.9,Mocha ,AWD,16.0,25.0,Gasoline ,4.4,0.0,False
Nissan,2019,Used,43895.0,23786.0,4.4,– ,AWD,20.0,28.0,Gasoline ,3.5,0.0,others
Kia,2017,Used,99378.0,12995.0,5.0,– ,AWD,21.0,25.0,Gasoline ,2.4,0.0,True
Cadillac,2019,Used,102318.0,26500.0,4.4,Dark Auburn ,AWD,18.0,26.0,Gasoline ,3.0,0.0,False
Porsche,2020,Certified,16388.0,127994.0,4.6,Black ,RWD,16.0,23.0,Gasoline ,4.0,0.0,False
Volvo,2018,Used,82454.0,20950.0,4.381503720140973,Charcoal ,AWD,23.0,32.0,Gasoline ,2.0,0.0,False
Subaru,2020,Used,43770.0,34888.0,4.8,Black ,AWD,16.0,22.0,Gasoline ,2.5,1.0,True
Rivian,2023,Used,5725.0,77472.0,4.7,Black Mountain ,AWD,20.59922502075837,28.0,Unknown,2.96465882923282,0.0,True
Rivian,2022,Used,18673.0,71972.0,4.7,Black Mountain ,AWD,20.59922502075837,28.0,Unknown,2.96465882923282,0.0,True
Honda,2018,Used,63773.0,20999.0,4.6,Black ,FWD,20.59922502075837,28.0,Hybrid ,1.5,0.0,False
Lexus,2017,Used,78817.0,28995.0,4.1,TAN ,RWD,16.0,24.0,Gasoline ,4.6,1.0,True
Lexus,2020,Used,39055.0,31157.0,4.0,Sport ,AWD,18.0,24.0,Gasoline ,3.5,0.0,True
BMW,2021,Used,23418.0,35999.0,4.8,Black ,AWD,23.0,32.0,Gasoline ,2.0,0.0,False
BMW,2023,Certified,14261.0,47991.0,4.7,Mocha ,AWD,20.59922502075837,28.0,Hybrid ,2.0,0.0,False
BMW,2020,Used,42763.0,44000.0,4.9,Black ,AWD,18.0,25.0,Gasoline ,4.4,1.0,False
Kia,2023,Used,19100.0,23979.0,4.8,Black ,FWD,25.0,32.0,Gasoline ,2.5,0.0,True
Lexus,2016,Used,33400.0,26988.0,4.9,Flaxen ,AWD,19.0,26.0,Gasoline ,3.5,0.0,False
Porsche,2023,Certified,7010.0,99000.0,4.9,Black ,RWD,19.0,24.0,Gasoline ,2.5,0.0,False
BMW,2023,Used,11753.0,51351.0,4.7,Black ,AWD,20.59922502075837,28.0,Hybrid ,2.0,0.0,False
Volkswagen,2014,Used,97038.0,10980.0,4.6,Titan Black ,FWD,29.0,39.0,Diesel ,2.0,1.0,False
BMW,2022,Used,15236.0,63700.0,4.9,Black ,AWD,17.0,25.0,Gasoline ,4.4,0.0,True
Ford,2016,Used,116359.0,14900.0,4.381503720140973,Other ,4WD,16.0,23.0,Gasoline ,3.5,0.0,True
Kia,2018,Used,90624.0,14945.0,4.2,Black ,AWD,0.0,0.0,Gasoline ,2.0,1.0,False
Lexus,2019,Used,35947.0,30555.0,4.3,Black ,AWD,19.0,0.0,Gasoline ,3.5,0.0,True
Lexus,2018,Used,49232.0,24400.0,4.381503720140973,Black ,RWD,22.0,32.0,Gasoline ,2.0,0.0,False
Mercedes-Benz,2016,Used,79580.0,34999.0,4.2,Black ,AWD,17.0,23.0,Gasoline ,3.0,0.0,False
Jeep,2020,Used,87713.0,18490.0,4.3,Black ,4WD,22.0,30.0,Gasoline ,2.4,1.0,True
Cadillac,2018,Used,74484.0,27950.0,4.5,Light Platinum ,AWD,18.0,27.0,Gasoline ,3.6,1.0,False
Buick,2019,Used,32729.0,27488.0,4.5,Shale ,AWD,17.0,25.0,Gasoline ,3.6,1.0,False
Jaguar,2020,Used,36890.0,28987.0,4.4,Ebony/Ebony ,AWD,21.0,27.0,Gasoline ,2.96465882923282,0.0,False
Volkswagen,2015,Used,82903.0,15905.0,4.381503720140973,Titan Black ,FWD,25.0,35.0,Gasoline ,1.8,0.0,False
BMW,2022,Used,9091.0,36998.0,4.381503720140973,Black ,RWD,20.59922502075837,28.0,Hybrid ,2.0,0.0,False
Volvo,2018,Used,115289.0,19500.0,4.381503720140973,Blond ,AWD,22.0,31.0,Gasoline ,2.0,0.0,False
Jeep,2021,Used,57860.0,20709.0,4.4,Black ,4WD,22.0,30.0,Gasoline ,2.4,0.0,True
Nissan,2014,Used,17860.0,92800.0,4.7,Red Amber ,AWD,16.0,23.0,Gasoline ,3.8,0.0,False
Volvo,2020,Used,21375.0,43475.0,4.9,Charcoal ,AWD,21.0,31.0,Gasoline ,2.0,1.0,True
Jeep,2020,Used,18209.0,22174.0,4.4,Black ,FWD,22.0,31.0,Gasoline ,2.4,0.0,True
Lexus,2019,Used,47511.0,38495.0,4.9,Gray ,AWD,18.0,25.0,Gasoline ,3.5,0.0,False
Kia,2018,Used,115886.0,16995.0,4.381503720140973,Black ,AWD,21.0,25.0,Gasoline ,2.4,0.0,False
Chevrolet,2019,Used,13219.0,24940.0,4.2,Jet Black ,FWD,20.0,26.0,Gasoline ,3.6,1.0,False
Mercedes-Benz,2020,Certified,18209.0,68999.0,4.7,Black ,AWD,16.0,22.0,Gasoline ,4.0,0.0,False
Cadillac,2018,Used,71582.0,29498.0,5.0,Brown ,AWD,18.0,26.0,Gasoline ,3.0,0.0,False
Lexus,2022,Used,36585.0,45450.0,4.8,Black ,AWD,18.0,25.0,Gasoline ,3.5,0.0,True
Volkswagen,2020,Used,38349.0,20350.0,4.8,– ,FWD,23.0,34.0,Gasoline ,2.0,0.0,False
Lexus,2017,Used,103707.0,21498.0,5.0,– ,AWD,19.0,26.0,Gasoline ,3.5,0.0,False
BMW,2021,Certified,23932.0,39980.0,4.7,Black ,AWD,20.59922502075837,28.0,Hybrid ,2.0,0.0,True
Rivian,2023,Used,2112.0,82580.0,4.7,Black Mountain ,AWD,20.59922502075837,28.0,Unknown,2.96465882923282,0.0,True
Volvo,2023,Certified,5743.0,54632.0,3.8,Charcoal ,AWD,23.0,32.0,Gasoline ,2.0,0.0,True
Lexus,2019,Used,99417.0,27995.0,4.7,Black ,AWD,18.0,25.0,Gasoline ,3.5,0.0,True
Cadillac,2018,Used,70885.0,26495.0,4.6,Black ,RWD,22.0,30.0,Gasoline ,2.0,1.0,False
BMW,2021,Certified,29194.0,40488.0,4.1,Black ,AWD,20.59922502075837,28.0,Hybrid ,2.0,0.0,True
Toyota,2022,Used,18033.0,23577.0,4.5,– ,FWD,31.0,33.0,Gasoline ,2.0,1.0,True
Honda,2018,Used,73350.0,16998.0,4.0,– ,FWD,30.0,38.0,Gasoline ,1.5,1.0,True
Mazda,2019,Used,22055.0,22495.0,4.8,Black ,FWD,23.0,31.0,Gasoline ,2.5,0.0,True
BMW,2023,Used,13979.0,89999.0,4.6,Ivory White ,AWD,16.0,21.0,Gasoline ,4.4,0.0,True
Mercedes-Benz,2018,Used,74000.0,40000.0,4.381503720140973,Black ,AWD,20.59922502075837,28.0,Gasoline ,4.0,0.0,False
Ford,2014,Used,108069.0,8595.0,4.381503720140973,Gray ,FWD,42.0,37.0,Hybrid ,2.0,0.0,False
Chevrolet,2023,Used,14729.0,22979.0,4.9,Medium Ash Gray ,FWD,26.0,31.0,Gasoline ,1.5,0.0,True
Nissan,2016,Used,72860.0,12997.0,4.9,Charcoal ,AWD,25.0,32.0,Gasoline ,2.5,1.0,False
BMW,2019,Used,24921.0,24491.0,4.2,Deka Dark ,RWD,20.59922502075837,28.0,Unknown,2.96465882923282,0.0,False
Nissan,2020,Used,31068.0,22499.0,4.5,Charcoal ,AWD,25.0,32.0,Gasoline ,2.5,0.0,False
Rivian,2023,Used,4127.0,72981.0,4.8,Ocean Coast ,AWD,20.59922502075837,28.0,Unknown,2.96465882923282,0.0,True
Nissan,2017,Used,104618.0,14291.0,4.2,Graphite ,FWD,21.0,28.0,Gasoline ,3.5,0.0,False
Toyota,2017,Used,165000.0,9999.0,4.381503720140973,Black ,FWD,20.59922502075837,28.0,Hybrid ,2.5,1.0,False
Chevrolet,2018,Used,80000.0,7998.0,4.381503720140973,Black ,FWD,20.59922502075837,28.0,Gasoline ,1.4,1.0,False
Toyota,2021,Used,21194.0,41745.0,5.0,– ,AWD,20.59922502075837,28.0,Hybrid ,2.5,0.0,False
BMW,2020,Used,59183.0,32782.0,4.7,Black ,AWD,21.0,27.0,Gasoline ,3.0,1.0,True
Land,2014,Used,98850.0,22995.0,5.0,Ebony ,4WD,14.0,19.0,Gasoline ,5.0,0.0,False
Ford,2017,Used,121619.0,13995.0,4.6,Black ,RWD,21.0,30.0,Gasoline ,2.3,1.0,False
Honda,2023,Used,6326.0,46914.0,3.9,Black / Red ,FWD,22.0,28.0,Gasoline ,2.0,0.0,True
Jaguar,2020,Used,28628.0,29995.0,4.1,Ebony / Ebony ,AWD,21.0,27.0,Gasoline ,2.0,0.0,True
Chevrolet,2021,Used,64035.0,17800.0,4.7,Jet Black ,FWD,26.0,31.0,Gasoline ,1.5,1.0,False
BMW,2019,Used,16296.0,42888.0,4.3,Mocha ,AWD,18.0,25.0,Gasoline ,4.4,1.0,False
Chevrolet,2019,Used,46748.0,25459.0,4.8,Jet Black ,AWD,18.0,25.0,Gasoline ,3.6,0.0,False
Jaguar,2020,Used,53224.0,23500.0,4.7,Ebony / Ebony ,AWD,21.0,28.0,Gasoline ,2.96465882923282,1.0,False
Audi,2020,Used,6778.0,41495.0,4.7,Black ,AWD,23.0,31.0,Gasoline ,2.0,0.0,False
Volkswagen,2021,Used,32433.0,31900.0,4.8,Titan Black ,AWD,20.0,24.0,Gasoline ,2.0,0.0,True
Porsche,2014,Used,86866.0,32995.0,4.1,Black ,RWD,20.0,30.0,Gasoline ,2.7,1.0,False
Rivian,2022,Used,31158.0,62333.0,4.1,– ,AWD,20.59922502075837,28.0,Unknown,2.96465882923282,0.0,True
Honda,2019,Used,28106.0,25600.0,4.1,Black ,FWD,28.0,38.0,Gasoline ,1.5,0.0,False
Jeep,2016,Used,82925.0,11647.0,4.5,Dark Slate Gray ,4WD,22.0,27.0,Gasoline ,2.4,0.0,False
Jeep,2021,Used,34590.0,26000.0,4.4,Black ,4WD,19.0,27.0,Gasoline ,3.2,0.0,True
Mercedes-Benz,2019,Used,120001.0,24991.0,4.8,– ,AWD,16.0,22.0,Gasoline ,3.0,0.0,False
Volkswagen,2014,Used,114214.0,7995.0,4.5,– ,FWD,24.0,34.0,Gasoline ,1.8,1.0,True
Kia,2017,Used,130705.0,10495.0,4.5,Black ,AWD,21.0,25.0,Gasoline ,2.4,1.0,False
BMW,2023,Used,8810.0,99800.0,4.7,Black ,AWD,13.0,18.0,Gasoline ,4.4,0.0,True
Lexus,2015,Used,71073.0,17950.0,4.9,Black ,FWD,43.0,40.0,Hybrid ,1.8,0.0,False
Alfa,2015,Used,34683.0,52800.0,4.7,Black ,RWD,24.0,34.0,Gasoline ,1.7,0.0,False
BMW,2023,Used,11837.0,48899.0,4.5,Black ,AWD,20.59922502075837,28.0,Hybrid ,2.0,0.0,False
Honda,2022,Used,15672.0,29299.0,4.6,Black / Red ,FWD,27.0,37.0,Gasoline ,1.5,0.0,True
Ford,2017,Used,15893.0,26995.0,4.381503720140973,Charcoal Black ,AWD,19.0,25.0,Gasoline ,2.3,0.0,others
Chevrolet,2021,Used,67594.0,27388.0,4.5,Jet Black ,AWD,19.0,26.0,Gasoline ,3.6,0.0,False
Chevrolet,2022,Used,30215.0,34795.0,4.4,Jet Black ,AWD,19.0,26.0,Gasoline ,3.6,0.0,True
Subaru,2018,Used,34230.0,31257.0,4.4,Black ,AWD,16.0,22.0,Gasoline ,2.5,0.0,False
Genesis,2023,Used,1139.0,88559.0,4.2,Black ,AWD,17.0,24.0,Gasoline ,3.5,0.0,True
Mazda,2021,Used,61644.0,20295.0,4.4,Black ,FWD,26.0,35.0,Gasoline ,2.5,1.0,True
GMC,2021,Used,18448.0,66529.0,4.5,Jet Black ,4WD,13.0,19.0,Gasoline ,6.2,0.0,others
Porsche,2023,Certified,495.0,99999.0,4.6,Black ,RWD,19.0,24.0,Gasoline ,2.5,0.0,True
Porsche,2022,Certified,7291.0,68994.0,4.6,Black ,RWD,20.0,26.0,Gasoline ,2.0,1.0,True
Nissan,2019,Used,17633.0,21900.0,4.7,Graphite ,AWD,20.0,28.0,Gasoline ,3.5,0.0,True
Mazda,2019,Used,26536.0,25637.0,4.7,Black ,FWD,26.0,35.0,Gasoline ,2.5,0.0,True
Mazda,2021,Used,14186.0,22412.0,4.1,Black ,FWD,26.0,35.0,Gasoline ,2.5,1.0,True
Rivian,2022,Used,20475.0,61961.0,4.7,Forest Edge ,AWD,20.59922502075837,28.0,Unknown,2.96465882923282,0.0,False
Honda,2023,Used,3642.0,29988.0,4.5,– ,FWD,27.0,37.0,Gasoline ,1.5,1.0,True
Mercedes-Benz,2018,Used,37124.0,75991.0,4.381503720140973,Porcelain/Black ,AWD,17.0,26.0,Gasoline ,4.0,1.0,False
Honda,2019,Used,45341.0,24998.0,4.8,Black ,FWD,28.0,38.0,Gasoline ,1.5,1.0,False
Mitsubishi,2020,Used,44571.0,16400.0,4.8,Black ,FWD,24.0,30.0,Gasoline ,2.0,0.0,False
Land,2015,Used,70436.0,24997.0,4.8,Ebony ,4WD,15.0,19.0,Gasoline ,3.0,1.0,True
Land,2021,Used,44345.0,50997.0,4.8,Acorn ,4WD,17.0,20.0,Gasoline ,2.0,1.0,True
Toyota,2023,Certified,20430.0,25998.0,4.4,Black ,FWD,31.0,33.0,Gasoline ,2.0,0.0,True
Jaguar,2020,Used,34123.0,25685.0,4.8,Lunar/Light Oyster ,AWD,21.0,28.0,Gasoline ,2.0,0.0,False
Honda,2022,Used,31484.0,30998.0,4.381503720140973,Red ,FWD,27.0,37.0,Gasoline ,1.5,0.0,False
Ford,2017,Used,93916.0,19499.0,4.4,Ebony Black w/Red Accent Stitching ,4WD,16.0,22.0,Gasoline ,3.5,1.0,True
Volvo,2021,Certified,36569.0,32989.0,4.7,Blond ,AWD,21.0,32.0,Gasoline ,2.0,0.0,True
INFINITI,2021,Certified,40170.0,35987.0,4.9,Graphite ,AWD,19.0,27.0,Gasoline ,3.0,0.0,True
McLaren,2016,Used,16500.0,215800.0,4.9,Black ,RWD,16.0,22.0,Gasoline ,3.8,0.0,False
Ford,2014,Used,92742.0,9700.0,4.381503720140973,Charcoal Black ,FWD,42.0,37.0,Hybrid ,2.0,1.0,True
Mazda,2014,Used,62388.0,8945.0,4.2,Black ,FWD,0.0,0.0,Gasoline ,1.5,1.0,False
Mazda,2016,Used,132866.0,9495.0,4.381503720140973,Sand ,FWD,26.0,38.0,Gasoline ,2.5,1.0,False
Land,2018,Used,68204.0,32982.0,4.3,Ebony/Ebony/Ebony/Ebony ,4WD,17.0,0.0,Gasoline ,3.0,0.0,others
Lincoln,2017,Used,73560.0,17500.0,4.381503720140973,Ebony ,FWD,21.0,28.0,Gasoline ,2.0,0.0,False
Volkswagen,2017,Used,82198.0,19888.0,4.3,Black Anthracite ,AWD,17.0,23.0,Gasoline ,3.6,0.0,False
Honda,2019,Used,8406.0,25994.0,4.6,– ,FWD,28.0,38.0,Gasoline ,1.5,0.0,False
Jaguar,2020,Used,48631.0,24595.0,4.3,Ebony / Ebony ,AWD,21.0,28.0,Gasoline ,2.96465882923282,0.0,True
BMW,2020,Used,45273.0,47249.0,4.3,Black ,AWD,14.0,19.0,Gasoline ,3.0,0.0,False
BMW,2015,Used,76351.0,22995.0,4.4,Black ,RWD,21.0,32.0,Gasoline ,3.0,0.0,True
Honda,2022,Certified,38205.0,27999.0,4.8,Black / Red ,FWD,27.0,37.0,Gasoline ,1.5,0.0,True
Honda,2020,Used,18800.0,26999.0,4.8,– ,FWD,26.0,36.0,Gasoline ,1.5,1.0,True
Jaguar,2020,Used,11476.0,28776.0,4.4,– ,AWD,21.0,28.0,Gasoline ,2.0,1.0,True
BMW,2019,Used,18792.0,27998.0,3.8,Black ,AWD,22.0,31.0,Gasoline ,2.0,0.0,others
Nissan,2023,Used,18768.0,25690.0,4.1,Sport ,FWD,27.0,37.0,Gasoline ,2.5,0.0,True
Mazda,2017,Used,73707.0,15750.0,4.381503720140973,Black ,FWD,26.0,35.0,Gasoline ,2.5,1.0,False
Nissan,2021,Used,62185.0,16000.0,4.4,Graphite ,FWD,32.0,40.0,Gasoline ,1.6,1.0,True
Audi,2016,Used,47302.0,26880.0,4.7,– ,AWD,23.0,30.0,Gasoline ,2.0,1.0,False
Audi,2019,Used,40112.0,29450.0,4.9,Black ,AWD,22.0,27.0,Gasoline ,2.0,0.0,True
Land,2017,Used,79850.0,26950.0,4.9,– ,4WD,17.0,23.0,Gasoline ,3.0,1.0,False
Volvo,2016,Used,74584.0,19995.0,4.9,Off-Black ,AWD,19.0,26.0,Gasoline ,2.5,1.0,False
Rivian,2022,Used,21924.0,61371.0,4.1,Black Mountain ,AWD,20.59922502075837,28.0,Unknown,2.96465882923282,0.0,True
Mazda,2020,Used,33560.0,23995.0,4.6,Black ,AWD,25.0,32.0,Gasoline ,2.5,1.0,True
Toyota,2021,Used,18516.0,26000.0,4.2,Black ,FWD,22.0,32.0,Gasoline ,3.5,1.0,False
Honda,2020,Used,23971.0,27995.0,4.2,Black ,AWD,27.0,32.0,Gasoline ,1.5,0.0,True
Nissan,2021,Used,60722.0,15777.0,4.0,Graphite ,FWD,32.0,40.0,Gasoline ,1.6,1.0,True
Mercedes-Benz,2019,Used,60970.0,82499.0,3.8,Black ,AWD,17.0,27.0,Gasoline ,2.96465882923282,0.0,True
Audi,2018,Used,38569.0,37166.0,4.381503720140973,– ,AWD,16.0,24.0,Gasoline ,4.0,1.0,False
Audi,2022,Used,10405.0,99972.0,4.7,Black ,AWD,15.0,22.0,Gasoline ,4.0,0.0,False
Mazda,2017,Used,50000.0,14800.0,4.381503720140973,Black ,FWD,20.59922502075837,28.0,Gasoline ,2.5,0.0,False
BMW,2020,Used,76256.0,27995.0,4.1,Black ,RWD,19.0,30.0,Gasoline ,3.0,1.0,True
Hyundai,2021,Used,70299.0,17575.0,4.4,Black ,FWD,27.0,37.0,Gasoline ,2.5,0.0,False
Subaru,2020,Certified,14161.0,31953.0,4.9,Desert Beige ,AWD,20.59922502075837,28.0,Hybrid ,2.0,0.0,True
Rivian,2023,Used,7064.0,70000.0,4.9,Ocean Coast ,AWD,20.59922502075837,28.0,Unknown,2.96465882923282,0.0,True
Mercedes-Benz,2020,Used,55900.0,45995.0,4.381503720140973,Black ,AWD,28.0,28.0,Gasoline ,3.0,0.0,False
Kia,2014,Used,78869.0,11990.0,4.4,Black ,FWD,20.0,26.0,Gasoline ,2.4,0.0,False
Audi,2021,Used,50624.0,54912.0,4.9,Black ,AWD,15.0,21.0,Gasoline ,4.0,0.0,False
BMW,2018,Used,41079.0,34500.0,3.9,Night Blue ,AWD,16.0,25.0,Gasoline ,4.4,1.0,False
Cadillac,2014,Used,79319.0,15850.0,4.5,Medium Titanium / Jet Black ,FWD,18.0,28.0,Gasoline ,3.6,0.0,False
Chevrolet,2014,Used,24372.0,41990.0,4.8,Jet Black ,RWD,16.0,28.0,Gasoline ,6.2,1.0,False
Hyundai,2019,Used,51469.0,16790.0,4.8,Black ,FWD,26.0,35.0,Gasoline ,2.4,0.0,False
Nissan,2014,Used,28024.0,26995.0,4.4,Black ,RWD,18.0,26.0,Gasoline ,3.7,1.0,False
Audi,2017,Used,71537.0,22895.0,4.5,Black ,AWD,23.0,30.0,Gasoline ,2.0,0.0,False
Subaru,2017,Used,62575.0,28495.0,4.1,Black ,AWD,17.0,23.0,Gasoline ,2.5,0.0,True
Buick,2020,Used,20414.0,26998.0,4.381503720140973,Ebony ,AWD,20.0,25.0,Gasoline ,2.0,0.0,others
Volkswagen,2018,Used,69236.0,15988.0,4.9,Titan Black ,FWD,25.0,36.0,Gasoline ,2.0,1.0,False
Lexus,2022,Used,44152.0,42977.0,4.9,Beige ,AWD,18.0,25.0,Gasoline ,3.5,0.0,True
Lexus,2020,Used,62944.0,38495.0,4.9,Black ,AWD,18.0,25.0,Gasoline ,3.5,0.0,True
Lexus,2021,Used,16121.0,40495.0,4.9,Rioja ,AWD,19.0,26.0,Gasoline ,3.5,1.0,True
Lamborghini,2022,Used,2801.0,329895.0,4.381503720140973,Arancio Leonis ,AWD,20.59922502075837,28.0,Gasoline ,5.2,0.0,True
BMW,2023,Used,13212.0,49875.0,4.9,Cognac ,AWD,23.0,32.0,Gasoline ,3.0,0.0,False
Lincoln,2017,Used,73246.0,16998.0,5.0,Black ,AWD,19.0,25.0,Gasoline ,2.0,1.0,False
Rivian,2022,Used,28970.0,61451.0,4.2,Black Mountain ,AWD,20.59922502075837,28.0,Unknown,2.96465882923282,0.0,True
Mercedes-Benz,2022,Certified,3573.0,76999.0,4.7,Black ,AWD,20.59922502075837,28.0,Gasoline ,3.0,0.0,True
Mercedes-Benz,2017,Used,46469.0,36999.0,4.7,Black ,AWD,18.0,25.0,Gasoline ,3.0,1.0,False
Mercedes-Benz,2015,Used,71183.0,12995.0,4.381503720140973,Tan ,RWD,23.0,33.0,Gasoline ,1.8,1.0,False
Buick,2021,Used,25002.0,29747.0,4.6,Ebony Seats ,AWD,22.0,29.0,Gasoline ,2.0,0.0,True
Porsche,2020,Certified,41876.0,59991.0,4.8,Black ,AWD,20.59922502075837,28.0,Hybrid ,3.0,0.0,False
Mazda,2023,New,10.0,35959.0,4.8,Black ,RWD,26.0,35.0,Gasoline ,2.0,0.0,others
Jeep,2021,Used,36383.0,32491.0,4.8,Beige / Black ,4WD,18.0,25.0,Gasoline ,3.6,0.0,True
GMC,2023,Used,18847.0,39989.0,4.8,Jet Black ,others,22.0,22.0,Gasoline ,2.0,0.0,False
BMW,2014,Used,119849.0,13999.0,4.3,Beige ,AWD,26.0,37.0,Diesel ,3.0,0.0,False
Chevrolet,2015,Used,135079.0,9991.0,5.0,Medium Pewter ,FWD,24.0,26.0,Gasoline ,2.0,1.0,True
Audi,2016,Used,109106.0,26995.0,3.7,Black ,AWD,17.0,27.0,Gasoline ,4.0,0.0,True
Toyota,2015,Used,62567.0,13980.0,4.6,Gray ,FWD,53.0,46.0,Gasoline ,1.5,0.0,False
BMW,2017,Used,92171.0,17925.0,3.9,Coral Red / Black ,AWD,30.0,40.0,Diesel ,2.0,0.0,False
Lamborghini,2020,Used,18120.0,269841.0,4.381503720140973,Nero Ade ,AWD,13.0,18.0,Gasoline ,5.2,0.0,False
Nissan,2016,Used,70533.0,19995.0,4.381503720140973,Black ,RWD,20.59922502075837,28.0,Gasoline ,3.7,1.0,False
Toyota,2018,Certified,17799.0,28499.0,4.6,Light Gray ,FWD,21.0,30.0,Gasoline ,3.5,0.0,False
Lamborghini,2020,Used,8203.0,239800.0,4.7,Orange ,RWD,13.0,18.0,Gasoline ,5.2,1.0,True
Nissan,2016,Used,4731.0,44800.0,4.7,Gray ,RWD,18.0,26.0,Gasoline ,3.7,0.0,False
GMC,2021,Used,35999.0,26800.0,4.8,Jet Black ,AWD,19.0,26.0,Gasoline ,3.6,0.0,True
Chevrolet,2018,Used,95038.0,23500.0,4.4,Cocoa / Dune ,4WD,17.0,22.0,Gasoline ,5.3,1.0,True
Nissan,2020,Used,60801.0,16976.0,4.4,Charcoal ,FWD,28.0,39.0,Gasoline ,2.5,0.0,True
Lexus,2021,Used,62655.0,66777.0,4.9,Ocher ,4WD,12.0,16.0,Gasoline ,5.7,0.0,True
Nissan,2022,Used,44503.0,18822.0,4.4,Charcoal ,FWD,28.0,39.0,Gasoline ,2.5,0.0,True
Lexus,2022,Used,6688.0,87777.0,4.9,Black w/Lapis & Blue Carbon ,RWD,16.0,24.0,Gasoline ,5.0,0.0,True
Cadillac,2016,Used,5103.0,47800.0,4.7,Jet Black ,RWD,16.0,24.0,Gasoline ,3.6,0.0,False
Ferrari,2020,Used,1035.0,375800.0,4.7,Nero ,RWD,15.0,19.0,Gasoline ,3.9,0.0,False
Toyota,2015,Used,100594.0,14500.0,4.4,Black ,FWD,53.0,46.0,Hybrid ,1.5,1.0,True
Honda,2021,Used,26023.0,37995.0,4.381503720140973,Black/Red ,FWD,22.0,28.0,Gasoline ,2.0,1.0,True
Porsche,2016,Used,99727.0,19995.0,4.7,TAN ,AWD,0.0,0.0,Hybrid ,3.0,0.0,False
Toyota,2019,Used,36857.0,15336.0,4.1,Gray ,FWD,32.0,40.0,Gasoline ,1.5,0.0,True
Cadillac,2020,Used,24643.0,29997.0,4.1,Black ,AWD,21.0,26.0,Gasoline ,2.0,0.0,True
Cadillac,2019,Used,35569.0,43995.0,4.6,Black ,AWD,18.0,26.0,Gasoline ,3.0,1.0,False
Kia,2023,Used,12645.0,23495.0,4.7,Black ,AWD,27.0,31.0,Gasoline ,2.0,0.0,others
Porsche,2015,Used,49166.0,65994.0,4.8,Black ,RWD,19.0,26.0,Gasoline ,3.4,0.0,False
RAM,2017,Used,48636.0,45995.0,4.2,Gray ,FWD,0.0,0.0,Gasoline ,3.6,0.0,False
Audi,2023,Used,5866.0,54444.0,4.1,Black ,AWD,19.0,25.0,Gasoline ,2.0,0.0,True
Audi,2020,Used,21869.0,49170.0,4.1,Arras Red ,AWD,18.0,28.0,Gasoline ,2.9,0.0,True
Kia,2019,Used,105248.0,9995.0,4.381503720140973,Black ,FWD,27.0,37.0,Gasoline ,2.0,0.0,True
Toyota,2023,Used,5613.0,30888.0,4.5,Blk Synthetic Lth ,AWD,29.0,32.0,Gasoline ,2.0,0.0,True
Acura,2015,Used,64320.0,20699.0,4.381503720140973,Black ,FWD,20.0,31.0,Gasoline ,3.5,0.0,False
BMW,2015,Used,43781.0,12979.0,4.2,Tera Dalbergia Brown ,RWD,20.59922502075837,28.0,Unknown,2.96465882923282,0.0,False
Toyota,2021,Used,63139.0,22000.0,4.3,– ,FWD,22.0,32.0,Gasoline ,3.5,1.0,False
Lexus,2019,Used,66475.0,29872.0,4.6,– ,AWD,18.0,25.0,Gasoline ,3.5,0.0,True
Porsche,2014,Certified,64104.0,99790.0,4.7,Umber ,AWD,17.0,24.0,Gasoline ,3.8,0.0,False
Acura,2021,Used,40358.0,27626.0,4.6,Parchment ,AWD,21.0,29.0,Gasoline ,2.0,0.0,True
RAM,2020,Used,50264.0,27995.0,4.4,Black ,FWD,20.59922502075837,28.0,Gasoline ,3.6,0.0,True
Buick,2021,Certified,64199.0,17975.0,4.9,Ebony ,FWD,25.0,30.0,Gasoline ,1.4,0.0,True
Ford,2022,Used,30081.0,24995.0,4.6,Ebony ,AWD,23.0,31.0,Gasoline ,2.0,0.0,True
Jaguar,2018,Used,43974.0,37095.0,4.3,Ivory / Ebony ,AWD,17.0,25.0,Gasoline ,3.0,0.0,False
Audi,2020,Used,44790.0,24990.0,4.6,Black ,AWD,24.0,32.0,Gasoline ,2.0,1.0,True
Chevrolet,2023,Used,2230.0,74000.0,4.5,Jet Black ,RWD,16.0,24.0,Gasoline ,6.2,0.0,True
Cadillac,2021,Used,39425.0,79210.0,4.4,Jet Black ,4WD,14.0,19.0,Gasoline ,6.2,1.0,False
Mazda,2020,Used,81565.0,19895.0,4.381503720140973,Black ,AWD,24.0,30.0,Gasoline ,2.5,1.0,False
Chevrolet,2016,Used,171140.0,17499.0,4.4,Black ,4WD,16.0,22.0,Gasoline ,5.3,1.0,True
Nissan,2017,Used,104815.0,12999.0,4.381503720140973,Gray ,FWD,24.0,26.0,Gasoline ,2.0,0.0,True
Dodge,2020,Used,3060.0,51888.0,4.3,Black ,RWD,14.0,23.0,Gasoline ,6.4,0.0,False
Audi,2015,Used,110678.0,17995.0,4.1,Black ,AWD,18.0,28.0,Gasoline ,3.0,1.0,True
Chevrolet,2021,Used,18604.0,20998.0,4.381503720140973,Black ,FWD,24.0,32.0,Gasoline ,1.4,1.0,True
Jeep,2018,Used,100891.0,13500.0,4.4,Black ,FWD,23.0,32.0,Gasoline ,2.4,0.0,False
Mazda,2019,Used,53927.0,24900.0,3.9,Black ,AWD,20.0,26.0,Gasoline ,2.5,1.0,False
Toyota,2023,Used,6022.0,34995.0,4.1,Black ,RWD,21.0,31.0,Gasoline ,2.4,0.0,True
Dodge,2019,Used,66052.0,43850.0,3.7,Black ,AWD,13.0,19.0,Gasoline ,2.96465882923282,0.0,True
GMC,2017,Used,48692.0,20487.0,4.6,Jet Black ,AWD,21.0,26.0,Gasoline ,2.5,1.0,False
Subaru,2022,Used,28837.0,25145.0,4.3,Black ,AWD,24.0,32.0,Gasoline ,2.4,1.0,True
Ford,2021,Used,36469.0,47175.0,4.5,Ebony ,4WD,16.0,21.0,Gasoline ,3.5,0.0,True
Jeep,2023,New,48.0,59971.0,4.3,Global Black ,4WD,20.59922502075837,28.0,Hybrid ,2.0,0.0,others
Acura,2021,Used,20209.0,32550.0,4.5,Ebony ,FWD,22.0,30.0,Gasoline ,2.0,0.0,True
Jeep,2023,New,5893.0,52750.0,3.7,Wicker Beige/Black ,4WD,0.0,0.0,Hybrid ,2.96465882923282,0.0,others
Honda,2020,Used,79629.0,24723.0,4.4,Mocha ,FWD,19.0,28.0,Gasoline ,3.5,1.0,True
Cadillac,2019,Used,59219.0,23550.0,4.5,Black ,AWD,22.0,29.0,Gasoline ,2.0,0.0,True
Hyundai,2021,Used,18558.0,29750.0,4.381503720140973,Gray ,AWD,21.0,28.0,Gasoline ,2.5,0.0,True
Ford,2023,Used,17915.0,24977.0,4.9,Ebony ,AWD,26.0,32.0,Gasoline ,1.5,0.0,True
Subaru,2021,Used,31724.0,30500.0,4.381503720140973,Black ,AWD,20.0,26.0,Gasoline ,2.4,0.0,True
Kia,2023,New,5836.0,20648.0,4.5,Black ,FWD,29.0,35.0,Gasoline ,2.0,0.0,others
Mercedes-Benz,2018,Used,49661.0,39972.0,4.7,Black ,AWD,17.0,27.0,Gasoline ,4.0,1.0,False
Honda,2022,Certified,9075.0,30633.0,4.5,Gray ,AWD,27.0,32.0,Gasoline ,1.5,0.0,True
Ford,2018,Used,83520.0,26995.0,4.381503720140973,Gray ,RWD,0.0,0.0,Gasoline ,3.7,0.0,False
Dodge,2014,Used,161407.0,13999.0,4.3,Black ,AWD,0.0,0.0,Gasoline ,3.6,0.0,False
Chrysler,2017,Used,111832.0,16500.0,4.4,Cognac / Alloy / Toffee ,FWD,19.0,28.0,Gasoline ,3.6,0.0,True
Honda,2015,Used,158522.0,12982.0,4.3,Gray ,FWD,19.0,0.0,Gasoline ,3.5,1.0,True
Jeep,2022,New,51.0,54991.0,4.5,– ,4WD,20.59922502075837,28.0,Hybrid ,2.0,0.0,others
Chrysler,2020,Used,80517.0,19995.0,4.2,Cognac ,FWD,19.0,28.0,Gasoline ,3.6,0.0,True
Volkswagen,2023,Certified,12564.0,26377.0,4.2,Black ,AWD,25.0,32.0,Gasoline ,1.5,1.0,True
Audi,2020,Used,16159.0,49880.0,4.9,Black ,AWD,20.0,26.0,Gasoline ,3.0,0.0,True
Hyundai,2020,Used,35113.0,22900.0,4.1,Gray ,FWD,30.0,40.0,Gasoline ,2.0,1.0,True
Jeep,2023,Used,12477.0,50999.0,5.0,Black ,4WD,17.0,23.0,Gasoline ,3.6,0.0,True
Ford,2020,Used,31077.0,23995.0,4.8,Ebony Black ,AWD,43.0,37.0,Hybrid ,2.5,0.0,True
Toyota,2023,Used,3399.0,28500.0,4.2,Black ,RWD,20.0,23.0,Gasoline ,2.7,0.0,True
BMW,2021,Used,29245.0,25195.0,4.5,Black ,AWD,23.0,31.0,Gasoline ,2.0,1.0,True
Dodge,2019,Used,59595.0,20477.0,4.1,Black ,RWD,19.0,30.0,Gasoline ,3.6,0.0,False
Hyundai,2017,Used,109340.0,7700.0,5.0,Gray ,FWD,26.0,0.0,Gasoline ,1.6,0.0,False
BMW,2020,Used,28545.0,55991.0,4.381503720140973,Black w/Blue Stitching ,RWD,17.0,25.0,Gasoline ,3.0,0.0,False
Acura,2019,Used,55685.0,30989.0,4.6,Red ,AWD,19.0,25.0,Gasoline ,3.5,0.0,False
Chevrolet,2021,Used,63396.0,16000.0,4.7,Jet Black ,AWD,23.0,30.0,Gasoline ,1.4,1.0,True
Aston,2019,Used,6216.0,168177.0,4.9,Obsidian Black ,RWD,14.0,21.0,Gasoline ,6.0,0.0,False
Lexus,2019,Used,60299.0,30495.0,4.9,Chateau ,FWD,22.0,31.0,Gasoline ,3.5,1.0,False
Lincoln,2016,Used,65888.0,21500.0,4.3,Ebony ,AWD,16.0,23.0,Gasoline ,3.7,0.0,False
Lincoln,2018,Used,51673.0,33900.0,4.1,– ,AWD,17.0,25.0,Gasoline ,3.0,0.0,False
Ford,2023,New,10.0,73135.0,4.9,Black ,AWD,20.59922502075837,28.0,Unknown,2.96465882923282,0.0,others
Volkswagen,2016,Used,55972.0,25455.0,4.3,Black ,AWD,17.0,23.0,Gasoline ,3.6,0.0,False
Cadillac,2021,Used,38722.0,35695.0,4.5,Black ,AWD,18.0,25.0,Gasoline ,3.6,0.0,True
Jeep,2018,Certified,58979.0,16406.0,4.8,Black ,FWD,24.0,31.0,Gasoline ,2.4,0.0,True
Cadillac,2021,Used,31956.0,35989.0,4.381503720140973,Cirrus ,AWD,21.0,27.0,Gasoline ,3.6,0.0,True
Chevrolet,2019,Used,36622.0,49991.0,4.7,Kalahari ,RWD,16.0,25.0,Gasoline ,6.2,1.0,False
Jeep,2021,Used,49084.0,38400.0,4.381503720140973,Black ,4WD,21.0,24.0,Gasoline ,2.0,0.0,True
Nissan,2021,Used,51026.0,17995.0,4.1,Charcoal ,AWD,25.0,32.0,Gasoline ,2.5,1.0,True
Genesis,2023,Used,3193.0,45025.0,4.2,Obsidian Black ,AWD,17.0,26.0,Gasoline ,3.3,1.0,False
Chrysler,2022,Used,48097.0,27613.0,4.8,Black ,FWD,20.59922502075837,28.0,Gasoline ,3.6,1.0,False
Jeep,2022,Used,8077.0,69980.0,4.4,Global Black ,4WD,13.0,18.0,Gasoline ,6.4,0.0,others
Honda,2019,Used,40147.0,32337.0,4.381503720140973,– ,FWD,19.0,28.0,Gasoline ,3.5,1.0,False
INFINITI,2023,New,10.0,53686.0,4.9,Stone ,AWD,22.0,28.0,Gasoline ,2.0,0.0,others
Ford,2014,Used,85322.0,7500.0,4.381503720140973,Charcoal Black ,FWD,22.0,31.0,Gasoline ,2.5,0.0,True
Chevrolet,2021,Used,71440.0,20875.0,4.381503720140973,Jet Black ,FWD,22.0,29.0,Gasoline ,3.6,0.0,False
Tesla,2020,Used,56484.0,42972.0,4.7,Black ,AWD,20.59922502075837,28.0,Unknown,2.96465882923282,0.0,True
Honda,2014,Used,114743.0,14495.0,4.7,Beige ,FWD,19.0,28.0,Gasoline ,3.5,0.0,False
Ford,2016,Used,109982.0,10945.0,4.2,Charcoal Black ,4WD,0.0,0.0,Gasoline ,1.6,1.0,True
Lincoln,2017,Used,30777.0,23590.0,4.3,Ebony ,AWD,19.0,25.0,Gasoline ,2.3,0.0,False
Kia,2016,Used,63364.0,15125.0,4.1,Alpine Gray ,FWD,21.0,28.0,Gasoline ,2.4,0.0,True
Acura,2021,Used,19016.0,27990.0,4.4,Parchment ,FWD,22.0,31.0,Gasoline ,2.0,0.0,False
Volvo,2019,Used,38375.0,33888.0,4.5,Charcoal ,AWD,20.59922502075837,28.0,Hybrid ,2.0,0.0,False
Ford,2019,Used,55786.0,16301.0,4.9,Charcoal Black ,4WD,22.0,28.0,Gasoline ,1.5,1.0,False
Nissan,2018,Used,103825.0,18900.0,4.1,Charcoal ,FWD,26.0,33.0,Gasoline ,2.5,0.0,False
Ford,2021,Used,28205.0,33294.0,4.9,Ebony With Light Slate Uppers ,4WD,20.0,27.0,Gasoline ,2.3,0.0,True
Cadillac,2021,Used,47635.0,28300.0,4.1,Black ,AWD,22.0,29.0,Gasoline ,2.0,0.0,False
Rolls-Royce,2017,Used,15083.0,198800.0,4.381503720140973,Black ,RWD,12.0,19.0,Gasoline ,6.6,0.0,False
Mercedes-Benz,2019,Certified,25220.0,43594.0,4.8,Black ,AWD,19.0,26.0,Gasoline ,3.0,0.0,False
Tesla,2022,Used,58543.0,21850.0,4.9,– ,RWD,20.59922502075837,28.0,Unknown,2.96465882923282,1.0,True
Lexus,2018,Used,10147.0,69855.0,4.3,Black ,RWD,16.0,26.0,Gasoline ,5.0,0.0,True
Volkswagen,2019,Certified,48290.0,25750.0,4.6,– ,AWD,21.0,30.0,Gasoline ,1.8,0.0,True
Lincoln,2023,New,10.0,40697.0,4.3,Ebony ,FWD,22.0,30.0,Gasoline ,2.0,0.0,others
Honda,2017,Used,109658.0,20567.0,4.1,Black ,AWD,18.0,26.0,Gasoline ,3.5,1.0,True
Dodge,2021,Used,44624.0,30895.0,4.9,Black ,AWD,18.0,25.0,Gasoline ,3.6,1.0,True
Honda,2021,Used,18055.0,27699.0,4.7,– ,AWD,27.0,32.0,Gasoline ,2.96465882923282,1.0,True
Ford,2020,Used,46011.0,26500.0,4.6,EBONY LTHR-TRM POWER SEATS ,RWD,20.0,28.0,Gasoline ,2.3,0.0,True
Chevrolet,2019,Certified,43676.0,26971.0,4.6,Black ,AWD,17.0,25.0,Gasoline ,3.6,0.0,False
INFINITI,2021,Used,56250.0,39972.0,4.7,Graphite ,4WD,13.0,19.0,Gasoline ,5.6,1.0,False
Ford,2021,Used,81767.0,24895.0,4.381503720140973,Beige Leather ,RWD,21.0,28.0,Gasoline ,2.3,0.0,True
Tesla,2023,Used,24267.0,27834.0,4.381503720140973,Black ,RWD,20.59922502075837,28.0,Unknown,2.96465882923282,0.0,True
BMW,2022,Certified,4727.0,41995.0,4.5,Cognac ,AWD,21.0,28.0,Gasoline ,2.0,0.0,True
Ford,2020,Used,58607.0,25636.0,4.4,Ebony ,4WD,20.0,27.0,Gasoline ,2.3,0.0,False
Toyota,2017,Certified,74985.0,13800.0,4.9,AZ70 ,others,20.59922502075837,28.0,Gasoline ,1.5,1.0,False
Ford,2014,Used,120090.0,13995.0,4.381503720140973,Black ,4WD,17.0,23.0,Gasoline ,3.5,1.0,False
Nissan,2017,Used,92738.0,14000.0,4.4,Charcoal ,AWD,25.0,32.0,Gasoline ,2.5,1.0,False
Mercedes-Benz,2022,Used,22915.0,51999.0,4.7,Black ,RWD,20.59922502075837,28.0,Diesel ,2.0,0.0,True
Honda,2015,Used,84740.0,13995.0,4.6,Truffle ,FWD,19.0,28.0,Gasoline ,3.5,1.0,False
Honda,2020,Used,79562.0,24980.0,4.6,Black ,AWD,40.0,35.0,Hybrid ,2.0,1.0,False
BMW,2014,Used,120000.0,12900.0,4.381503720140973,Black ,RWD,20.59922502075837,28.0,Gasoline ,4.4,1.0,False
Nissan,2019,Used,96879.0,14975.0,4.9,Gray ,FWD,24.0,26.0,Gasoline ,2.0,0.0,True
Cadillac,2017,Used,54282.0,38990.0,3.8,Shale ,4WD,15.0,20.0,Gasoline ,6.2,1.0,False
Chevrolet,2015,Used,103445.0,10250.0,4.4,Jet Black ,AWD,24.0,31.0,Gasoline ,1.4,1.0,False
Chevrolet,2019,Used,94756.0,21495.0,4.7,GRAY ,RWD,0.0,0.0,E85 Flex Fuel ,4.3,0.0,False
Nissan,2023,New,2.0,50796.0,4.7,Light Gray ,AWD,20.59922502075837,28.0,Unknown,2.96465882923282,0.0,others
BMW,2022,Used,14178.0,79972.0,4.7,Sakhir Orange/Black ,AWD,13.0,18.0,Gasoline ,4.4,1.0,True
Honda,2021,Used,36024.0,22999.0,4.381503720140973,Black ,FWD,29.0,37.0,Gasoline ,2.0,1.0,False
Audi,2018,Used,15330.0,56995.0,4.4,Black / Red ,AWD,19.0,29.0,Gasoline ,2.5,0.0,False
Chevrolet,2022,Used,42377.0,50000.0,4.5,Black ,4WD,0.0,0.0,Diesel ,6.6,0.0,False
Honda,2021,Used,30319.0,23995.0,4.2,Black ,AWD,27.0,32.0,Gasoline ,1.5,1.0,True
Chevrolet,2021,Certified,28956.0,26150.0,4.6,Jet Black ,FWD,18.0,27.0,Gasoline ,3.6,0.0,True
Chevrolet,2021,Certified,48586.0,46971.0,4.6,Jet Black ,4WD,15.0,19.0,Gasoline ,5.3,0.0,True
Chevrolet,2019,Used,9188.0,74900.0,4.381503720140973,Jet Black ,RWD,0.0,0.0,Gasoline ,6.2,0.0,True
Ford,2014,Used,80163.0,14995.0,5.0,Gray ,RWD,13.0,16.0,E85 Flex Fuel ,4.6,1.0,False
Cadillac,2014,Used,131038.0,12591.0,4.4,Black ,AWD,16.0,24.0,Gasoline ,3.6,0.0,False
Ford,2022,Used,8808.0,27998.0,4.381503720140973,Black ,AWD,23.0,31.0,Gasoline ,1.5,0.0,True
Ford,2022,Used,15749.0,76995.0,4.6,Black Onyx ,4WD,15.0,16.0,Gasoline ,3.0,0.0,False
Toyota,2018,Used,113554.0,20598.0,4.5,Black ,FWD,19.0,27.0,Gasoline ,3.5,1.0,False
Kia,2019,Used,28023.0,19998.0,4.381503720140973,Gray ,AWD,21.0,25.0,Gasoline ,2.4,1.0,False
Ford,2015,Used,47484.0,21900.0,4.3,Ebony ,RWD,17.0,28.0,Gasoline ,3.7,0.0,False
Chevrolet,2021,Used,15134.0,28495.0,4.5,Jet Black ,AWD,22.0,27.0,Gasoline ,3.6,0.0,False
Chevrolet,2017,Used,81377.0,19073.0,4.6,Jet Black ,RWD,20.0,30.0,Gasoline ,2.0,1.0,False
Chrysler,2021,Certified,70834.0,29880.0,4.8,Black ,AWD,17.0,25.0,Gasoline ,3.6,0.0,True
Jeep,2022,New,133.0,59995.0,4.3,Steel Gray ,4WD,20.59922502075837,28.0,Hybrid ,2.0,0.0,others
Genesis,2023,New,3990.0,88560.0,4.1,Urban Brown/Glacier White ,AWD,17.0,24.0,Gasoline ,3.5,0.0,others
Jeep,2017,Used,68410.0,15895.0,4.381503720140973,Black Cloth ,FWD,22.0,30.0,Gasoline ,2.4,0.0,False
Chevrolet,2018,Used,35318.0,17700.0,4.2,Jet Black ,FWD,26.0,32.0,Gasoline ,1.5,0.0,False
Mazda,2019,Used,25463.0,21495.0,4.8,Black ,FWD,29.0,34.0,Gasoline ,2.0,0.0,True
Ford,2018,Used,134925.0,13895.0,4.381503720140973,Black ,FWD,0.0,0.0,Gasoline ,2.5,0.0,True
BMW,2020,Used,45209.0,38946.0,4.7,Black ,AWD,20.0,26.0,Gasoline ,3.0,0.0,False
Nissan,2022,Used,18286.0,24989.0,4.6,Charcoal ,AWD,24.0,30.0,Gasoline ,2.0,0.0,True
Chevrolet,2021,Used,71495.0,39789.0,4.4,Jet Black ,4WD,15.0,19.0,Gasoline ,5.3,0.0,False
Toyota,2021,Used,48611.0,34998.0,4.381503720140973,Black ,AWD,41.0,38.0,Hybrid ,2.5,0.0,True
Cadillac,2016,Used,62513.0,23950.0,4.381503720140973,Light Neutral w/Jet Black Accents ,AWD,18.0,27.0,Gasoline ,3.6,1.0,False
Ford,2023,New,10.0,53145.0,4.7,Dark Palazzo Gray ,RWD,20.59922502075837,28.0,E85 Flex Fuel ,3.5,0.0,others
Chrysler,2019,Used,97196.0,18701.0,4.9,Black ,FWD,19.0,28.0,Gasoline ,3.6,1.0,True
Cadillac,2021,Used,53503.0,37995.0,4.6,Black ,AWD,18.0,25.0,Gasoline ,3.6,0.0,True
Jeep,2017,Used,96103.0,22790.0,4.7,Black ,4WD,16.0,20.0,Gasoline ,3.6,1.0,True
Mercedes-Benz,2022,Used,9086.0,69493.0,4.7,Macchiato Beige ,AWD,18.0,24.0,Gasoline ,3.0,0.0,True
Honda,2023,Certified,8070.0,45997.0,3.8,Black ,FWD,19.0,28.0,Gasoline ,2.96465882923282,0.0,True
Chevrolet,2021,Certified,31027.0,38988.0,4.9,Jet Black ,AWD,17.0,25.0,Gasoline ,3.6,1.0,True
Nissan,2022,Used,29792.0,26480.0,4.7,Charcoal ,FWD,30.0,37.0,Gasoline ,1.5,0.0,True
Dodge,2021,Used,51250.0,34995.0,4.6,Black ,AWD,14.0,22.0,Gasoline ,5.7,0.0,False
Chevrolet,2023,Used,20019.0,22264.0,4.8,Medium Ash Gray ,FWD,26.0,31.0,Gasoline ,1.5,0.0,True
Dodge,2020,Used,34025.0,39998.0,4.381503720140973,Black ,AWD,14.0,22.0,Gasoline ,5.7,0.0,True
Volkswagen,2023,Used,8707.0,26949.0,4.4,– ,FWD,28.0,36.0,Gasoline ,1.5,0.0,False
Dodge,2021,Certified,43984.0,42494.0,4.9,Black ,AWD,14.0,22.0,Gasoline ,5.7,0.0,True
Kia,2020,Used,88825.0,22481.0,4.7,Black ,FWD,20.0,26.0,Gasoline ,3.8,0.0,True
Ford,2023,New,0.0,76344.0,4.6,Medium Dark Slate ,4WD,20.59922502075837,28.0,Gasoline ,6.8,0.0,others
RAM,2016,Used,170154.0,26495.0,4.7,GRAY ,AWD,0.0,0.0,Diesel ,6.7,1.0,True
Buick,2018,Used,37997.0,19998.0,4.381503720140973,Black ,FWD,25.0,33.0,Gasoline ,1.4,0.0,True
Nissan,2023,Certified,6524.0,35000.0,4.5,Charcoal ,AWD,28.0,34.0,Gasoline ,1.5,1.0,True
Ford,2023,Used,12664.0,26402.0,4.7,Ebony ,AWD,26.0,32.0,Gasoline ,1.5,0.0,True
Subaru,2021,Certified,31740.0,25917.0,4.9,Gray ,AWD,27.0,34.0,Gasoline ,2.5,1.0,True
Dodge,2023,Used,25189.0,31995.0,4.1,Black ,RWD,19.0,30.0,Gasoline ,3.6,0.0,True
Nissan,2023,Used,7600.0,27998.0,4.381503720140973,Black ,AWD,28.0,35.0,Gasoline ,1.5,0.0,True
Dodge,2021,Used,54256.0,31000.0,4.7,Black ,AWD,18.0,25.0,Gasoline ,3.6,1.0,False
Chevrolet,2021,Certified,42448.0,47952.0,4.7,Jet Black ,4WD,15.0,19.0,Gasoline ,5.3,1.0,True
BMW,2021,Used,46546.0,29885.0,4.8,Black ,AWD,23.0,29.0,Gasoline ,2.0,0.0,True
Dodge,2021,Used,33413.0,30400.0,4.9,Black ,AWD,18.0,25.0,Gasoline ,3.6,0.0,True
Buick,2021,Used,11780.0,28952.0,4.5,Ebony Seats ,AWD,22.0,29.0,Gasoline ,2.0,0.0,True
Ford,2023,New,10.0,78785.0,4.9,Black ,AWD,20.59922502075837,28.0,Unknown,2.96465882923282,0.0,others
Volkswagen,2023,Used,3714.0,28750.0,4.6,Gray/Black ,AWD,25.0,32.0,Gasoline ,1.5,0.0,True
BMW,2019,Used,83361.0,27888.0,4.3,Black ,AWD,20.0,27.0,Gasoline ,3.0,0.0,False
Chrysler,2023,New,8.0,37585.0,4.4,Black ,RWD,19.0,30.0,Gasoline ,3.6,0.0,others
Kia,2016,Used,90076.0,8490.0,3.9,Black ,FWD,25.0,33.0,Gasoline ,2.0,1.0,False
Toyota,2021,Used,5223.0,25985.0,4.381503720140973,Black ,FWD,30.0,38.0,Gasoline ,1.8,1.0,True
Bentley,2021,Used,8550.0,179948.0,4.381503720140973,Beluga ,AWD,15.0,24.0,Gasoline ,4.0,0.0,False
Honda,2015,Used,79346.0,18998.0,4.381503720140973,Black ,FWD,26.0,35.0,Gasoline ,2.4,0.0,False
Ford,2019,Used,143770.0,24950.0,4.381503720140973,Java ,4WD,0.0,0.0,Gasoline ,6.2,1.0,True
Nissan,2023,New,2.0,59975.0,4.7,Blue Gray ,AWD,20.59922502075837,28.0,Unknown,2.96465882923282,0.0,others
Tesla,2017,Used,118511.0,17995.0,4.381503720140973,Black ,RWD,20.59922502075837,28.0,Unknown,2.96465882923282,1.0,False
Mercedes-Benz,2023,New,3.0,114685.0,4.8,Black ,others,20.59922502075837,28.0,Gasoline ,2.0,0.0,others
Tesla,2022,Used,29601.0,26885.0,4.8,Black ,RWD,20.59922502075837,28.0,Unknown,2.96465882923282,0.0,True
Jeep,2020,Used,6883.0,18881.0,4.5,Black ,FWD,22.0,30.0,Gasoline ,2.4,0.0,True
Audi,2017,Used,79482.0,16999.0,4.2,Black ,AWD,20.0,27.0,Gasoline ,2.0,0.0,False
Honda,2021,Used,37776.0,29988.0,4.8,Black ,FWD,22.0,32.0,Gasoline ,2.0,1.0,True
BMW,2014,Used,45855.0,11795.0,4.6,Gray ,RWD,20.59922502075837,28.0,Unknown,2.96465882923282,1.0,False
Ford,2019,Used,58181.0,21495.0,4.6,Ebony ,FWD,22.0,29.0,Gasoline ,2.0,0.0,True
Ford,2023,New,0.0,40490.0,4.6,Ebony/Roast ,4WD,25.0,28.0,Gasoline ,1.5,0.0,others
Ford,2018,Used,138753.0,22950.0,4.381503720140973,Gray ,4WD,0.0,0.0,Gasoline ,6.2,0.0,True
BMW,2021,Used,43457.0,44873.0,4.4,Black ,AWD,21.0,25.0,Gasoline ,3.0,0.0,True
Chevrolet,2020,Used,40074.0,21998.0,4.381503720140973,Black ,AWD,25.0,30.0,Gasoline ,1.5,0.0,True
BMW,2016,Used,74004.0,15495.0,4.8,Black ,AWD,22.0,32.0,Gasoline ,2.0,0.0,False
Nissan,2021,Used,24425.0,17650.0,4.7,Charcoal ,FWD,31.0,36.0,Gasoline ,1.6,1.0,True
Mercedes-Benz,2018,Used,67468.0,23495.0,4.8,Black ,AWD,18.0,22.0,Gasoline ,3.5,1.0,False
Dodge,2015,Used,80053.0,10495.0,4.381503720140973,Black ,FWD,17.0,25.0,Gasoline ,3.6,0.0,others
Mercedes-Benz,2021,Used,41582.0,38900.0,4.381503720140973,Black ,AWD,22.0,30.0,Gasoline ,2.0,1.0,True
Volkswagen,2020,Used,10230.0,21985.0,4.1,Titan Black ,AWD,20.0,27.0,Gasoline ,2.0,0.0,True
Ford,2016,Used,140708.0,9995.0,4.4,Gray ,FWD,18.0,27.0,Gasoline ,3.5,1.0,False
Subaru,2021,Certified,25899.0,23544.0,4.2,Black ,AWD,28.0,33.0,Gasoline ,2.0,0.0,True
Chrysler,2017,Used,102516.0,18998.0,5.0,Tan ,FWD,19.0,28.0,Gasoline ,3.6,1.0,True
Lincoln,2019,Used,52654.0,19890.0,3.7,– ,FWD,20.0,31.0,Gasoline ,2.96465882923282,1.0,False
Ford,2018,Used,38969.0,15491.0,4.381503720140973,Black ,FWD,23.0,34.0,Gasoline ,1.5,1.0,False
Chevrolet,2020,Used,70009.0,45800.0,4.2,Jet Black ,4WD,15.0,21.0,Gasoline ,6.2,1.0,True
Dodge,2022,Used,35289.0,57998.0,4.9,Demonic Red/Black ,AWD,13.0,19.0,Gasoline ,6.4,0.0,True
RAM,2023,New,2.0,39970.0,4.5,Black ,FWD,0.0,0.0,Gasoline ,3.6,0.0,others
Chevrolet,2014,Used,74499.0,17434.0,4.6,Black ,RWD,19.0,30.0,Gasoline ,3.6,1.0,False
Audi,2019,Used,35902.0,41888.0,4.3,Black ,AWD,21.0,30.0,Gasoline ,3.0,0.0,False
Buick,2017,Used,74326.0,18882.0,4.381503720140973,Light Titanium ,AWD,15.0,22.0,Gasoline ,3.6,0.0,False
Ford,2019,Used,87315.0,15992.0,4.381503720140973,GRAY ,4WD,22.0,28.0,Gasoline ,1.5,1.0,False
Chevrolet,2016,Used,130993.0,8500.0,4.7,Black ,AWD,24.0,31.0,Gasoline ,1.4,0.0,True
BMW,2022,Used,6848.0,92000.0,4.8,Black ,AWD,13.0,18.0,Gasoline ,4.4,0.0,False
Chevrolet,2020,Used,62258.0,18757.0,4.0,– ,FWD,26.0,31.0,Gasoline ,1.5,0.0,False
Chevrolet,2020,Used,54338.0,28949.0,4.7,Jet Black ,AWD,18.0,25.0,Gasoline ,3.6,1.0,False
Jeep,2023,New,0.0,44389.0,4.9,Black ,4WD,16.0,23.0,Gasoline ,3.6,0.0,others
Lexus,2016,Used,117500.0,43900.0,4.381503720140973,Black ,4WD,20.59922502075837,28.0,Gasoline ,5.7,0.0,False
Toyota,2023,Used,18593.0,23990.0,3.9,Black/Red ,FWD,31.0,40.0,Gasoline ,2.0,0.0,True
Ford,2020,Used,47849.0,20614.0,4.1,Ebony ,AWD,26.0,31.0,Gasoline ,2.0,0.0,True
Jeep,2019,Used,75581.0,22949.0,4.6,Black ,4WD,21.0,29.0,Gasoline ,2.0,0.0,False
Jeep,2022,Used,15755.0,32575.0,4.4,Black ,4WD,18.0,25.0,Gasoline ,3.6,0.0,True
Toyota,2021,Used,26802.0,33988.0,4.4,Black ,AWD,40.0,37.0,Hybrid ,2.5,0.0,True
Ferrari,2018,Certified,7543.0,189900.0,4.381503720140973,Black ,RWD,15.0,21.0,Gasoline ,3.9,0.0,False
Cadillac,2021,Certified,21699.0,81809.0,4.8,Whisper Beige ,4WD,14.0,19.0,Gasoline ,6.2,0.0,True
Cadillac,2016,Used,132758.0,13495.0,4.381503720140973,Black ,AWD,16.0,23.0,Gasoline ,3.6,0.0,True
Lincoln,2023,New,4.0,51910.0,4.7,– ,AWD,21.0,28.0,Gasoline ,2.0,0.0,others
Jeep,2021,Used,45671.0,20450.0,3.7,Black ,4WD,23.0,29.0,Gasoline ,2.96465882923282,0.0,True
Cadillac,2017,Used,54456.0,22749.0,4.6,Cirrus ,FWD,19.0,27.0,Gasoline ,3.6,0.0,False
Jeep,2018,Certified,44013.0,34499.0,4.8,Black ,4WD,17.0,23.0,Gasoline ,3.6,1.0,False
Cadillac,2022,Certified,16058.0,91983.0,4.381503720140973,Jet Black ,4WD,20.59922502075837,28.0,Gasoline ,6.2,0.0,False
Jeep,2022,Used,3059.0,43994.0,4.9,Black ,4WD,17.0,22.0,Gasoline ,3.6,0.0,False
Chevrolet,2021,Used,43238.0,34400.0,4.5,Jet Black ,4WD,17.0,24.0,Gasoline ,3.6,0.0,False
RAM,2022,Certified,11235.0,62900.0,4.7,Black ,4WD,20.59922502075837,28.0,Gasoline ,6.4,0.0,True
Audi,2021,Used,20737.0,46399.0,4.5,Magma Red ,AWD,18.0,24.0,Gasoline ,3.0,0.0,True
RAM,2017,Used,53770.0,28295.0,4.5,Diesel Gray/Black ,4WD,0.0,0.0,Gasoline ,6.4,0.0,False
Chevrolet,2022,Used,39384.0,60995.0,4.7,Jet Black ,4WD,20.59922502075837,28.0,Gasoline ,5.3,0.0,True
Audi,2023,Certified,4975.0,58692.0,4.7,Okapi Brown ,AWD,18.0,22.0,Gasoline ,3.0,0.0,True
BMW,2022,Used,25223.0,31885.0,4.8,Black ,AWD,0.0,0.0,Gasoline ,2.0,0.0,False
Mercedes-Benz,2018,Used,147517.0,36996.0,4.381503720140973,– ,RWD,20.59922502075837,28.0,Diesel ,3.0,1.0,False
Jeep,2019,Used,32764.0,21995.0,4.381503720140973,Black ,FWD,22.0,30.0,Gasoline ,2.4,0.0,True
Cadillac,2021,Used,29567.0,31977.0,4.8,Black ,AWD,21.0,27.0,Gasoline ,2.0,0.0,True
Jeep,2023,Used,7826.0,47389.0,4.7,Black ,4WD,21.0,24.0,Gasoline ,2.0,0.0,True
Ford,2017,Used,131206.0,22995.0,4.381503720140973,Gray ,RWD,0.0,0.0,Gasoline ,3.7,0.0,False
Nissan,2023,Certified,12366.0,32000.0,4.5,Graphite ,AWD,20.0,28.0,Gasoline ,3.5,0.0,True
Acura,2022,Used,16673.0,37990.0,4.7,Red ,FWD,22.0,27.0,Gasoline ,2.0,0.0,True
Maserati,2023,New,4447.0,72000.0,4.8,Tan ,AWD,16.0,22.0,Gasoline ,3.0,0.0,others
Hyundai,2022,Used,32362.0,21998.0,4.381503720140973,Burgundy ,FWD,20.59922502075837,28.0,Gasoline ,1.6,0.0,True
Chevrolet,2018,Used,35600.0,18695.0,4.6,Jet Black ,FWD,26.0,32.0,Gasoline ,1.5,0.0,False
Lamborghini,2018,Used,2482.0,359895.0,4.381503720140973,Nero Ade ,AWD,14.0,19.0,Gasoline ,5.2,0.0,False
Chrysler,2023,New,12.0,43577.0,4.0,Black ,AWD,18.0,27.0,Gasoline ,3.6,0.0,others
INFINITI,2021,Used,30475.0,28888.0,4.3,Graphite ,AWD,22.0,28.0,Gasoline ,2.0,0.0,False
Tesla,2018,Used,44633.0,38983.0,4.3,Black ,AWD,20.59922502075837,28.0,Unknown,2.96465882923282,1.0,False
BMW,2016,Used,61483.0,18995.0,4.4,Black ,AWD,22.0,34.0,Gasoline ,2.0,1.0,False
Hyundai,2019,Used,66979.0,14918.0,4.1,Black ,FWD,28.0,37.0,Gasoline ,2.0,0.0,False
RAM,2014,Used,36844.0,41500.0,4.381503720140973,Black ,4WD,0.0,0.0,Diesel ,6.7,1.0,False
Ford,2021,Used,37499.0,36000.0,4.4,EBONY CLOTH ,RWD,0.0,0.0,Gasoline ,3.5,1.0,True
GMC,2022,Certified,18696.0,37989.0,4.7,Jet Black ,4WD,17.0,24.0,Gasoline ,3.6,0.0,True
Chevrolet,2021,Certified,51062.0,27500.0,4.1,Jet Black ,AWD,17.0,25.0,Gasoline ,3.6,0.0,True
Ford,2019,Used,71721.0,17577.0,4.6,– ,4WD,22.0,28.0,Gasoline ,1.5,0.0,True
BMW,2021,Used,50542.0,44490.0,4.5,Black ,AWD,21.0,25.0,Gasoline ,3.0,0.0,True
Hyundai,2021,Used,41158.0,23886.0,4.7,Dark Gray ,FWD,27.0,37.0,Gasoline ,1.6,0.0,True
Hyundai,2022,Certified,29498.0,24614.0,4.6,Gray ,FWD,26.0,33.0,Gasoline ,2.5,0.0,False
Dodge,2023,New,8.0,27900.0,4.4,Black ,RWD,19.0,30.0,Gasoline ,3.6,0.0,others
Lincoln,2016,Used,104691.0,14497.0,4.8,Black ,AWD,19.0,26.0,Gasoline ,2.3,0.0,False
Mazda,2021,Used,26370.0,22995.0,4.8,Black ,AWD,24.0,31.0,Gasoline ,2.5,0.0,True
Lincoln,2016,Used,103052.0,12995.0,4.7,Cappuccino ,FWD,22.0,33.0,Gasoline ,2.0,0.0,False
RAM,2014,Used,84997.0,18491.0,4.381503720140973,Diesel Gray/Black ,4WD,15.0,21.0,Gasoline ,5.7,0.0,False
Hyundai,2018,Used,21450.0,17558.0,4.8,Black ,FWD,55.0,54.0,Hybrid ,1.6,1.0,True
Jeep,2016,Used,110320.0,18495.0,4.1,Black ,4WD,17.0,21.0,Gasoline ,3.6,0.0,False
Ford,2023,New,3.0,57490.0,4.4,Medium Dark Slate ,AWD,20.59922502075837,28.0,Unknown,2.0,0.0,others
Mercedes-Benz,2023,New,38.0,55086.0,4.5,Black ,RWD,20.59922502075837,28.0,Gasoline ,2.0,0.0,others
Tesla,2021,Used,33769.0,29990.0,4.3,Black ,RWD,20.59922502075837,28.0,Unknown,2.96465882923282,0.0,True
Nissan,2020,Used,17588.0,15726.0,4.2,Graphite ,FWD,32.0,40.0,Gasoline ,1.6,0.0,True
Lexus,2014,Used,103247.0,25995.0,4.1,Tan ,RWD,16.0,24.0,Gasoline ,4.6,1.0,False
Nissan,2021,Used,61181.0,15777.0,4.0,Graphite ,FWD,32.0,40.0,Gasoline ,1.6,0.0,True
Toyota,2021,Certified,19568.0,21490.0,3.9,Black ,FWD,31.0,40.0,Gasoline ,2.0,0.0,False
Subaru,2015,Used,100966.0,12999.0,4.381503720140973,Black ,AWD,23.0,0.0,Gasoline ,2.0,0.0,False
Jeep,2020,Used,35709.0,38972.0,4.7,Black ,4WD,18.0,22.0,Gasoline ,3.6,0.0,False
Ford,2021,Used,12600.0,29999.0,4.7,Ebony ,AWD,21.0,28.0,Gasoline ,2.0,0.0,True
Toyota,2023,Used,19663.0,25477.0,4.8,Black ,FWD,31.0,33.0,Gasoline ,2.0,0.0,True
Honda,2017,Used,54457.0,18995.0,4.9,Black ,FWD,31.0,40.0,Gasoline ,2.0,1.0,True
Volkswagen,2022,Used,15110.0,26998.0,4.381503720140973,Black ,AWD,25.0,32.0,Gasoline ,1.5,0.0,True
Chevrolet,2021,Certified,46853.0,25950.0,4.5,Jet Black ,FWD,18.0,27.0,Gasoline ,3.6,1.0,True
Chevrolet,2021,Certified,15428.0,18903.0,4.6,Jet Black ,AWD,23.0,30.0,Gasoline ,1.4,0.0,True
Mitsubishi,2018,Used,62872.0,15495.0,4.5,Black ,4WD,25.0,28.0,Gasoline ,1.5,0.0,True
Honda,2020,Used,38992.0,22998.0,4.381503720140973,Black ,FWD,29.0,36.0,Gasoline ,2.0,0.0,others
Lexus,2021,Used,37325.0,32995.0,4.9,Black ,AWD,25.0,34.0,Gasoline ,2.5,0.0,True
Nissan,2022,Used,17857.0,25998.0,4.381503720140973,Black ,AWD,20.0,28.0,Gasoline ,3.5,1.0,True
Hyundai,2017,Used,77600.0,13800.0,4.381503720140973,Gray ,FWD,20.59922502075837,28.0,Gasoline ,2.0,1.0,False
Lincoln,2023,New,2107.0,90023.0,4.381503720140973,Sandstone ,4WD,16.0,22.0,Gasoline ,3.5,0.0,others
Mercedes-Benz,2019,Used,68120.0,37954.0,4.1,Black ,AWD,21.0,28.0,Gasoline ,3.0,0.0,False
Land,2017,Used,59224.0,21950.0,4.9,Ebony/Ebony ,4WD,21.0,29.0,Gasoline ,2.0,1.0,False
Subaru,2017,Used,71433.0,21269.0,4.9,Ivory ,AWD,20.0,27.0,Gasoline ,3.6,0.0,True
Porsche,2019,Used,11474.0,76355.0,4.3,Black ,AWD,20.59922502075837,28.0,Hybrid ,2.9,0.0,False
Ford,2020,Used,80172.0,29895.0,4.381503720140973,Black ,AWD,24.0,24.0,Gasoline ,3.0,0.0,False
BMW,2023,Used,5770.0,67995.0,4.5,Black ,AWD,22.0,31.0,Gasoline ,3.0,0.0,True
Kia,2023,New,808.0,35405.0,4.5,Charcoal ,FWD,20.59922502075837,28.0,Unknown,2.96465882923282,0.0,others
Ford,2018,Used,96555.0,13249.0,4.1,Black ,4WD,22.0,28.0,Gasoline ,1.5,1.0,False
Chevrolet,2020,Used,42928.0,17991.0,4.5,Jet Black ,FWD,26.0,31.0,Gasoline ,1.5,1.0,True
Chrysler,2022,Used,69976.0,22450.0,3.7,Black/Alloy/Black ,FWD,19.0,28.0,Gasoline ,2.96465882923282,0.0,True
Dodge,2023,New,13.0,35406.0,4.2,Black ,RWD,19.0,30.0,Gasoline ,3.6,0.0,others
Ford,2022,Used,5622.0,54975.0,4.3,Black Onyx ,4WD,16.0,17.0,Gasoline ,2.7,0.0,True
Audi,2021,Used,54400.0,26440.0,4.1,Black ,AWD,23.0,28.0,Gasoline ,2.0,0.0,True
RAM,2019,Used,38323.0,27972.0,4.8,Diesel Gray / Black ,4WD,16.0,23.0,Gasoline ,5.7,0.0,True
Chevrolet,2022,Used,79334.0,42000.0,4.7,Black ,4WD,20.59922502075837,28.0,Gasoline ,5.3,0.0,True
Ford,2014,Used,66857.0,13444.0,4.3,Charcoal Black ,4WD,21.0,0.0,Gasoline ,2.0,1.0,False
Toyota,2020,Used,54009.0,25393.0,4.5,Black ,AWD,27.0,33.0,Gasoline ,2.5,0.0,True
Tesla,2021,Used,63225.0,27775.0,4.6,Black ,AWD,20.59922502075837,28.0,Unknown,2.96465882923282,1.0,True
Ford,2022,Certified,37905.0,24800.0,4.4,– ,AWD,23.0,31.0,Gasoline ,2.0,0.0,True
Volkswagen,2021,Certified,43748.0,26790.0,5.0,Titan Black ,AWD,20.0,24.0,Gasoline ,2.0,0.0,True
Ford,2022,Used,36401.0,24995.0,4.381503720140973,BLACK ,AWD,20.0,28.0,Gasoline ,2.0,0.0,True
BMW,2020,Used,40529.0,52995.0,4.381503720140973,COFFEE ,AWD,20.0,25.0,Gasoline ,3.0,1.0,False
Chevrolet,2018,Used,47990.0,21999.0,4.4,Jet Black ,RWD,22.0,31.0,Gasoline ,3.6,1.0,False
Volkswagen,2019,Used,70412.0,17800.0,3.9,Cornsilk Beige / Brown ,FWD,25.0,36.0,Gasoline ,2.0,1.0,False
Mercedes-Benz,2015,Used,94523.0,15000.0,4.8,Black ,AWD,24.0,32.0,Gasoline ,2.0,0.0,False
Nissan,2014,Used,127361.0,5495.0,4.381503720140973,Gray ,FWD,30.0,39.0,Gasoline ,1.8,0.0,False
Hyundai,2022,Used,22847.0,18998.0,4.381503720140973,Black ,FWD,33.0,41.0,Gasoline ,1.6,0.0,True
Honda,2014,Used,105891.0,17988.0,4.7,Gray ,FWD,19.0,28.0,Gasoline ,3.5,1.0,True
Nissan,2022,Certified,23926.0,33900.0,4.7,Gray ,4WD,21.0,27.0,Gasoline ,3.5,0.0,True
Land,2020,Used,46125.0,33998.0,4.381503720140973,Ebony / Ebony ,4WD,16.0,21.0,Gasoline ,3.0,0.0,True
Ford,2019,Used,85741.0,17901.0,4.9,Charcoal Black ,4WD,21.0,27.0,Gasoline ,2.0,0.0,True
Ford,2023,New,80.0,52245.0,4.7,Dark Palazzo Gray ,RWD,20.59922502075837,28.0,E85 Flex Fuel ,3.5,0.0,others
Tesla,2021,Used,84844.0,27995.0,4.381503720140973,WHITE ,AWD,20.59922502075837,28.0,Unknown,2.96465882923282,0.0,True
Honda,2021,Used,36102.0,34994.0,4.6,Gray ,AWD,19.0,26.0,Gasoline ,3.5,1.0,True
Ford,2022,Certified,12769.0,20989.0,4.4,Medium Stone ,4WD,23.0,29.0,Gasoline ,2.0,0.0,True
Nissan,2023,Used,3250.0,27395.0,4.381503720140973,Black ,AWD,28.0,35.0,Gasoline ,1.5,0.0,True
Tesla,2020,Used,27597.0,27550.0,4.3,Black ,AWD,20.59922502075837,28.0,Unknown,2.96465882923282,0.0,True
Mercedes-Benz,2018,Used,76680.0,35880.0,4.7,Black ,AWD,14.0,19.0,Gasoline ,4.7,0.0,True
Cadillac,2021,Used,39900.0,32866.0,4.4,Sedona Sauvage ,AWD,21.0,27.0,Gasoline ,3.6,0.0,True
BMW,2015,Used,71380.0,18980.0,4.7,Venetian Beige ,AWD,20.0,29.0,Gasoline ,3.0,0.0,False
Honda,2021,Used,23163.0,29995.0,4.381503720140973,Gray ,FWD,19.0,28.0,Gasoline ,3.5,1.0,True
Genesis,2020,Used,38024.0,25700.0,4.8,Black ,AWD,20.0,27.0,Gasoline ,2.0,0.0,False
Land,2015,Used,77450.0,26550.0,4.6,Tan ,4WD,17.0,22.0,Gasoline ,3.0,0.0,False
Chevrolet,2022,Used,47794.0,60000.0,4.1,Jet Black ,4WD,20.59922502075837,28.0,Gasoline ,5.3,0.0,False
Alfa,2022,Used,16236.0,33891.0,4.6,Black ,AWD,22.0,28.0,Gasoline ,2.0,0.0,True
Jeep,2023,New,0.0,70899.0,4.9,Tan ,4WD,20.59922502075837,28.0,Hybrid ,2.0,0.0,others
Buick,2021,Certified,45078.0,29397.0,5.0,Dark Galvanized ,AWD,17.0,25.0,Gasoline ,3.6,0.0,True
Dodge,2020,Used,26527.0,31998.0,4.9,Black ,RWD,16.0,25.0,Gasoline ,5.7,0.0,True
Jeep,2022,Used,20558.0,35000.0,4.2,Global Black ,4WD,20.59922502075837,28.0,Gasoline ,3.6,0.0,True
Nissan,2022,Used,23820.0,34670.0,4.7,Steel ,4WD,17.0,22.0,Gasoline ,3.8,0.0,True
Tesla,2023,Used,18706.0,27739.0,3.7,– ,RWD,20.59922502075837,28.0,Unknown,2.96465882923282,0.0,True
Cadillac,2020,Used,30837.0,30988.0,4.5,Wheat ,AWD,22.0,29.0,Gasoline ,2.0,0.0,True
Chevrolet,2023,Used,14885.0,23972.0,4.8,Jet Black ,FWD,26.0,31.0,Gasoline ,1.5,0.0,True
Porsche,2016,Used,103111.0,21500.0,3.9,Black ,AWD,17.0,23.0,Gasoline ,3.0,0.0,False
Honda,2017,Used,142422.0,16899.0,4.381503720140973,Beige ,FWD,19.0,27.0,Gasoline ,3.5,1.0,True
Audi,2017,Used,91293.0,12500.0,4.381503720140973,Black ,FWD,20.0,28.0,Gasoline ,2.0,1.0,False
Chevrolet,2019,Used,71453.0,16169.0,4.0,– ,FWD,26.0,32.0,Gasoline ,1.5,0.0,False
Dodge,2023,New,7.0,89744.0,4.2,Black ,RWD,13.0,22.0,Gasoline ,6.2,0.0,others
Chevrolet,2015,Used,127887.0,19427.0,4.5,Jet Black ,4WD,17.0,22.0,Gasoline ,4.3,1.0,False
Nissan,2023,New,2.0,44770.0,4.7,Light Gray ,AWD,20.59922502075837,28.0,Unknown,2.96465882923282,0.0,others
Ford,2023,New,2.0,51730.0,4.8,Gray ,4WD,20.0,21.0,Gasoline ,2.7,0.0,others
Jeep,2021,Used,65227.0,26785.0,4.4,Black ,4WD,17.0,23.0,Gasoline ,2.0,1.0,True
Nissan,2019,Certified,42868.0,27799.0,4.8,Charcoal ,FWD,20.0,30.0,Gasoline ,3.5,0.0,True
Lexus,2019,Used,32624.0,27025.0,4.2,F SPORT Black ,FWD,29.0,37.0,Gasoline ,2.0,0.0,False
Jeep,2015,Used,86467.0,11000.0,4.8,Dark Slate Gray ,FWD,22.0,27.0,Gasoline ,2.0,1.0,False
Chevrolet,2022,Certified,48825.0,21788.0,4.9,Jet Black ,AWD,25.0,30.0,Gasoline ,1.5,0.0,True
Land,2018,Used,68204.0,32982.0,4.3,Ebony/Ebony/Ebony/Ebony ,4WD,17.0,0.0,Gasoline ,3.0,0.0,False
Lincoln,2020,Used,41383.0,48910.0,3.9,Luggage Tan ,AWD,20.59922502075837,28.0,Hybrid ,3.0,0.0,True
BMW,2022,Certified,21393.0,87888.0,4.1,Black ,AWD,13.0,18.0,Gasoline ,4.4,0.0,False
BMW,2019,Used,72014.0,20589.0,4.5,Black/Dark Oyster ,AWD,23.0,33.0,Gasoline ,2.0,0.0,False
Ford,2021,Used,50158.0,19000.0,3.7,– ,FWD,28.0,34.0,Gasoline ,2.96465882923282,1.0,True
Chevrolet,2022,Used,22692.0,57995.0,4.2,Jet Black ,4WD,15.0,20.0,Diesel ,3.0,0.0,False
Chevrolet,2021,Certified,39772.0,18426.0,4.7,Jet Black ,AWD,23.0,30.0,Gasoline ,1.4,1.0,True
Tesla,2023,Used,9569.0,72997.0,4.8,Black ,AWD,20.59922502075837,28.0,Unknown,2.96465882923282,0.0,False
Jeep,2023,Certified,12216.0,73881.0,4.5,Black ,4WD,13.0,17.0,Gasoline ,6.4,0.0,True
Chevrolet,2019,Used,85406.0,18995.0,4.381503720140973,Tan ,FWD,26.0,32.0,Gasoline ,1.5,0.0,True
Hyundai,2016,Used,52752.0,16995.0,4.9,Grey ,AWD,16.0,25.0,Gasoline ,3.8,1.0,False
Jeep,2021,Used,34634.0,23229.0,4.7,Black ,4WD,19.0,27.0,Gasoline ,3.2,0.0,True
Kia,2023,Certified,15665.0,26495.0,4.5,Black ,FWD,25.0,32.0,Gasoline ,2.5,1.0,True
Chrysler,2023,New,12.0,38997.0,4.5,Black Interior Color ,AWD,18.0,27.0,Gasoline ,3.6,0.0,others
Toyota,2022,Used,3112.0,53990.0,4.5,– ,RWD,22.0,30.0,Gasoline ,3.0,0.0,True
Cadillac,2023,Used,20752.0,47950.0,4.5,Black ,AWD,18.0,25.0,Gasoline ,3.6,0.0,True
Kia,2021,Used,32222.0,17495.0,4.6,Black ,FWD,23.0,30.0,Gasoline ,2.4,0.0,True
Mercedes-Benz,2023,New,5.0,53486.0,4.8,– ,RWD,18.0,22.0,Gasoline ,2.0,0.0,others
Tesla,2016,Used,57170.0,36155.0,4.3,Black ,AWD,20.59922502075837,28.0,Unknown,2.96465882923282,0.0,False
Ford,2023,New,0.0,76990.0,4.6,Space Gray ,AWD,20.59922502075837,28.0,Unknown,2.96465882923282,0.0,others
Ferrari,2017,Certified,8486.0,259999.0,4.381503720140973,Cuoio ,RWD,15.0,22.0,Gasoline ,3.9,0.0,False
Ford,2018,Used,115213.0,13701.0,4.9,Medium Light Stone ,4WD,22.0,28.0,Gasoline ,1.5,0.0,True
Jeep,2020,Used,36337.0,20495.0,4.1,Black ,4WD,22.0,30.0,Gasoline ,2.4,0.0,True
GMC,2023,Certified,26819.0,28486.0,4.9,Jet Black ,FWD,24.0,29.0,Gasoline ,1.5,0.0,True
Jeep,2023,New,5.0,42995.0,4.5,Black ,4WD,22.0,28.0,Diesel ,3.0,0.0,others
Dodge,2015,Used,81836.0,23995.0,4.7,Black ,4WD,14.0,22.0,Gasoline ,5.7,0.0,True
Kia,2020,Used,61984.0,15998.0,4.381503720140973,Black ,FWD,29.0,35.0,Gasoline ,2.0,0.0,True
GMC,2021,Used,84104.0,43000.0,4.8,Jet Black w/Kalahari Accents ,4WD,22.0,26.0,Diesel ,3.0,0.0,True
Mercedes-Benz,2018,Used,22681.0,82800.0,4.381503720140973,Black ,AWD,16.0,25.0,Gasoline ,4.0,0.0,False
Ford,2023,Used,224.0,64598.0,4.3,Black Onyx ,4WD,16.0,18.0,Gasoline ,2.7,0.0,True
Ford,2021,Used,24638.0,20995.0,4.6,Dark Earth Gray ,FWD,28.0,34.0,Gasoline ,1.5,0.0,True
Jeep,2018,Used,37093.0,36298.0,4.9,Black ,4WD,17.0,23.0,Gasoline ,2.0,0.0,False
Chevrolet,2021,Certified,43355.0,21177.0,4.1,Jet Black ,FWD,26.0,31.0,Gasoline ,1.5,0.0,True
Audi,2020,Used,21424.0,48888.0,4.3,Rotor Gray ,AWD,18.0,28.0,Gasoline ,2.9,0.0,True
Lexus,2023,Used,3483.0,41477.0,4.9,Black ,FWD,22.0,32.0,Gasoline ,3.5,0.0,True
Lexus,2022,Used,11633.0,56888.0,4.1,Black ,RWD,17.0,25.0,Gasoline ,5.0,0.0,False
Toyota,2021,Used,33516.0,38991.0,4.2,Gray ,AWD,35.0,36.0,Hybrid ,2.5,0.0,True
Jeep,2021,Used,36742.0,48991.0,4.381503720140973,Global Black ,4WD,18.0,25.0,Gasoline ,3.6,0.0,False
Kia,2018,Used,80667.0,11300.0,4.8,Black ,FWD,25.0,30.0,Gasoline ,2.96465882923282,0.0,False
Jeep,2020,Used,57697.0,28998.0,4.381503720140973,Black ,4WD,18.0,25.0,Gasoline ,3.6,1.0,True
Audi,2021,Certified,10863.0,41991.0,4.7,Black ,AWD,24.0,30.0,Gasoline ,2.0,0.0,True
Ford,2020,Used,18901.0,27990.0,4.3,Sandstone ,AWD,23.0,31.0,Gasoline ,2.0,0.0,True
Jeep,2021,Used,27204.0,22995.0,4.381503720140973,Ruby Red/Black ,4WD,22.0,30.0,Gasoline ,2.4,1.0,True
Volvo,2023,Used,40911.0,57998.0,4.7,Blond ,AWD,20.0,26.0,Gasoline ,2.0,0.0,True
Mercedes-Benz,2020,Used,27032.0,66995.0,4.1,Black ,AWD,20.0,26.0,Gasoline ,3.0,0.0,False
Honda,2016,Used,86204.0,16994.0,4.5,Black ,AWD,25.0,31.0,Gasoline ,2.4,0.0,False
Acura,2021,Used,17595.0,33585.0,4.9,Ebony ,AWD,21.0,27.0,Gasoline ,2.0,1.0,True
Ford,2019,Used,18106.0,19495.0,4.5,Charcoal Black ,4WD,22.0,28.0,Gasoline ,1.5,0.0,True
Chevrolet,2016,Used,120203.0,19900.0,4.381503720140973,Gray ,4WD,20.59922502075837,28.0,Gasoline ,3.6,1.0,False
Mercedes-Benz,2016,Used,52947.0,16995.0,4.6,Black ,AWD,24.0,32.0,E85 Flex Fuel ,2.0,0.0,False
Honda,2019,Used,110727.0,26995.0,4.1,Gray ,FWD,19.0,28.0,Gasoline ,3.5,0.0,False
Ford,2023,New,18.0,47000.0,4.7,Black Onyx ,4WD,16.0,18.0,Gasoline ,2.3,0.0,others
Nissan,2023,Used,6125.0,35998.0,4.381503720140973,Black ,AWD,28.0,34.0,Gasoline ,1.5,0.0,True
Nissan,2021,Used,61549.0,16510.0,4.4,Graphite ,FWD,32.0,40.0,Gasoline ,1.6,0.0,True
Nissan,2015,Used,78481.0,5995.0,4.381503720140973,Black ,FWD,20.59922502075837,28.0,Unknown,2.96465882923282,0.0,False
Porsche,2021,Certified,28726.0,69791.0,4.7,Black ,AWD,17.0,22.0,Gasoline ,2.9,0.0,True
Ford,2017,Used,18777.0,15788.0,4.5,– ,FWD,26.0,36.0,E85 Flex Fuel ,2.0,1.0,True
Audi,2014,Used,67041.0,30995.0,4.1,Black ,AWD,24.0,36.0,Diesel ,3.0,0.0,False
Acura,2020,Used,16641.0,33887.0,4.381503720140973,Espresso ,AWD,21.0,27.0,Gasoline ,2.0,0.0,True
Acura,2021,Used,23894.0,33490.0,4.5,Ebony ,AWD,21.0,27.0,Gasoline ,2.0,0.0,True
Hyundai,2023,Used,21896.0,21900.0,4.3,Black ,FWD,30.0,35.0,Gasoline ,2.0,1.0,True
Nissan,2023,Used,8495.0,28479.0,4.8,Charcoal ,FWD,20.59922502075837,28.0,Unknown,2.96465882923282,0.0,False
Subaru,2021,Certified,22627.0,24500.0,4.6,Black ,AWD,28.0,33.0,Gasoline ,2.0,0.0,True
Ford,2022,Used,9055.0,22740.0,4.8,Dark Earth Gray ,AWD,26.0,31.0,Gasoline ,1.5,0.0,True
Toyota,2021,Used,58516.0,38660.0,4.2,Black / Graphite ,4WD,16.0,19.0,Gasoline ,4.0,1.0,True
BMW,2022,Used,19682.0,49995.0,4.9,Tacora Red ,AWD,20.59922502075837,28.0,Gasoline ,2.0,0.0,True
Mercedes-Benz,2021,Used,47361.0,30989.0,4.5,Macchiato Beige ,AWD,23.0,30.0,Gasoline ,2.0,0.0,True
Audi,2018,Used,61205.0,26495.0,5.0,Nougat Brown / Black ,AWD,22.0,30.0,Gasoline ,2.0,1.0,True
Mazda,2020,Used,35758.0,25500.0,4.8,Black ,AWD,20.0,26.0,Gasoline ,2.5,0.0,True
Porsche,2023,Certified,3981.0,85000.0,4.9,Black ,RWD,20.59922502075837,28.0,Unknown,2.96465882923282,0.0,True
Chevrolet,2021,Used,52963.0,15971.0,4.6,Jet Black ,AWD,23.0,30.0,Gasoline ,1.4,1.0,True
Chevrolet,2022,Certified,27349.0,27959.0,5.0,Jet Black ,AWD,25.0,30.0,Gasoline ,1.5,0.0,True
Hyundai,2022,Certified,39700.0,24777.0,4.381503720140973,Black ,FWD,20.59922502075837,28.0,Gasoline ,2.96465882923282,0.0,False
Jaguar,2020,Used,51366.0,28000.0,4.7,Ebony / Ebony ,AWD,22.0,27.0,Gasoline ,2.96465882923282,0.0,True
Mercedes-Benz,2015,Used,82759.0,14995.0,4.381503720140973,Black ,FWD,25.0,35.0,Gasoline ,2.0,1.0,False
Ford,2023,New,0.0,93865.0,4.6,Space Gray ,AWD,20.59922502075837,28.0,Unknown,2.96465882923282,0.0,others
BMW,2021,Used,29967.0,33000.0,4.8,Black ,AWD,23.0,29.0,Gasoline ,2.0,0.0,True
Buick,2016,Used,55442.0,18950.0,4.6,Jet Black w/Jet Black Accents ,FWD,20.0,27.0,Gasoline ,1.6,1.0,False
Jeep,2018,Used,40627.0,29989.0,4.5,Black ,4WD,15.0,20.0,Gasoline ,3.6,1.0,False
Jeep,2022,New,108.0,57266.0,4.5,Global Black ,4WD,20.59922502075837,28.0,Hybrid ,2.0,0.0,others
Chevrolet,2022,Certified,12532.0,28700.0,4.9,Jet Black ,RWD,22.0,30.0,Gasoline ,2.0,1.0,False
Chevrolet,2018,Used,95038.0,22000.0,4.4,Cocoa / Dune ,4WD,17.0,22.0,Gasoline ,5.3,1.0,True
Ford,2015,Used,100659.0,13945.0,4.2,Ebony ,FWD,0.0,0.0,Gasoline ,2.0,0.0,True
Chrysler,2019,Used,26841.0,25998.0,4.381503720140973,Black ,AWD,18.0,27.0,Gasoline ,3.6,1.0,True
Ford,2021,Used,13079.0,42998.0,4.381503720140973,Black ,4WD,23.0,26.0,Gasoline ,3.0,0.0,True
Cadillac,2017,Used,70849.0,33000.0,4.4,Jet Black ,AWD,18.0,27.0,Gasoline ,3.6,1.0,False
Audi,2017,Used,86024.0,22480.0,3.8,– ,AWD,17.0,24.0,Gasoline ,2.96465882923282,0.0,True
Jeep,2023,New,11.0,38646.0,4.2,Global Black ,4WD,18.0,25.0,Gasoline ,3.6,0.0,others
Ford,2021,Used,75055.0,22995.0,4.381503720140973,Sandstone ,RWD,21.0,28.0,Gasoline ,2.3,1.0,True
Honda,2021,Used,43889.0,35999.0,4.8,Mocha ,FWD,19.0,28.0,Gasoline ,3.5,1.0,True
BMW,2019,Used,44051.0,28995.0,4.1,Black ,AWD,22.0,29.0,Gasoline ,2.0,1.0,True
Toyota,2023,New,5.0,54787.0,4.7,Black ,AWD,29.0,32.0,Hybrid ,2.4,0.0,others
Nissan,2019,Used,69573.0,17995.0,4.381503720140973,Charcoal ,AWD,26.0,36.0,Gasoline ,2.5,0.0,False
Scion,2014,Used,127916.0,8300.0,4.381503720140973,Dark Charcoal ,FWD,22.0,28.0,Gasoline ,2.4,1.0,False
Jeep,2020,Used,57378.0,25595.0,4.381503720140973,Black ,4WD,18.0,25.0,Gasoline ,3.6,0.0,False
Ford,2022,Used,16684.0,24331.0,4.8,Ebony ,AWD,23.0,31.0,Gasoline ,1.5,0.0,True
Chevrolet,2020,Used,21721.0,19998.0,4.381503720140973,Black ,FWD,26.0,31.0,Gasoline ,1.4,0.0,True
Mercedes-Benz,2023,Certified,2727.0,94999.0,4.7,Classic Red ,AWD,17.0,21.0,Gasoline ,3.0,0.0,True
Chevrolet,2020,Certified,66691.0,18695.0,5.0,Jet Black ,FWD,26.0,31.0,Gasoline ,1.5,1.0,True
BMW,2016,Used,110762.0,14495.0,4.381503720140973,Brown ,AWD,22.0,32.0,Gasoline ,2.0,1.0,False
Chevrolet,2015,Used,121800.0,24291.0,4.1,Cocoa/Dune ,4WD,15.0,22.0,Gasoline ,5.3,1.0,False
Chrysler,2022,Used,65353.0,28888.0,4.4,Black/Alloy/Black ,FWD,19.0,28.0,Gasoline ,3.6,0.0,True
RAM,2023,New,19.0,59374.0,4.5,Black ,4WD,0.0,0.0,Diesel ,6.7,0.0,others
Lincoln,2023,New,75.0,79373.0,4.381503720140973,Sandstone ,AWD,20.59922502075837,28.0,Hybrid ,3.0,0.0,others
Ford,2020,Used,43378.0,17350.0,4.381503720140973,Dark Earth Gray ,FWD,27.0,33.0,Gasoline ,1.5,1.0,True
Ford,2022,Used,46755.0,50901.0,4.9,Medium Earth Gray ,4WD,20.59922502075837,28.0,Diesel ,6.7,0.0,True
Tesla,2020,Used,56940.0,23881.0,4.5,– ,RWD,20.59922502075837,28.0,Unknown,2.96465882923282,0.0,False
Ford,2021,Used,6025.0,29595.0,4.2,Sandstone ,AWD,43.0,37.0,Hybrid ,2.5,0.0,True
Chevrolet,2021,Used,37453.0,19998.0,4.381503720140973,Black ,FWD,24.0,32.0,Gasoline ,1.4,0.0,True
Kia,2019,Used,3826.0,25985.0,4.381503720140973,Gray ,AWD,21.0,25.0,Gasoline ,2.4,0.0,False
Honda,2021,Used,23986.0,25499.0,4.7,– ,AWD,27.0,32.0,Gasoline ,2.96465882923282,0.0,True
Chevrolet,2020,Used,99484.0,21695.0,4.381503720140973,Black ,AWD,25.0,30.0,Gasoline ,1.5,0.0,True
Nissan,2023,Used,19358.0,34880.0,4.7,Charcoal ,AWD,28.0,34.0,Gasoline ,1.5,0.0,True
Mercedes-Benz,2018,Used,34512.0,38749.0,4.8,Black w/Red Stitching ,AWD,19.0,25.0,Gasoline ,2.96465882923282,0.0,False
Jeep,2021,Used,32193.0,35890.0,4.8,Black ,4WD,18.0,25.0,Gasoline ,3.6,0.0,True
Chevrolet,2021,Used,46984.0,32900.0,4.381503720140973,Gray ,RWD,20.59922502075837,28.0,Gasoline ,4.3,0.0,True
Tesla,2017,Used,44877.0,28995.0,4.6,Black ,AWD,20.59922502075837,28.0,Unknown,2.96465882923282,1.0,True
Jeep,2014,Used,102768.0,19395.0,4.381503720140973,Black ,4WD,17.0,24.0,E85 Flex Fuel ,3.6,0.0,others
GMC,2020,Used,69548.0,19239.0,4.8,Jet Black ,FWD,26.0,30.0,Gasoline ,1.5,1.0,False
Acura,2023,Certified,5340.0,46400.0,4.7,Red ,AWD,21.0,29.0,Gasoline ,2.0,0.0,True
Toyota,2019,Used,48954.0,20990.0,4.1,Black ,FWD,28.0,39.0,Gasoline ,2.5,1.0,False
Nissan,2023,Certified,1205.0,29000.0,4.5,Charcoal ,AWD,28.0,35.0,Gasoline ,1.5,0.0,True
Cadillac,2020,Used,39037.0,31873.0,4.4,Dark Auburn ,FWD,18.0,25.0,Gasoline ,3.6,1.0,True
Honda,2015,Used,78994.0,21195.0,4.381503720140973,Parchment ,FWD,27.0,36.0,Gasoline ,2.4,0.0,others
Acura,2017,Used,10897.0,149800.0,4.7,Red ,AWD,21.0,22.0,Gas/Electric Hyb ,3.5,0.0,False
Acura,2020,Used,36395.0,27999.0,4.6,Ebony ,AWD,21.0,27.0,Gasoline ,2.0,1.0,False
Hyundai,2019,Used,56728.0,19595.0,4.381503720140973,Beige ,FWD,40.0,46.0,Hybrid ,2.0,0.0,others
Nissan,2021,Used,23724.0,21595.0,4.5,Charcoal ,AWD,24.0,30.0,Gasoline ,2.0,0.0,True
Toyota,2018,Used,76265.0,16995.0,4.5,Black ,FWD,20.59922502075837,28.0,Gasoline ,1.8,0.0,False
Buick,2020,Certified,42030.0,32445.0,5.0,Dark Galvanized ,AWD,17.0,25.0,Gasoline ,3.6,0.0,True
BMW,2016,Used,51284.0,24544.0,4.0,– ,RWD,20.0,31.0,Gasoline ,3.0,0.0,False
BMW,2023,Used,6251.0,98495.0,4.5,Tartufo ,AWD,18.0,26.0,Gasoline ,4.4,0.0,True
Lexus,2018,Used,70892.0,31995.0,4.9,Rioja ,RWD,19.0,27.0,Gasoline ,3.5,0.0,False
RAM,2019,Used,91855.0,23995.0,4.7,GRAY ,FWD,0.0,0.0,Gasoline ,3.6,0.0,False
Buick,2021,Used,25253.0,18677.0,4.7,Ebony ,AWD,23.0,30.0,Gasoline ,1.4,0.0,False
Ford,2020,Used,27346.0,19995.0,4.6,Ebony ,FWD,27.0,33.0,Gasoline ,1.5,1.0,True
BMW,2016,Used,118766.0,13991.0,4.7,Black ,AWD,20.0,29.0,Gasoline ,3.0,1.0,True
BMW,2020,Used,20486.0,50991.0,4.7,Black ,RWD,18.0,25.0,Gasoline ,3.0,1.0,True
Tesla,2021,Used,79062.0,19895.0,4.6,Black ,RWD,20.59922502075837,28.0,Unknown,2.96465882923282,1.0,True
Dodge,2016,Used,95049.0,17498.0,5.0,Black ,RWD,19.0,30.0,Gasoline ,3.6,1.0,False
Alfa,2022,Used,5113.0,38990.0,4.3,Black ,AWD,22.0,28.0,Gasoline ,2.0,0.0,True
Ford,2019,Used,74833.0,22950.0,4.381503720140973,Ebony ,FWD,24.0,27.0,Gasoline ,2.96465882923282,1.0,True
Ford,2017,Used,71993.0,18995.0,4.4,Ebony ,AWD,20.0,27.0,Gasoline ,3.5,1.0,True
Tesla,2021,Used,58586.0,30797.0,4.8,Black ,AWD,20.59922502075837,28.0,Unknown,2.96465882923282,0.0,True
Kia,2016,Used,84596.0,10499.0,4.381503720140973,Black ,FWD,20.59922502075837,28.0,Gasoline ,2.4,1.0,False
Audi,2021,Certified,36905.0,44880.0,4.7,Black ,AWD,18.0,24.0,Gasoline ,3.0,0.0,True
GMC,2023,Used,15197.0,37525.0,4.5,Cocoa ,AWD,22.0,27.0,Gasoline ,3.6,0.0,True
Lexus,2023,Used,986.0,47988.0,4.8,Thunderstorm ,AWD,20.59922502075837,28.0,Unknown,2.96465882923282,0.0,True
Volvo,2017,Used,97000.0,28200.0,4.381503720140973,Black ,AWD,20.59922502075837,28.0,Gasoline ,2.0,0.0,False
Ford,2023,New,0.0,69340.0,4.6,Dark Slate ,AWD,20.59922502075837,28.0,Unknown,2.96465882923282,0.0,others
Audi,2015,Used,81506.0,19995.0,4.381503720140973,Black / Silver ,AWD,18.0,26.0,Gasoline ,3.0,1.0,False
Ford,2018,Used,120792.0,10795.0,4.6,Black ,4WD,22.0,28.0,Gasoline ,1.5,1.0,True
BMW,2016,Used,142310.0,12371.0,4.7,Black ,AWD,22.0,34.0,Gasoline ,2.0,0.0,False
Lexus,2022,Used,12920.0,79777.0,4.9,Black ,AWD,17.0,27.0,Gasoline ,3.5,0.0,True
Tesla,2015,Used,44532.0,19980.0,4.6,Tan ,AWD,20.59922502075837,28.0,Unknown,2.96465882923282,1.0,False
Toyota,2021,Used,39133.0,35350.0,4.9,Black ,AWD,20.0,27.0,Gasoline ,3.5,1.0,True
Lincoln,2019,Used,66077.0,17997.0,4.381503720140973,Ebony ,AWD,19.0,25.0,Gasoline ,2.0,0.0,False
Lamborghini,2018,Used,20413.0,299800.0,4.7,Nero Ade with Verde Fauns ,AWD,14.0,19.0,Gasoline ,5.2,0.0,False
Chevrolet,2019,Certified,8750.0,54991.0,4.6,Jet Black ,RWD,16.0,25.0,Gasoline ,6.2,0.0,True
Subaru,2016,Used,51070.0,18995.0,4.9,Slate Black ,AWD,25.0,33.0,Gasoline ,2.5,1.0,True
Chevrolet,2021,Certified,47052.0,24753.0,4.6,Jet Black ,FWD,18.0,27.0,Gasoline ,3.6,0.0,True
Ford,2023,New,17.0,82857.0,4.8,Black ,AWD,20.59922502075837,28.0,Unknown,2.96465882923282,0.0,others
Jeep,2020,Used,35728.0,24997.0,4.381503720140973,Black ,4WD,21.0,29.0,Gasoline ,2.4,0.0,False
Audi,2019,Used,97120.0,22500.0,4.381503720140973,Pistachio Beige ,AWD,19.0,25.0,Gasoline ,3.0,0.0,True
INFINITI,2023,New,10.0,61300.0,4.9,Graphite ,4WD,13.0,19.0,Gasoline ,5.6,0.0,others
Tesla,2022,Used,23098.0,69985.0,4.8,Black ,AWD,20.59922502075837,28.0,Unknown,2.96465882923282,0.0,True
Chevrolet,2022,Certified,29832.0,26817.0,5.0,Jet Black ,FWD,22.0,29.0,Gasoline ,2.0,0.0,True
Cadillac,2023,Used,6504.0,45000.0,4.5,Jet Black ,AWD,21.0,27.0,Gasoline ,3.6,0.0,True
RAM,2021,Used,36588.0,44998.0,4.3,Black ,4WD,19.0,24.0,Gasoline ,5.7,0.0,True
Toyota,2020,Used,16065.0,20211.0,4.7,Light Gray ,FWD,30.0,38.0,Gasoline ,1.8,0.0,False
Chevrolet,2014,Used,113170.0,9975.0,4.9,Jet Black ,FWD,22.0,32.0,Gasoline ,2.4,0.0,False
Chevrolet,2019,Used,80428.0,15471.0,4.6,Jet Black ,FWD,29.0,36.0,Gasoline ,1.5,0.0,False
Ford,2020,Used,50683.0,18568.0,4.6,Ebony ,FWD,27.0,33.0,Gasoline ,1.5,0.0,True
Toyota,2022,Used,21291.0,21524.0,4.381503720140973,Black ,FWD,31.0,40.0,Gasoline ,2.0,1.0,True
Honda,2016,Used,116905.0,17650.0,4.1,Black ,FWD,21.0,34.0,Gasoline ,3.5,0.0,True
Nissan,2023,Used,12941.0,32298.0,4.7,Charcoal ,4WD,17.0,22.0,Gasoline ,3.8,0.0,True
Chevrolet,2016,Used,60385.0,19477.0,4.7,Dark Titanium / Light Titanium ,AWD,15.0,22.0,Gasoline ,3.6,0.0,False
Dodge,2018,Used,64590.0,14850.0,4.381503720140973,Black Cloth ,FWD,19.0,25.0,Gasoline ,2.4,1.0,True
BMW,2023,Certified,16025.0,39997.0,4.1,Mocha ,AWD,25.0,34.0,Gasoline ,2.0,0.0,True
Nissan,2018,Used,106043.0,15995.0,4.381503720140973,Charcoal ,FWD,26.0,33.0,Gasoline ,2.5,0.0,False
Hyundai,2021,Used,25790.0,22998.0,4.381503720140973,Black ,FWD,31.0,41.0,Gasoline ,2.0,0.0,True
Nissan,2022,Used,20793.0,33495.0,4.8,Gray ,4WD,17.0,22.0,Gasoline ,3.8,0.0,True
Genesis,2021,Used,44580.0,31401.0,4.9,Black ,AWD,17.0,25.0,Gasoline ,3.3,1.0,True
Audi,2016,Used,140550.0,7995.0,4.381503720140973,Rock Gray ,AWD,20.0,28.0,Gasoline ,2.0,1.0,False
Buick,2016,Used,82639.0,11543.0,4.8,Ebony ,FWD,28.0,34.0,Gasoline ,1.4,0.0,True
Lincoln,2023,New,4.0,46015.0,4.381503720140973,Ebony ,AWD,21.0,28.0,Gasoline ,2.0,0.0,others
Kia,2019,Used,51031.0,16895.0,4.381503720140973,Black ,FWD,30.0,40.0,Gasoline ,2.0,0.0,False
Ford,2020,Used,29284.0,22947.0,3.8,Ebony ,FWD,44.0,37.0,Hybrid ,2.96465882923282,0.0,True
Volkswagen,2017,Used,85102.0,20495.0,4.381503720140973,Titan Black ,FWD,25.0,34.0,Gasoline ,1.8,0.0,False
Buick,2016,Used,111826.0,15900.0,4.381503720140973,Tan ,AWD,15.0,22.0,Gasoline ,3.6,0.0,False
Rolls-Royce,2021,Used,1798.0,468800.0,4.381503720140973,Black ,RWD,12.0,18.0,Gasoline ,6.6,0.0,False
Lincoln,2023,New,8.0,48662.0,4.381503720140973,Cashew ,AWD,21.0,28.0,Gasoline ,2.0,0.0,others
BMW,2019,Used,33159.0,24900.0,4.7,Canberra Beige ,AWD,25.0,34.0,Gasoline ,2.0,0.0,False
Tesla,2022,Used,71340.0,24995.0,4.6,Black ,AWD,20.59922502075837,28.0,Unknown,2.96465882923282,1.0,True
Tesla,2021,Used,60635.0,31777.0,4.381503720140973,Black ,AWD,20.59922502075837,28.0,Unknown,2.96465882923282,0.0,True
Nissan,2022,Used,9421.0,26345.0,4.7,Graphite ,AWD,20.0,28.0,Gasoline ,3.5,0.0,True
Ford,2023,New,10.0,65235.0,4.9,Black ,AWD,20.59922502075837,28.0,Unknown,2.0,0.0,others
Buick,2014,Used,80390.0,10985.0,4.381503720140973,Ebony ,FWD,20.59922502075837,28.0,Gasoline ,2.4,0.0,False
Chevrolet,2019,Used,42375.0,40950.0,4.381503720140973,Gray ,RWD,20.59922502075837,28.0,E85 Flex Fuel ,6.0,1.0,True
Chevrolet,2017,Used,108164.0,7555.0,4.381503720140973,Jet Black ,FWD,24.0,34.0,Gasoline ,1.8,0.0,True
Ford,2014,Used,73861.0,11989.0,4.7,Charcoal Black ,FWD,23.0,32.0,Gasoline ,2.0,0.0,True
Rolls-Royce,2016,Used,34676.0,168800.0,4.381503720140973,Moccasin ,RWD,13.0,21.0,Gasoline ,6.6,0.0,False
Chrysler,2017,Used,109231.0,13995.0,4.381503720140973,Black ,FWD,19.0,28.0,Gasoline ,3.6,0.0,False
Buick,2017,Used,52054.0,17684.0,4.5,Light Neutral ,AWD,21.0,28.0,Gasoline ,2.5,0.0,False
Audi,2017,Used,92172.0,21500.0,4.4,Rock Gray ,AWD,19.0,25.0,Gasoline ,3.0,0.0,True
Tesla,2020,Used,39980.0,25985.0,4.3,Black ,AWD,20.59922502075837,28.0,Unknown,2.96465882923282,0.0,True
Mercedes-Benz,2023,Used,4266.0,48999.0,4.7,Black ,RWD,20.59922502075837,28.0,Diesel ,2.0,0.0,True
Ferrari,2018,Certified,1836.0,279999.0,4.381503720140973,Crema ,RWD,15.0,22.0,Gasoline ,3.9,0.0,True
Nissan,2022,Certified,6873.0,22500.0,4.7,Charcoal ,AWD,20.59922502075837,28.0,Gasoline ,2.0,0.0,True
BMW,2018,Used,35000.0,53000.0,4.381503720140973,Black ,RWD,20.59922502075837,28.0,Gasoline ,3.0,0.0,False
Chevrolet,2021,Certified,22040.0,19999.0,4.7,Medium Ash Gray ,FWD,26.0,31.0,Gasoline ,1.5,0.0,True
Jeep,2023,New,285.0,61250.0,3.7,Global Black ,4WD,0.0,0.0,Hybrid ,2.96465882923282,0.0,others
Mercedes-Benz,2023,New,5.0,48323.0,4.8,– ,RWD,18.0,22.0,Gasoline ,2.0,0.0,others
RAM,2021,Used,74948.0,24949.0,4.6,Diesel Gray/Black ,4WD,16.0,23.0,Gasoline ,3.6,0.0,True
RAM,2023,New,23.0,54200.0,4.0,Black ,4WD,20.59922502075837,28.0,Gasoline ,6.4,0.0,others
Chevrolet,2022,Used,82623.0,40994.0,4.4,Jet Black ,4WD,14.0,19.0,Gasoline ,5.3,0.0,True
Ford,2019,Used,70554.0,12900.0,4.381503720140973,Chromite Gray/Charcoal Black ,FWD,21.0,29.0,Gasoline ,2.5,1.0,False
Volkswagen,2021,Used,24989.0,35995.0,4.6,– ,AWD,17.0,23.0,Gasoline ,3.6,0.0,False
Jeep,2022,Used,12560.0,27000.0,4.0,Black ,4WD,22.0,30.0,Gasoline ,2.4,0.0,True
Honda,2018,Used,24044.0,26985.0,4.381503720140973,Gray ,FWD,26.0,32.0,Gasoline ,2.4,0.0,False
Buick,2021,Certified,8944.0,34950.0,4.5,Whisper Beige ,AWD,22.0,29.0,Gasoline ,2.0,0.0,True
Tesla,2019,Used,21482.0,26372.0,4.7,White/Black ,AWD,20.59922502075837,28.0,Unknown,2.96465882923282,0.0,False
Chevrolet,2023,Certified,11120.0,44989.0,4.6,Jet Black ,RWD,16.0,26.0,Gasoline ,6.2,0.0,True
Chevrolet,2020,Certified,36952.0,18290.0,5.0,Jet Black ,FWD,26.0,31.0,Gasoline ,1.4,0.0,True
Ford,2020,Certified,25364.0,32995.0,4.8,Ebony ,4WD,20.0,24.0,Gasoline ,2.3,0.0,False
Honda,2021,Used,35761.0,30998.0,4.381503720140973,Gray ,AWD,27.0,32.0,Gasoline ,1.5,0.0,True
Lincoln,2020,Used,25432.0,25673.0,4.4,Cappuccino ,AWD,20.0,29.0,Gasoline ,2.0,0.0,True
Cadillac,2015,Used,108425.0,26490.0,5.0,BLK ,4WD,14.0,21.0,Gasoline ,6.2,1.0,False
Cadillac,2020,Used,74425.0,22530.0,4.4,Jet Black ,FWD,18.0,26.0,Gasoline ,3.6,0.0,False
Lexus,2020,Used,75453.0,39988.0,4.9,Black ,4WD,15.0,19.0,Gasoline ,4.6,1.0,False
Acura,2021,Used,27809.0,29995.0,4.5,Ebony ,AWD,21.0,27.0,Gasoline ,2.0,0.0,True
Cadillac,2018,Used,43099.0,39010.0,4.8,Black ,4WD,14.0,21.0,Gasoline ,6.2,0.0,True
Ford,2016,Used,41803.0,20824.0,4.381503720140973,– ,FWD,21.0,30.0,Gasoline ,2.0,0.0,True
Chevrolet,2021,Used,108682.0,15995.0,4.381503720140973,Medium Ash Gray ,AWD,25.0,30.0,Gasoline ,1.5,0.0,True
RAM,2017,Used,129587.0,22995.0,4.381503720140973,Black ,4WD,16.0,12.0,Gasoline ,5.7,0.0,False
Acura,2020,Used,46539.0,25495.0,4.5,Ebony ,FWD,22.0,28.0,Gasoline ,2.0,1.0,True
Ford,2022,Used,22682.0,36195.0,4.6,Ebony ,4WD,19.0,24.0,Gasoline ,2.3,0.0,True
Ford,2018,Used,65595.0,18000.0,4.1,Medium Stone ,4WD,16.0,22.0,Gasoline ,3.5,1.0,False
Mercedes-Benz,2021,Used,12889.0,59999.0,4.7,Black ,AWD,19.0,27.0,Gasoline ,3.0,0.0,True
Tesla,2019,Used,90492.0,16995.0,4.381503720140973,Black ,RWD,20.59922502075837,28.0,Unknown,2.96465882923282,1.0,False
Audi,2019,Used,69244.0,36495.0,4.6,Black ,AWD,17.0,22.0,Hybrid ,3.0,0.0,False
Lincoln,2023,Used,6222.0,47500.0,3.9,Brown ,AWD,20.0,25.0,Gasoline ,2.0,0.0,True
Lincoln,2023,New,5.0,55030.0,4.7,Ebony ,AWD,20.59922502075837,28.0,Hybrid ,2.5,0.0,others
Mercedes-Benz,2016,Used,67427.0,40991.0,4.381503720140973,Black ,AWD,16.0,26.0,Gasoline ,4.7,1.0,False
RAM,2023,New,10.0,60813.0,4.0,Black ,FWD,20.59922502075837,28.0,Gasoline ,3.6,0.0,others
Volkswagen,2015,Used,72940.0,18977.0,4.381503720140973,Titan Black ,FWD,31.0,42.0,Diesel ,2.0,1.0,True
Audi,2021,Used,20234.0,41399.0,4.8,Black ,AWD,20.0,28.0,Gasoline ,2.96465882923282,0.0,True
Chevrolet,2023,Used,3474.0,67500.0,4.5,Jet Black ,4WD,15.0,20.0,Gasoline ,5.3,0.0,others
Jeep,2019,Used,20323.0,20998.0,4.381503720140973,Black ,4WD,21.0,29.0,Gasoline ,2.4,0.0,False
Lexus,2017,Used,55207.0,27149.0,4.4,Rioja Red ,AWD,19.0,26.0,Gasoline ,3.5,0.0,True
Tesla,2020,Used,102582.0,18999.0,4.381503720140973,Black and White ,AWD,20.59922502075837,28.0,Unknown,2.96465882923282,0.0,others
Volvo,2021,Used,30687.0,44989.0,4.7,Blond ,AWD,20.59922502075837,28.0,Hybrid ,2.0,1.0,True
Tesla,2019,Used,72108.0,36995.0,4.6,Cream ,AWD,20.59922502075837,28.0,Unknown,2.96465882923282,0.0,True
Cadillac,2021,Used,44880.0,36598.0,4.7,Black ,AWD,18.0,25.0,Gasoline ,3.6,0.0,True
Nissan,2021,Used,18014.0,17990.0,4.1,Graphite ,FWD,32.0,40.0,Gasoline ,1.6,0.0,others
Volvo,2022,Used,32199.0,40990.0,4.3,Maroon Brown ,AWD,20.59922502075837,28.0,Hybrid ,2.0,0.0,True
Mercedes-Benz,2014,Used,118379.0,19995.0,4.381503720140973,Black ,RWD,17.0,25.0,Gasoline ,4.6,0.0,False
BMW,2017,Used,68838.0,22495.0,3.7,Mocha ,AWD,0.0,0.0,Gasoline ,2.0,1.0,False
Jeep,2018,Used,114696.0,14495.0,4.1,Black ,4WD,24.0,31.0,Gasoline ,2.4,0.0,True
Tesla,2022,Used,19969.0,27801.0,4.381503720140973,Black ,RWD,20.59922502075837,28.0,Unknown,2.96465882923282,0.0,True
Volkswagen,2017,Used,92346.0,12788.0,4.381503720140973,Gray ,AWD,22.0,30.0,Gasoline ,1.8,1.0,True
Toyota,2023,Used,10978.0,24995.0,4.1,Black / Red ,FWD,31.0,40.0,Gasoline ,2.0,0.0,True
Ford,2023,New,0.0,71995.0,4.6,Black/Medium Dark Slate ,AWD,20.59922502075837,28.0,Unknown,2.96465882923282,0.0,others
Ford,2020,Certified,70780.0,16995.0,4.2,Ebony Black ,FWD,27.0,29.0,Gasoline ,1.0,0.0,True
Dodge,2019,Used,105051.0,17998.0,4.381503720140973,Black ,AWD,16.0,24.0,Gasoline ,3.6,0.0,False
Subaru,2021,Used,27141.0,20300.0,4.3,Gray ,AWD,27.0,35.0,Gasoline ,2.5,0.0,True
Hyundai,2016,Used,17811.0,22999.0,4.2,Black ,RWD,17.0,24.0,Gasoline ,3.8,0.0,False
Ford,2023,Used,2371.0,47500.0,4.3,Gray ,AWD,20.59922502075837,28.0,Unknown,2.96465882923282,0.0,True
Genesis,2022,Used,20170.0,34849.0,4.2,Black ,AWD,17.0,25.0,Gasoline ,3.3,0.0,False
Ford,2020,Used,112417.0,27995.0,4.381503720140973,Black ,RWD,0.0,0.0,Gasoline ,3.5,0.0,True
Toyota,2014,Used,132528.0,14434.0,4.9,Black ,FWD,21.0,31.0,Gasoline ,3.5,0.0,False
Lexus,2022,Used,26004.0,41995.0,4.9,Rose ,AWD,22.0,29.0,Gasoline ,2.4,0.0,True
Genesis,2023,Used,19191.0,34750.0,4.6,Obsidian Black/Sandstorm Gray ,AWD,20.0,28.0,Gasoline ,2.0,0.0,True
Tesla,2020,Used,17720.0,39998.0,4.381503720140973,White / Black ,AWD,20.59922502075837,28.0,Unknown,2.96465882923282,0.0,False
Jeep,2014,Used,121452.0,8277.0,4.2,Dark Slate Gray ,4WD,21.0,27.0,Gasoline ,2.4,0.0,True
Ford,2020,Used,40431.0,17994.0,4.7,Sandstone ,FWD,27.0,33.0,Gasoline ,1.5,0.0,True
Nissan,2017,Used,42078.0,19200.0,4.8,Charcoal ,4WD,19.0,26.0,Gasoline ,3.5,0.0,True
Mazda,2023,Used,5497.0,27495.0,4.8,Black ,AWD,26.0,33.0,Gasoline ,2.5,0.0,False
Chevrolet,2021,Certified,29845.0,28988.0,5.0,Jet Black ,FWD,18.0,27.0,Gasoline ,3.6,0.0,True
Toyota,2020,Used,116062.0,14000.0,4.4,Light Gray ,FWD,31.0,40.0,Gasoline ,2.0,0.0,False
Kia,2020,Used,78706.0,18195.0,4.381503720140973,Black ,FWD,20.59922502075837,28.0,Gasoline ,2.0,1.0,False
Aston,2023,New,211.0,241386.0,4.9,Saddle Tan ,AWD,14.0,20.0,Gasoline ,4.0,0.0,others
Ford,2016,Used,86344.0,15795.0,4.381503720140973,Dune ,4WD,15.0,20.0,Gasoline ,3.5,0.0,False
Tesla,2018,Used,36209.0,31372.0,4.7,Black ,AWD,20.59922502075837,28.0,Unknown,2.96465882923282,0.0,False
Lincoln,2021,Used,35599.0,47988.0,4.7,Roast ,AWD,17.0,24.0,Gasoline ,3.0,0.0,True
Chevrolet,2021,Used,42272.0,24571.0,4.6,Jet Black ,AWD,25.0,30.0,Gasoline ,1.5,1.0,True
Ford,2023,New,5.0,83927.0,4.8,Platinum Black ,AWD,20.59922502075837,28.0,Unknown,2.96465882923282,0.0,others
Buick,2016,Used,103969.0,14495.0,4.5,Choccachino ,AWD,15.0,22.0,Gasoline ,3.6,0.0,False
Mercedes-Benz,2016,Used,62905.0,42790.0,4.3,Black ,RWD,18.0,25.0,Gasoline ,4.0,1.0,False
Honda,2019,Used,76870.0,23798.0,5.0,Mocha ,FWD,19.0,28.0,Gasoline ,3.5,1.0,False
Ford,2021,Used,45376.0,38495.0,4.4,Ebony ,4WD,18.0,24.0,Gasoline ,3.0,0.0,True
Lexus,2023,Used,8058.0,47880.0,4.9,– ,AWD,20.59922502075837,28.0,Unknown,2.96465882923282,0.0,True
Hyundai,2023,New,0.0,33276.0,4.381503720140973,Beige ,AWD,22.0,25.0,Gasoline ,2.5,0.0,others
Volkswagen,2014,Used,54898.0,16500.0,4.6,Cornsilk Beige ,FWD,22.0,30.0,Gasoline ,2.0,0.0,True
Chevrolet,2023,Certified,6935.0,24430.0,4.7,Jet Black ,FWD,27.0,35.0,Gasoline ,1.5,0.0,True
Toyota,2019,Used,71865.0,17880.0,4.381503720140973,Black ,FWD,28.0,41.0,Gasoline ,2.5,1.0,False
Ford,2021,Certified,23158.0,41995.0,4.2,Dark Palazzo Gray ,RWD,0.0,0.0,Gasoline ,3.5,0.0,False
Chrysler,2022,Certified,64738.0,27990.0,4.8,Black/Alloy/Black ,FWD,19.0,28.0,Gasoline ,3.6,0.0,True
Ford,2023,New,18.0,34472.0,4.6,Navy Pier ,4WD,25.0,28.0,Gasoline ,1.5,0.0,others
Hyundai,2020,Used,98714.0,16440.0,4.3,Black ,FWD,27.0,37.0,Gasoline ,2.5,0.0,True
Audi,2020,Used,37328.0,27998.0,4.381503720140973,Black ,AWD,22.0,28.0,Gasoline ,2.0,0.0,True
Ford,2023,New,67.0,53361.0,4.6,Light Space Gray ,AWD,20.59922502075837,28.0,Unknown,2.96465882923282,0.0,others
Chevrolet,2018,Used,67942.0,15195.0,4.5,Jet Black ,AWD,24.0,30.0,Gasoline ,1.5,0.0,True
Nissan,2023,New,5.0,36926.0,4.7,Charcoal ,FWD,29.0,36.0,Gasoline ,1.5,0.0,others
Jeep,2022,New,777.0,57000.0,4.0,Steel Gray ,4WD,20.59922502075837,28.0,Hybrid ,2.0,0.0,others
Kia,2023,Used,9628.0,47501.0,4.4,– ,AWD,18.0,24.0,Gasoline ,3.8,0.0,True
Chevrolet,2020,Certified,26307.0,71900.0,5.0,Jet Black ,RWD,15.0,27.0,Gasoline ,6.2,0.0,True
Chevrolet,2016,Used,67101.0,24995.0,4.381503720140973,Black ,4WD,16.0,22.0,Gasoline ,5.3,1.0,True
Tesla,2022,Used,54097.0,24941.0,4.381503720140973,Black ,RWD,20.59922502075837,28.0,Unknown,2.96465882923282,0.0,True
Cadillac,2019,Used,61562.0,23998.0,4.381503720140973,Black ,FWD,19.0,26.0,Gasoline ,3.6,1.0,False
Honda,2016,Used,74395.0,22495.0,4.1,Gray ,FWD,19.0,28.0,Gasoline ,3.5,0.0,False
RAM,2021,Used,58350.0,44999.0,4.3,Black ,4WD,15.0,21.0,Gasoline ,5.7,0.0,True
GMC,2017,Used,77039.0,17991.0,4.2,Jet Black ,FWD,21.0,25.0,Gasoline ,3.6,0.0,True
Lamborghini,2017,Used,1233.0,259877.0,4.381503720140973,Nero Ade ,AWD,14.0,21.0,Gasoline ,5.2,0.0,True
Tesla,2023,Used,24426.0,27813.0,4.381503720140973,Black ,RWD,20.59922502075837,28.0,Unknown,2.96465882923282,0.0,True
Volkswagen,2021,Used,25410.0,25995.0,4.1,Black ,AWD,21.0,27.0,Gasoline ,2.0,0.0,True
Chevrolet,2020,Used,81854.0,16949.0,4.6,Medium Ash Gray ,AWD,25.0,30.0,Gasoline ,1.5,1.0,True
Chevrolet,2022,Certified,24450.0,40306.0,4.7,Jet Black ,4WD,16.0,18.0,Gasoline ,3.6,1.0,True
Honda,2016,Used,87471.0,17900.0,4.2,Black ,FWD,27.0,37.0,Gasoline ,2.4,0.0,False
Jeep,2015,Used,98545.0,19695.0,4.381503720140973,Black ,4WD,16.0,21.0,Gasoline ,3.6,0.0,False
Nissan,2023,Used,16356.0,32367.0,4.9,Charcoal ,4WD,17.0,22.0,Gasoline ,3.8,0.0,True
Cadillac,2021,Used,44048.0,33995.0,4.6,Cirrus ,AWD,18.0,26.0,Gasoline ,3.6,0.0,True
Kia,2020,Used,18706.0,18000.0,4.6,Black ,FWD,23.0,30.0,Gasoline ,2.4,1.0,True
BMW,2021,Used,36835.0,45995.0,4.7,Coffee ,AWD,21.0,25.0,Gasoline ,3.0,0.0,True
Ford,2023,New,0.0,41095.0,4.6,Black Onyx ,AWD,22.0,28.0,Gasoline ,2.0,0.0,others
Chevrolet,2019,Used,26254.0,17945.0,4.9,Jet Black ,AWD,24.0,29.0,Gasoline ,1.4,0.0,True
Jaguar,2021,Used,9110.0,33950.0,4.5,Caraway ,AWD,20.0,26.0,Gasoline ,2.0,0.0,True
Ford,2023,New,5.0,55488.0,4.4,Ebony ,4WD,23.0,24.0,Gasoline ,3.0,0.0,others
Chevrolet,2019,Used,65169.0,14881.0,4.5,Jet Black ,FWD,26.0,31.0,Gasoline ,1.4,0.0,False
BMW,2022,Used,31377.0,63974.0,4.7,Tartufo ,AWD,19.0,24.0,Gasoline ,3.0,1.0,True
Cadillac,2023,Used,24763.0,150000.0,4.0,Jet Black ,4WD,11.0,16.0,Gasoline ,6.2,0.0,False
Lincoln,2023,New,9.0,70025.0,4.381503720140973,Ebony ,AWD,17.0,24.0,Gasoline ,3.0,0.0,others
Nissan,2022,Used,23681.0,32225.0,4.3,Charcoal w/Lava Red Stitch ,4WD,17.0,22.0,Gasoline ,3.8,0.0,True
Chevrolet,2021,Used,32742.0,23998.0,4.381503720140973,Black ,FWD,26.0,31.0,Gasoline ,1.5,1.0,True
Cadillac,2019,Used,102318.0,26000.0,4.4,Dark Auburn ,AWD,18.0,26.0,Gasoline ,3.0,0.0,False
Volkswagen,2023,Used,2374.0,44990.0,4.9,Mistral Gray / Raven ,AWD,22.0,31.0,Gasoline ,2.0,0.0,False
INFINITI,2015,Used,1592.0,18155.0,4.3,Graphite ,RWD,19.0,27.0,Gasoline ,3.7,0.0,False
Mercedes-Benz,2021,Used,15996.0,56943.0,4.8,AMG Cranberry Red ,RWD,17.0,26.0,Gasoline ,4.0,0.0,False
RAM,2022,Used,36865.0,44312.0,4.0,– ,4WD,20.59922502075837,28.0,Diesel ,6.7,0.0,True
Fisker,2023,Used,1802.0,40901.0,4.9,Indigo ,AWD,20.59922502075837,28.0,Unknown,2.96465882923282,0.0,True
Aston,2014,Used,54533.0,55000.0,4.9,Black ,RWD,13.0,19.0,Gasoline ,6.0,1.0,False
Ford,2022,Certified,5972.0,39787.0,4.8,Ebony ,AWD,19.0,25.0,Gasoline ,2.7,0.0,True
Audi,2021,Certified,52521.0,38670.0,4.7,Black ,AWD,19.0,23.0,Gasoline ,2.0,0.0,True
Ford,2020,Used,33340.0,38772.0,4.7,Ebony ,4WD,17.0,22.0,Gasoline ,3.5,1.0,True
Tesla,2020,Used,32775.0,43372.0,4.7,Black ,AWD,20.59922502075837,28.0,Unknown,2.96465882923282,0.0,True
Honda,2019,Used,29782.0,26494.0,4.6,– ,AWD,27.0,33.0,Gasoline ,1.5,0.0,True
Kia,2017,Used,48050.0,18998.0,4.381503720140973,Gray ,AWD,21.0,25.0,Gasoline ,2.4,0.0,True
Nissan,2018,Used,111035.0,16800.0,4.381503720140973,Black ,AWD,21.0,28.0,Gasoline ,3.5,1.0,False
Kia,2017,Used,101825.0,10495.0,4.381503720140973,Gray ,FWD,25.0,36.0,Gasoline ,2.4,0.0,False
Porsche,2018,Used,65668.0,37491.0,4.7,Black ,AWD,17.0,23.0,Gasoline ,3.0,0.0,True
Chevrolet,2021,Used,71413.0,29772.0,4.8,Jet Black ,AWD,17.0,25.0,Gasoline ,3.6,1.0,True
Ford,2018,Certified,42968.0,29995.0,4.2,– ,4WD,16.0,22.0,Gasoline ,3.5,0.0,True
Chevrolet,2022,Used,26297.0,35400.0,4.7,Jet Black ,AWD,19.0,26.0,Gasoline ,3.6,0.0,True
Honda,2021,Certified,29821.0,35599.0,4.9,Black ,AWD,18.0,24.0,Gasoline ,3.5,0.0,True
Mercedes-Benz,2019,Used,32920.0,26800.0,4.1,– ,FWD,24.0,35.0,Gasoline ,2.0,1.0,True
Nissan,2021,Used,55858.0,18495.0,4.1,Charcoal ,AWD,25.0,32.0,Gasoline ,2.5,1.0,True
Ford,2023,Used,16926.0,27401.0,4.9,Ebony ,AWD,26.0,32.0,Gasoline ,1.5,0.0,True
Honda,2019,Used,27925.0,34985.0,4.8,Beige ,FWD,19.0,28.0,Gasoline ,3.5,0.0,True
Dodge,2022,Certified,26065.0,44498.0,4.9,Black ,AWD,14.0,22.0,Gasoline ,5.7,0.0,True
Volkswagen,2023,Certified,9560.0,23240.0,4.9,Gray / Black ,AWD,25.0,32.0,Gasoline ,1.5,0.0,True
Honda,2022,Used,15189.0,35771.0,4.6,Black ,FWD,19.0,28.0,Gasoline ,3.5,0.0,True
Cadillac,2021,Used,32428.0,34800.0,4.5,Jet Black ,AWD,21.0,27.0,Gasoline ,3.6,0.0,True
BMW,2020,Used,15870.0,56888.0,4.3,Ivory White ,AWD,17.0,25.0,Gasoline ,4.4,0.0,False
Chevrolet,2021,Used,28560.0,18571.0,4.6,Jet Black ,FWD,24.0,32.0,Gasoline ,1.4,1.0,True
Mercedes-Benz,2023,New,10.0,57506.0,4.6,Black ,RWD,18.0,22.0,Gasoline ,2.0,0.0,others
Audi,2023,Used,865.0,229800.0,4.7,Black w/ Express Red Stitching ,AWD,13.0,18.0,Gasoline ,5.2,0.0,False
Ford,2019,Used,31281.0,20987.0,3.8,Charcoal Black ,4WD,22.0,28.0,Gasoline ,2.96465882923282,0.0,True
INFINITI,2016,Used,82231.0,19995.0,4.381503720140973,Graphite ,AWD,18.0,24.0,Gasoline ,3.7,1.0,False
Nissan,2021,Used,32940.0,25599.0,4.7,Charcoal ,AWD,25.0,32.0,Gasoline ,2.5,0.0,True
Jeep,2023,New,23.0,60490.0,4.7,Global Black ,4WD,20.59922502075837,28.0,Hybrid ,2.0,0.0,others
Ford,2014,Used,122314.0,6995.0,4.5,Charcoal Black ,FWD,28.0,36.0,Gasoline ,1.6,0.0,False
BMW,2021,Certified,39416.0,36992.0,4.4,Canberra Beige ,AWD,20.59922502075837,28.0,Hybrid ,2.0,0.0,True
Audi,2021,Used,58104.0,25099.0,4.5,Black ,AWD,23.0,28.0,Gasoline ,2.0,0.0,True
Lincoln,2022,Used,12148.0,55000.0,4.9,Ebony ,AWD,17.0,24.0,Gasoline ,3.0,0.0,False
Mercedes-Benz,2019,Used,54617.0,33980.0,4.6,BEIGE ,AWD,16.0,22.0,Gasoline ,3.0,1.0,True
Chevrolet,2020,Certified,60023.0,26780.0,5.0,Jet Black ,FWD,18.0,27.0,Gasoline ,3.6,1.0,True
Volvo,2020,Used,61688.0,33800.0,4.1,– ,AWD,18.0,26.0,Gasoline ,2.0,1.0,False
Mercedes-Benz,2023,Certified,2126.0,48991.0,4.8,Black ,RWD,25.0,32.0,Gasoline ,2.0,0.0,False
Mercedes-Benz,2023,Used,2245.0,115595.0,4.7,Black ,AWD,16.0,25.0,Gasoline ,4.0,0.0,False
BMW,2020,Used,59917.0,41800.0,4.6,Black ,AWD,20.0,25.0,Gasoline ,3.0,0.0,False
Nissan,2014,Used,119198.0,7900.0,4.4,– ,FWD,39.0,39.0,Gasoline ,1.8,1.0,False
Mercedes-Benz,2023,Used,3456.0,51999.0,4.7,Black ,RWD,20.59922502075837,28.0,Gasoline ,2.0,0.0,False
Mercedes-Benz,2022,Used,9215.0,37995.0,4.8,Black ,AWD,20.59922502075837,28.0,Unknown,2.96465882923282,0.0,True
Chevrolet,2019,Used,81422.0,32000.0,4.0,Jet Black ,4WD,15.0,21.0,Gasoline ,5.3,1.0,False
Toyota,2017,Used,59153.0,16500.0,4.4,Steel Gray ,FWD,27.0,36.0,Gasoline ,1.8,1.0,False
Nissan,2017,Used,75444.0,16795.0,4.381503720140973,Black ,AWD,25.0,32.0,Gasoline ,2.5,1.0,False
Lincoln,2022,Certified,12070.0,32128.0,4.2,Ebony ,AWD,20.59922502075837,28.0,Gasoline ,2.0,1.0,True
Ford,2019,Used,51374.0,15477.0,4.8,Chromite Gray ,FWD,21.0,29.0,E85 Flex Fuel ,2.5,0.0,False
Dodge,2020,Used,23081.0,38995.0,4.381503720140973,Sepia/Black ,AWD,14.0,22.0,Gasoline ,5.7,1.0,False
Genesis,2020,Used,37391.0,28298.0,4.3,Black w/Gray Stitching ,RWD,17.0,26.0,Gasoline ,3.3,1.0,False
Dodge,2021,Certified,56619.0,27881.0,4.5,Black ,AWD,18.0,25.0,Gasoline ,3.6,0.0,True
Acura,2016,Used,78000.0,17500.0,4.381503720140973,Black ,AWD,20.59922502075837,28.0,Gasoline ,3.5,0.0,False
Hyundai,2020,Used,43681.0,21490.0,4.7,Beige ,AWD,21.0,26.0,Gasoline ,2.4,1.0,True
Lexus,2020,Used,30707.0,37000.0,4.4,Birch ,FWD,20.0,27.0,Gasoline ,3.5,1.0,True
Mercedes-Benz,2023,Certified,2843.0,84993.0,4.8,Black ,AWD,18.0,22.0,Gasoline ,3.0,0.0,False
Ferrari,2018,Certified,5822.0,287499.0,4.381503720140973,Rosso Ferrari ,RWD,15.0,22.0,Gasoline ,3.9,0.0,False
Chevrolet,2017,Used,6492.0,40895.0,4.4,Medium Ash Gray ,RWD,17.0,27.0,Gasoline ,6.2,0.0,False
Kia,2022,Used,44144.0,22995.0,4.5,Black ,AWD,23.0,25.0,Gasoline ,2.5,1.0,True
Chevrolet,2018,Used,71095.0,14687.0,4.7,Medium Ash Gray ,FWD,26.0,32.0,Gasoline ,1.5,0.0,True
Nissan,2017,Used,52566.0,18995.0,4.1,Grey ,FWD,24.0,26.0,Gasoline ,2.0,1.0,True
Porsche,2015,Used,18378.0,78994.0,4.6,Black ,RWD,19.0,26.0,Gasoline ,3.4,0.0,False
BMW,2023,New,42.0,165895.0,4.1,Silverstone ,AWD,20.59922502075837,28.0,Hybrid ,4.4,0.0,others
RAM,2022,Used,18567.0,44990.0,4.3,Diesel Gray / Black ,4WD,20.59922502075837,28.0,Gasoline ,5.7,0.0,True
Porsche,2017,Used,70176.0,31400.0,3.9,Black ,AWD,20.59922502075837,28.0,Gasoline ,3.0,0.0,False
Chevrolet,2021,Certified,28195.0,37477.0,5.0,Jet Black ,4WD,16.0,18.0,Gasoline ,3.6,0.0,True
Honda,2018,Used,91513.0,16988.0,4.4,– ,FWD,47.0,47.0,Hybrid ,2.0,0.0,False
Honda,2019,Used,45086.0,23295.0,4.5,– ,AWD,27.0,33.0,Gasoline ,1.5,0.0,True
Jeep,2018,Used,36335.0,36995.0,4.4,Black ,4WD,17.0,23.0,Gasoline ,3.6,0.0,True
Mazda,2023,Used,3840.0,26798.0,4.381503720140973,Red ,AWD,26.0,33.0,Gasoline ,2.5,0.0,False
Ford,2023,New,3.0,81590.0,4.3,Black ,AWD,20.59922502075837,28.0,Unknown,2.96465882923282,0.0,others
Mercedes-Benz,2022,Certified,11082.0,42994.0,4.8,Black ,AWD,23.0,33.0,Gasoline ,2.0,0.0,True
Chevrolet,2018,Used,41477.0,28772.0,4.8,Black ,4WD,17.0,24.0,Gasoline ,3.6,1.0,True
Mercedes-Benz,2019,Used,52877.0,37593.0,4.8,Black ,AWD,16.0,22.0,Gasoline ,3.0,1.0,True
Mazda,2021,Used,35698.0,27995.0,4.381503720140973,Black ,AWD,20.0,26.0,Gasoline ,2.5,1.0,True
Honda,2017,Used,63574.0,23430.0,4.9,Black ,AWD,18.0,26.0,Gasoline ,3.5,0.0,False
Acura,2023,Certified,2976.0,38610.0,4.1,Ebony ,AWD,21.0,29.0,Gasoline ,2.0,0.0,True
Jeep,2022,Certified,36309.0,70994.0,4.9,Blue Agave ,4WD,14.0,20.0,Gasoline ,3.0,0.0,True
Ford,2022,Used,3343.0,52000.0,4.2,Black Onyx ,4WD,20.59922502075837,28.0,Gasoline ,3.5,1.0,True
Chevrolet,2022,Used,53445.0,17771.0,4.6,Jet Black ,FWD,29.0,36.0,Gasoline ,1.5,0.0,True
Ford,2020,Used,22672.0,32901.0,4.9,Ebony ,4WD,20.0,24.0,Gasoline ,2.3,0.0,True
Hyundai,2021,Used,37184.0,21979.0,4.8,Black ,FWD,20.59922502075837,28.0,Unknown,2.96465882923282,0.0,True
Dodge,2020,Used,96032.0,18795.0,4.381503720140973,Black ,AWD,18.0,25.0,Gasoline ,3.6,1.0,True
GMC,2021,Certified,27978.0,23975.0,4.9,Jet Black ,AWD,25.0,28.0,Gasoline ,1.5,0.0,True
Jeep,2019,Used,44576.0,19998.0,4.381503720140973,Black ,FWD,22.0,30.0,Gasoline ,2.4,0.0,False
Ford,2022,Used,14232.0,24595.0,4.7,Dark Earth Gray ,AWD,26.0,31.0,Gasoline ,1.5,0.0,True
Lexus,2021,Used,24418.0,37475.0,4.9,Black ,AWD,22.0,27.0,Gasoline ,2.0,0.0,True
Chevrolet,2015,Used,49018.0,12500.0,4.3,Jet Black ,FWD,26.0,38.0,Gasoline ,1.4,1.0,False
Jeep,2020,Used,70792.0,26500.0,3.9,Black ,4WD,17.0,23.0,Gasoline ,2.0,0.0,False
Audi,2019,Used,90034.0,36888.0,4.3,Black ,AWD,17.0,22.0,Gasoline ,3.0,0.0,False
Volkswagen,2023,Certified,5019.0,38399.0,4.9,Titan Black ,AWD,18.0,23.0,Gasoline ,3.6,0.0,True
Honda,2018,Used,26123.0,23677.0,4.2,Gray ,AWD,27.0,33.0,Gasoline ,1.5,0.0,False
Nissan,2022,Used,6515.0,24771.0,4.5,Charcoal ,AWD,26.0,36.0,Gasoline ,2.5,0.0,True
Jeep,2023,New,0.0,37899.0,4.9,Black ,4WD,21.0,29.0,Gasoline ,2.4,0.0,others
Mercedes-Benz,2023,Certified,2135.0,67035.0,4.7,Black ,AWD,20.59922502075837,28.0,Unknown,2.96465882923282,0.0,False
Honda,2019,Used,72798.0,21504.0,4.381503720140973,Gray ,FWD,28.0,34.0,Gasoline ,1.5,0.0,False
Audi,2021,Used,33304.0,34972.0,4.1,Black ,AWD,18.0,24.0,Gasoline ,3.0,1.0,True
Chevrolet,2023,Used,42678.0,58266.0,4.7,Black ,4WD,20.59922502075837,28.0,Diesel ,6.6,0.0,True
Ford,2023,New,4.0,42206.0,4.8,Stone ,4WD,20.0,27.0,Gasoline ,2.3,0.0,others
Chrysler,2023,New,5.0,43210.0,4.9,Black ,AWD,18.0,27.0,Gasoline ,3.6,0.0,others
Nissan,2023,Used,4612.0,33995.0,4.8,Charcoal ,FWD,20.59922502075837,28.0,Unknown,2.96465882923282,0.0,False
Jeep,2015,Used,40802.0,26999.0,4.9,Black ,4WD,16.0,21.0,Gasoline ,3.6,1.0,True
Jeep,2020,Certified,24236.0,32990.0,4.8,Black ,4WD,21.0,22.0,Gasoline ,2.0,0.0,True
Lamborghini,2018,Used,8102.0,339995.0,4.1,Nero Ade ,AWD,14.0,19.0,Gasoline ,5.2,0.0,True
Ford,2023,New,0.0,89990.0,4.6,Space Gray ,AWD,20.59922502075837,28.0,Unknown,2.96465882923282,0.0,others
Chrysler,2021,Used,19437.0,33572.0,4.3,Black ,AWD,17.0,25.0,Gasoline ,3.6,1.0,True
Mercedes-Benz,2016,Used,61399.0,27588.0,5.0,Black ,AWD,22.0,29.0,Gasoline ,2.0,1.0,False
Honda,2020,Used,20681.0,26994.0,4.6,Ivory ,AWD,27.0,32.0,Gasoline ,1.5,0.0,True
Ford,2022,Used,7104.0,27189.0,4.4,Ebony ,AWD,22.0,31.0,Gasoline ,2.0,0.0,True
Chevrolet,2015,Used,81908.0,9490.0,4.4,Jet Black ,FWD,26.0,38.0,Gasoline ,1.4,1.0,False
Ferrari,2014,Certified,6269.0,284999.0,4.381503720140973,Cuoio ,RWD,12.0,16.0,Gasoline ,6.3,0.0,False
INFINITI,2023,New,10.0,56812.0,4.9,Monaco Red/Graphite ,AWD,22.0,28.0,Gasoline ,2.0,0.0,others
BMW,2021,Used,28240.0,35997.0,4.7,Black ,AWD,20.59922502075837,28.0,Hybrid ,2.0,0.0,False
Acura,2021,Used,16210.0,33500.0,4.6,Ebony ,AWD,21.0,27.0,Gasoline ,2.0,0.0,True
Ford,2023,New,10.0,52390.0,4.3,Ebony ,4WD,20.0,27.0,Gasoline ,2.3,0.0,others
Volkswagen,2022,Used,5501.0,27477.0,4.9,Titan Black ,FWD,23.0,30.0,Gasoline ,2.0,0.0,True
Volkswagen,2017,Used,74471.0,14137.0,4.4,Charcoal Black ,AWD,20.0,24.0,Gasoline ,2.0,0.0,False
Lincoln,2023,New,9.0,41263.0,4.381503720140973,Ebony ,AWD,21.0,28.0,Gasoline ,2.0,0.0,others
RAM,2017,Used,133818.0,16795.0,4.381503720140973,Diesel Gray/Black ,4WD,13.0,19.0,Gasoline ,5.7,0.0,True
BMW,2021,Certified,24489.0,35995.0,4.5,Canberra Beige ,AWD,23.0,29.0,Gasoline ,2.0,0.0,True
Ford,2022,Certified,6287.0,29595.0,4.7,Ebony ,AWD,22.0,31.0,Gasoline ,2.0,0.0,True
BMW,2021,Used,26460.0,53654.0,4.1,Black/Blue Stitching ,RWD,16.0,24.0,Gasoline ,3.0,0.0,False
Chevrolet,2014,Used,118328.0,11799.0,4.3,Black ,AWD,16.0,23.0,Gasoline ,3.6,1.0,False
Nissan,2023,Used,10927.0,37777.0,4.7,Steel ,4WD,17.0,22.0,Gasoline ,3.8,0.0,True
Audi,2019,Used,62568.0,33512.0,4.0,Magma Red ,AWD,21.0,30.0,Gasoline ,3.0,0.0,True
Toyota,2018,Used,35344.0,18989.0,4.8,Black ,FWD,48.0,43.0,Hybrid ,1.5,1.0,True
INFINITI,2014,Used,117787.0,14995.0,4.381503720140973,Graphite ,AWD,19.0,25.0,Gasoline ,3.5,1.0,False
RAM,2020,Used,39738.0,25995.0,4.4,Black ,FWD,21.0,28.0,Gasoline ,2.4,0.0,True
Land,2015,Used,77045.0,14855.0,4.3,Ebony ,4WD,17.0,24.0,Gasoline ,2.0,1.0,False
Ford,2016,Used,106585.0,14500.0,4.2,Ebony ,AWD,20.0,28.0,Gasoline ,2.0,0.0,True
Honda,2021,Used,38803.0,28674.0,4.4,– ,AWD,40.0,35.0,Hybrid ,2.0,1.0,False
Chevrolet,2018,Used,129970.0,12900.0,4.4,– ,FWD,32.0,32.0,Gasoline ,1.5,1.0,False
Kia,2016,Used,75152.0,14995.0,4.7,Black ,AWD,19.0,25.0,Gasoline ,2.0,0.0,True
Lincoln,2015,Used,137214.0,9438.0,4.4,Light Dune ,FWD,41.0,39.0,Hybrid ,2.0,0.0,False
Nissan,2020,Used,66538.0,14388.0,4.6,Gray ,FWD,32.0,40.0,Gasoline ,1.6,0.0,False
Chevrolet,2019,Used,115256.0,26995.0,4.9,Jet Black/Dark Ash ,4WD,14.0,21.0,Gasoline ,5.3,1.0,False
Genesis,2023,Certified,4023.0,35678.0,4.381503720140973,Obsidian Black ,AWD,20.0,28.0,Gasoline ,2.0,0.0,False
Lincoln,2020,Used,30836.0,48910.0,3.9,Roast ,AWD,20.59922502075837,28.0,Hybrid ,3.0,0.0,True
Jeep,2021,Used,27111.0,39990.0,4.3,Black ,4WD,17.0,23.0,Gasoline ,3.6,0.0,True
Jeep,2021,Certified,51083.0,34494.0,4.9,Black ,4WD,21.0,24.0,Gasoline ,2.0,1.0,True
BMW,2019,Used,66819.0,25000.0,4.5,Black ,AWD,25.0,34.0,Gasoline ,2.0,0.0,True
Ford,2020,Used,87811.0,16900.0,4.3,Dark Earth Gray ,FWD,27.0,33.0,Gasoline ,1.5,0.0,True
Cadillac,2021,Used,41014.0,85600.0,4.5,Dark Auburn ,4WD,13.0,19.0,Gasoline ,6.2,0.0,True
Chevrolet,2020,Used,51934.0,17595.0,4.3,Jet Black ,FWD,29.0,36.0,Gasoline ,1.5,0.0,False
INFINITI,2014,Used,71956.0,19499.0,4.381503720140973,Graphite ,AWD,27.0,31.0,Hybrid ,3.5,0.0,False
Audi,2015,Used,115471.0,13980.0,3.8,– ,AWD,20.0,27.0,Gasoline ,2.0,1.0,False
Chevrolet,2015,Used,154066.0,21995.0,4.381503720140973,Jet Black ,4WD,0.0,0.0,Gasoline ,6.0,0.0,False
Ford,2016,Used,92592.0,17280.0,4.8,– ,RWD,20.0,29.0,Gasoline ,2.3,1.0,False
Volkswagen,2023,Used,14708.0,23250.0,4.6,Black ,FWD,28.0,36.0,Gasoline ,1.5,0.0,True
Ford,2020,Used,64816.0,16768.0,4.4,Ebony ,AWD,26.0,31.0,Gasoline ,1.5,0.0,True
Tesla,2017,Used,87058.0,27892.0,4.5,Black ,AWD,20.59922502075837,28.0,Unknown,2.96465882923282,0.0,False
Buick,2021,Certified,21738.0,29599.0,4.9,Ebony ,AWD,22.0,29.0,Gasoline ,2.0,0.0,True
Audi,2017,Used,84752.0,16991.0,4.381503720140973,Black ,AWD,20.0,27.0,Gasoline ,2.0,0.0,False
BMW,2020,Used,37586.0,32591.0,4.6,Black ,AWD,22.0,30.0,Gasoline ,3.0,1.0,False
Hyundai,2023,New,10.0,46591.0,4.2,Black ,AWD,20.59922502075837,28.0,Unknown,2.96465882923282,0.0,others
Honda,2017,Used,70861.0,18999.0,4.3,Black ,FWD,21.0,33.0,Gasoline ,3.5,0.0,False
Mazda,2021,Used,54922.0,19110.0,4.3,Black ,AWD,24.0,31.0,Gasoline ,2.5,0.0,True
Mercedes-Benz,2023,New,19.0,42905.0,4.5,Black ,RWD,19.0,23.0,Gasoline ,2.0,0.0,others
Ford,2023,Used,13861.0,41860.0,4.4,Dark Space Gray ,4WD,19.0,21.0,Gasoline ,2.7,0.0,True
Ford,2016,Certified,61889.0,24708.0,4.8,Medium Soft Ceramic ,4WD,16.0,22.0,Gasoline ,3.5,0.0,True
Maserati,2023,New,86.0,94295.0,4.9,Black ,AWD,16.0,22.0,Gasoline ,3.0,0.0,others
Ford,2020,Certified,98723.0,24995.0,4.2,Ebony ,4WD,20.0,27.0,Gasoline ,2.3,0.0,False
INFINITI,2021,Used,28303.0,26999.0,4.7,Graphite ,AWD,22.0,28.0,Gasoline ,2.0,1.0,True
GMC,2018,Used,85214.0,19800.0,4.7,Jet Black ,AWD,21.0,26.0,Gasoline ,2.0,1.0,True
Mercedes-Benz,2023,Used,11233.0,54497.0,4.381503720140973,Black ,AWD,20.59922502075837,28.0,Unknown,2.96465882923282,0.0,True
Ford,2020,Used,28809.0,19998.0,4.381503720140973,Gray ,AWD,26.0,31.0,Gasoline ,1.5,0.0,True
Audi,2023,Used,14424.0,54495.0,4.8,Black ,AWD,19.0,24.0,Gasoline ,3.0,0.0,True
BMW,2018,Used,57619.0,37999.0,4.3,Black ,RWD,18.0,26.0,Gasoline ,3.0,1.0,False
Nissan,2021,Used,30630.0,25998.0,4.381503720140973,Black ,FWD,26.0,34.0,Gasoline ,2.5,0.0,True
Nissan,2021,Used,49001.0,25500.0,3.7,Steel ,4WD,17.0,23.0,Gasoline ,2.96465882923282,0.0,True
Porsche,2018,Used,59041.0,48995.0,4.6,Agate Grey ,AWD,21.0,28.0,Gasoline ,2.9,1.0,False
Chrysler,2023,New,14.0,38822.0,4.4,Black ,RWD,19.0,30.0,Gasoline ,3.6,0.0,others
BMW,2014,Used,50655.0,14440.0,4.6,Beige ,AWD,22.0,33.0,Gasoline ,2.0,1.0,False
Land,2015,Used,88581.0,23995.0,4.1,Ebony / Ivory ,4WD,14.0,19.0,Gasoline ,5.0,0.0,False
Buick,2021,Certified,22840.0,27450.0,4.5,Whisper Beige ,FWD,24.0,31.0,Gasoline ,2.0,0.0,True
Honda,2018,Used,77431.0,21474.0,4.6,– ,AWD,27.0,33.0,Gasoline ,1.5,0.0,True
Ford,2023,New,5.0,71437.0,4.8,Medium Dark Slate ,4WD,20.59922502075837,28.0,Gasoline ,6.8,0.0,others
BMW,2020,Used,21017.0,52592.0,4.8,Black ,RWD,18.0,25.0,Gasoline ,3.0,0.0,False
Toyota,2020,Used,24582.0,36500.0,4.8,Black ,AWD,20.0,27.0,Gasoline ,3.5,1.0,True
Chevrolet,2020,Used,76509.0,53750.0,4.381503720140973,Jet Black ,4WD,0.0,0.0,Diesel ,6.6,0.0,True
Mercedes-Benz,2014,Used,90748.0,15999.0,4.3,Black ,AWD,17.0,22.0,Gasoline ,3.5,1.0,False
Subaru,2017,Used,48638.0,31995.0,4.1,Black ,AWD,17.0,23.0,Gasoline ,2.5,0.0,False
Mercedes-Benz,2020,Used,56640.0,31995.0,4.381503720140973,– ,AWD,21.0,28.0,Gasoline ,2.0,0.0,False
Kia,2016,Used,104495.0,9491.0,4.381503720140973,Black ,FWD,25.0,33.0,Gasoline ,2.0,1.0,False
Nissan,2017,Used,77262.0,14900.0,4.381503720140973,Charcoal ,AWD,25.0,32.0,Gasoline ,2.5,1.0,False
Tesla,2019,Used,57433.0,24995.0,4.6,White / Black ,AWD,20.59922502075837,28.0,Unknown,2.96465882923282,1.0,False
Audi,2018,Used,47304.0,24999.0,4.2,Black ,AWD,19.0,25.0,Gasoline ,2.0,0.0,False
Kia,2019,Used,86080.0,13495.0,4.381503720140973,Black ,FWD,24.0,0.0,Gasoline ,2.4,1.0,False
Ford,2017,Used,116085.0,11995.0,4.381503720140973,Ebony ,FWD,21.0,31.0,Gasoline ,2.0,0.0,True
Nissan,2017,Used,48868.0,17995.0,4.4,Grey ,FWD,24.0,26.0,Gasoline ,2.0,0.0,False
Ford,2023,New,10.0,49990.0,4.2,– ,RWD,20.59922502075837,28.0,Gasoline ,3.5,0.0,others
Tesla,2022,Used,27370.0,27132.0,4.381503720140973,Black ,RWD,20.59922502075837,28.0,Unknown,2.96465882923282,0.0,True
BMW,2019,Used,42367.0,26995.0,4.4,Black ,AWD,22.0,29.0,Gasoline ,2.0,1.0,False
Lamborghini,2018,Used,13113.0,489800.0,4.7,Nero Ade with Giallo Taurus ,AWD,14.0,19.0,Gasoline ,5.2,0.0,False
Hyundai,2020,Used,30665.0,24595.0,4.8,Black ,AWD,20.0,26.0,Gasoline ,2.0,0.0,True
BMW,2018,Used,83306.0,30880.0,4.9,Mocha ,AWD,16.0,25.0,Gasoline ,4.4,0.0,False
Subaru,2021,Certified,42815.0,28935.0,4.9,Black ,AWD,20.0,26.0,Gasoline ,2.4,1.0,True
Kia,2016,Used,41438.0,15995.0,4.1,Gray ,FWD,24.0,35.0,Gasoline ,2.4,0.0,True
Tesla,2019,Used,36650.0,24777.0,4.6,– ,RWD,20.59922502075837,28.0,Unknown,2.96465882923282,0.0,False
Jeep,2022,Used,12845.0,26999.0,4.9,Ruby Red ,4WD,22.0,30.0,Gasoline ,2.4,0.0,True
Lincoln,2021,Certified,26708.0,48989.0,4.2,Ebony ,AWD,17.0,24.0,Gasoline ,3.0,0.0,True
GMC,2023,Certified,7324.0,56675.0,4.9,Jet Black ,4WD,16.0,20.0,Gasoline ,5.3,0.0,True
Jeep,2019,Used,89459.0,14995.0,4.4,Ski Gray/Black ,4WD,23.0,29.0,Gasoline ,1.3,1.0,False
Ford,2017,Used,46220.0,22985.0,4.381503720140973,Charcoal Black ,4WD,0.0,0.0,Gasoline ,2.96465882923282,1.0,False
Ford,2023,Used,11470.0,24691.0,4.7,Ebony ,AWD,26.0,32.0,Gasoline ,1.5,0.0,True
Chevrolet,2021,Certified,70446.0,18771.0,4.6,Black ,AWD,26.0,30.0,Gasoline ,1.3,0.0,True
Alfa,2018,Used,32677.0,20995.0,4.6,Black ,AWD,22.0,28.0,Gasoline ,2.0,1.0,False
Ford,2023,New,5.0,45272.0,4.8,Light Slate ,4WD,20.0,27.0,Gasoline ,2.3,0.0,others
Jeep,2023,New,30.0,48509.0,4.3,Black ,4WD,16.0,23.0,Gasoline ,3.6,0.0,others
Cadillac,2023,Used,30085.0,81800.0,4.9,Black ,4WD,14.0,18.0,Gasoline ,6.2,0.0,False
Acura,2022,Used,54524.0,47975.0,4.9,– ,AWD,17.0,21.0,Gasoline ,3.0,0.0,True
Audi,2023,Used,9633.0,42685.0,4.8,Black ,AWD,22.0,29.0,Gasoline ,2.0,0.0,True
Audi,2020,Used,16890.0,38995.0,5.0,Rotor Gray ,AWD,18.0,23.0,Gasoline ,3.0,0.0,True
Toyota,2020,Used,75661.0,28000.0,4.7,Black ,AWD,20.0,27.0,Gasoline ,3.5,1.0,True
Honda,2018,Used,65536.0,23900.0,4.8,Ivory ,FWD,47.0,47.0,Hybrid ,2.0,1.0,True
Jeep,2018,Used,86914.0,22737.0,4.4,Black ,4WD,17.0,25.0,Gasoline ,2.0,1.0,True
Audi,2022,Used,9645.0,66895.0,4.4,Arras Red ,AWD,18.0,28.0,Gasoline ,2.9,0.0,True
Ford,2022,Used,71318.0,44775.0,4.9,Dark Palazzo Gray ,AWD,0.0,0.0,Gasoline ,3.5,0.0,True
Jeep,2015,Used,79798.0,17995.0,5.0,Black ,4WD,17.0,24.0,Gasoline ,3.6,0.0,True
Lexus,2015,Used,35715.0,19533.0,4.1,Black ,FWD,43.0,40.0,Gasoline ,1.8,1.0,True
BMW,2017,Used,74191.0,32950.0,4.381503720140973,Brown ,RWD,17.0,24.0,Gasoline ,4.4,1.0,False
Land,2021,Used,47564.0,55000.0,4.9,Ivory/Ebony/Ebony/Ivory/Ebony ,4WD,19.0,24.0,Gasoline ,3.0,1.0,True
Jeep,2021,Certified,6850.0,21988.0,4.9,Black ,4WD,21.0,29.0,Gasoline ,2.4,0.0,True
Ford,2022,Used,42550.0,24495.0,4.381503720140973,BLACK ,RWD,21.0,29.0,Gasoline ,2.3,1.0,True
Ford,2023,New,10.0,47112.0,4.9,Light Slate ,4WD,20.0,27.0,Gasoline ,2.3,0.0,others
Mercedes-Benz,2018,Used,63265.0,23995.0,5.0,Beige ,AWD,21.0,28.0,Gasoline ,2.0,1.0,False
Chevrolet,2021,Used,22847.0,21450.0,4.4,Medium Ash Gray ,AWD,25.0,30.0,Gasoline ,1.5,0.0,True
Maserati,2023,New,46.0,99615.0,4.9,Black ,AWD,16.0,22.0,Gasoline ,3.0,0.0,others
Jeep,2015,Used,75163.0,11995.0,4.7,BLACK ,FWD,24.0,31.0,Gasoline ,2.4,0.0,False
Kia,2019,Used,69752.0,17795.0,4.381503720140973,Gray ,FWD,23.0,30.0,Gasoline ,2.4,1.0,False
Ford,2023,New,10.0,50440.0,4.9,Ebony ,4WD,20.0,27.0,Gasoline ,2.3,0.0,others
Audi,2017,Used,79887.0,20013.0,4.4,Black ,AWD,23.0,28.0,Gasoline ,2.0,1.0,False
Alfa,2021,Used,34577.0,25300.0,4.9,Red/Black ,AWD,23.0,31.0,Gasoline ,2.0,0.0,True
Ford,2023,New,5.0,57075.0,4.8,– ,4WD,18.0,24.0,Gasoline ,3.0,0.0,others
GMC,2020,Used,69725.0,19995.0,4.381503720140973,Jet Black ,FWD,26.0,30.0,Gasoline ,1.5,0.0,True
Porsche,2019,Used,34364.0,42372.0,4.7,Black ,AWD,0.0,0.0,Hybrid ,3.0,0.0,True
Chevrolet,2021,Used,16462.0,25990.0,5.0,Jet Black ,AWD,26.0,30.0,Gasoline ,1.3,0.0,True
Toyota,2016,Used,109743.0,16995.0,4.7,BEIGE ,FWD,21.0,30.0,Gasoline ,3.5,0.0,False
Chevrolet,2021,Used,68590.0,42500.0,4.1,Black ,4WD,16.0,20.0,Gasoline ,5.3,0.0,True
Kia,2023,Used,10964.0,18987.0,4.7,Black ,FWD,28.0,39.0,Gasoline ,2.0,0.0,True
Jeep,2023,New,38.0,58822.0,4.7,Global Black ,4WD,20.59922502075837,28.0,Hybrid ,2.0,0.0,others
Mercedes-Benz,2022,Certified,11774.0,39594.0,4.8,Black ,AWD,23.0,31.0,Gasoline ,2.0,0.0,True
Chevrolet,2019,Used,57844.0,15826.0,4.7,Dark Atmosphere ,FWD,29.0,36.0,Gasoline ,1.5,1.0,True
Mazda,2023,Used,3971.0,30495.0,4.8,White ,AWD,22.0,30.0,Gasoline ,2.5,0.0,False
Cadillac,2021,Used,38353.0,79849.0,4.381503720140973,Dark Auburn w/Jet Black Accents ,4WD,14.0,0.0,Gasoline ,6.2,0.0,False
Hyundai,2023,Used,8928.0,23738.0,4.9,Black ,FWD,29.0,35.0,Gasoline ,1.6,0.0,True
Dodge,2015,Used,229835.0,8000.0,4.381503720140973,– ,AWD,20.59922502075837,28.0,E85 Flex Fuel ,3.6,1.0,True
Tesla,2020,Used,22783.0,31981.0,4.3,Black ,AWD,20.59922502075837,28.0,Unknown,2.96465882923282,0.0,True
Ford,2023,New,72.0,75500.0,4.7,Black ,AWD,20.59922502075837,28.0,Unknown,2.0,0.0,others
Honda,2023,Used,4290.0,40799.0,4.7,– ,FWD,19.0,28.0,Gasoline ,2.96465882923282,0.0,True
Jeep,2015,Used,66250.0,15700.0,4.3,Black ,FWD,24.0,31.0,Gasoline ,2.4,0.0,True
Ford,2015,Used,106685.0,10593.0,4.4,Charcoal Black ,4WD,21.0,28.0,Gasoline ,2.0,0.0,False
Chevrolet,2022,Used,84051.0,20895.0,4.381503720140973,Black ,FWD,26.0,31.0,Gasoline ,1.5,0.0,True
Jeep,2023,New,13.0,59256.0,4.7,Global Black ,4WD,20.59922502075837,28.0,Hybrid ,2.0,0.0,others
Chevrolet,2017,Used,62270.0,16609.0,4.0,– ,FWD,15.0,22.0,Gasoline ,3.6,1.0,False
INFINITI,2016,Used,47076.0,17997.0,4.7,Graphite ,AWD,17.0,24.0,Gasoline ,3.7,0.0,True
Nissan,2023,Certified,12278.0,32997.0,4.7,Charcoal ,4WD,17.0,22.0,Gasoline ,3.8,0.0,True
Nissan,2023,Certified,40612.0,25000.0,4.5,Charcoal ,AWD,28.0,35.0,Gasoline ,1.5,0.0,True
Chevrolet,2021,Certified,38292.0,21678.0,4.1,Jet Black ,AWD,25.0,30.0,Gasoline ,1.5,0.0,True
Toyota,2021,Used,20074.0,24997.0,4.8,Black ,FWD,53.0,52.0,Hybrid ,1.8,0.0,True
BMW,2015,Used,67466.0,16995.0,4.1,Black ,RWD,23.0,36.0,Gasoline ,2.0,1.0,False
Volkswagen,2022,Used,26216.0,23501.0,4.6,Black ,AWD,25.0,32.0,Gasoline ,1.5,0.0,False
Toyota,2020,Used,51397.0,16995.0,4.381503720140973,Macadamia ,FWD,30.0,38.0,Gasoline ,1.8,1.0,True
Honda,2016,Used,118007.0,13795.0,4.381503720140973,Black ,AWD,25.0,31.0,Gasoline ,2.4,1.0,False
Mazda,2021,Used,17003.0,25695.0,4.381503720140973,Black ,AWD,24.0,30.0,Gasoline ,2.5,0.0,True
Honda,2014,Used,180357.0,9999.0,4.3,Gray ,FWD,19.0,28.0,Gasoline ,3.5,0.0,True
Kia,2023,New,12887.0,20648.0,4.5,Black / Gray ,FWD,29.0,35.0,Gasoline ,2.0,0.0,others
Ford,2020,Used,22988.0,21998.0,4.381503720140973,Gray ,AWD,26.0,31.0,Gasoline ,1.5,0.0,True
Ford,2019,Used,9515.0,35995.0,4.5,– ,RWD,0.0,0.0,Gasoline ,5.0,0.0,False
Ford,2023,New,1208.0,62990.0,4.6,Medium Dark Slate ,AWD,20.59922502075837,28.0,Unknown,2.96465882923282,0.0,others
BMW,2022,Used,9368.0,54972.0,4.7,Amido ,AWD,20.59922502075837,28.0,Unknown,2.96465882923282,1.0,True
Genesis,2023,Used,2269.0,46569.0,4.2,Obsidian Black ,AWD,17.0,26.0,Gasoline ,3.3,0.0,False
Ford,2021,Used,40745.0,29998.0,4.381503720140973,Black ,4WD,20.0,27.0,Gasoline ,2.3,0.0,True
Dodge,2017,Certified,65006.0,20790.0,4.8,Black ,AWD,18.0,25.0,Gasoline ,3.6,0.0,False
GMC,2020,Used,33842.0,35998.0,4.381503720140973,Black ,4WD,17.0,24.0,Gasoline ,3.6,0.0,True
Tesla,2021,Used,29662.0,30372.0,4.7,Black ,AWD,20.59922502075837,28.0,Unknown,2.96465882923282,1.0,True
Subaru,2023,Certified,2076.0,36000.0,4.8,Black ,AWD,26.0,32.0,Gasoline ,2.5,0.0,False
BMW,2020,Used,44965.0,27979.0,4.8,Black ,AWD,24.0,31.0,Gasoline ,2.0,0.0,True
Ford,2020,Certified,42065.0,23000.0,4.4,Ebony ,AWD,26.0,31.0,Gasoline ,1.5,0.0,True
Honda,2023,Used,313.0,28418.0,4.4,Black ,AWD,27.0,32.0,Gasoline ,1.5,0.0,True
Ford,2019,Used,62052.0,19499.0,4.381503720140973,Black ,AWD,21.0,28.0,Gasoline ,2.0,0.0,False
Toyota,2016,Used,91651.0,24998.0,4.381503720140973,Black ,AWD,18.0,24.0,Gasoline ,3.5,1.0,False
Volkswagen,2014,Used,100355.0,9945.0,4.2,Beige/Black ,FWD,0.0,0.0,Gasoline ,1.8,0.0,True
Ford,2014,Used,185095.0,8977.0,4.1,– ,4WD,17.0,23.0,Gasoline ,3.5,0.0,False
Nissan,2023,Used,8375.0,24747.0,5.0,Sport ,AWD,26.0,36.0,Gasoline ,2.5,1.0,True
Chevrolet,2021,Certified,35628.0,28177.0,4.8,Jet Black ,FWD,18.0,27.0,Gasoline ,3.6,1.0,True
Acura,2021,Certified,21165.0,36326.0,4.1,Red ,AWD,21.0,26.0,Gasoline ,2.0,0.0,True
Chevrolet,2021,Used,24514.0,25773.0,4.4,Jet Black ,FWD,20.0,27.0,Gasoline ,3.6,0.0,True
Subaru,2020,Certified,63357.0,21799.0,4.9,Black ,AWD,26.0,33.0,Gasoline ,2.5,0.0,True
Audi,2021,Used,59917.0,25998.0,4.381503720140973,Black ,AWD,22.0,30.0,Gasoline ,2.0,0.0,True
Lincoln,2019,Used,15528.0,23988.0,4.7,Ebony ,FWD,20.0,27.0,Gasoline ,2.0,0.0,True
Cadillac,2019,Used,59832.0,24800.0,4.1,Black ,AWD,18.0,25.0,Gasoline ,3.6,0.0,False
Audi,2021,Used,48352.0,49700.0,4.381503720140973,Arras Red ,AWD,18.0,28.0,Gasoline ,2.9,0.0,True
Chevrolet,2022,Certified,54088.0,36986.0,4.9,Jet Black / Spice Red ,AWD,20.59922502075837,28.0,Gasoline ,3.6,0.0,True
Land,2021,Used,35568.0,53000.0,4.5,Ivory ,4WD,19.0,24.0,Gasoline ,3.0,1.0,True
Buick,2021,Used,25365.0,20150.0,4.5,Ebony ,FWD,28.0,31.0,Gasoline ,1.3,0.0,True
Ford,2021,Used,21789.0,25595.0,4.5,Dark Earth Gray ,AWD,43.0,37.0,Hybrid ,2.5,0.0,True
Chrysler,2020,Used,38544.0,29999.0,4.4,Deep Mocha ,FWD,19.0,28.0,Gasoline ,3.6,0.0,True
Ford,2020,Used,120054.0,13850.0,4.381503720140973,Dark Earth Gray ,AWD,26.0,31.0,Gasoline ,1.5,1.0,True
Chevrolet,2023,Used,13436.0,29989.0,4.381503720140973,Jet Black ,AWD,24.0,30.0,Gasoline ,1.5,0.0,True
Land,2021,Used,47756.0,42625.0,4.8,Ebony ,4WD,21.0,27.0,Gasoline ,2.0,0.0,True
Jeep,2018,Used,54694.0,17880.0,4.5,Black ,FWD,21.0,30.0,Gasoline ,2.4,0.0,False
Kia,2021,Used,64697.0,21850.0,4.3,Black ,FWD,27.0,37.0,Gasoline ,1.6,0.0,True
GMC,2017,Used,107101.0,20995.0,4.381503720140973,Medium Pewter ,RWD,11.0,0.0,Gasoline ,4.8,0.0,True
Cadillac,2015,Used,111023.0,27991.0,4.381503720140973,Kona Brown/Jet Black ,4WD,14.0,21.0,Gasoline ,6.2,1.0,False
Land,2020,Used,22469.0,68595.0,4.3,Ebony ,4WD,19.0,24.0,Gasoline ,2.96465882923282,1.0,True
BMW,2021,Used,22515.0,45800.0,4.9,Black ,AWD,22.0,31.0,Gasoline ,3.0,0.0,True
Chevrolet,2022,Used,47965.0,43995.0,4.5,Black ,4WD,0.0,0.0,Gasoline ,6.6,0.0,True
Chevrolet,2021,Used,39223.0,20972.0,4.1,JET BLACK/RED ACCENT ,AWD,26.0,30.0,Gasoline ,1.3,0.0,False
BMW,2016,Used,68372.0,13100.0,4.3,Black ,RWD,20.59922502075837,28.0,Unknown,2.96465882923282,1.0,False
Tesla,2022,Used,30741.0,26828.0,4.381503720140973,Black ,RWD,20.59922502075837,28.0,Unknown,2.96465882923282,0.0,True
RAM,2021,Used,29304.0,36895.0,4.4,Black ,4WD,15.0,21.0,Gasoline ,5.7,0.0,True
Ford,2020,Certified,63046.0,22295.0,4.7,Ebony ,AWD,43.0,37.0,Hybrid ,2.5,0.0,True
Ford,2023,New,2.0,31466.0,4.8,Ebony ,AWD,26.0,32.0,Gasoline ,1.5,0.0,others
Ford,2023,New,0.0,33505.0,4.6,Ebony ,AWD,26.0,32.0,Gasoline ,1.5,0.0,others
Acura,2021,Used,30414.0,30990.0,4.6,Ebony ,AWD,21.0,27.0,Gasoline ,2.0,0.0,True
Chevrolet,2016,Used,196806.0,14995.0,4.4,Black ,4WD,15.0,22.0,Gasoline ,5.3,0.0,False
BMW,2021,Used,56504.0,27900.0,4.9,Black ,AWD,23.0,29.0,Gasoline ,2.0,1.0,True
Honda,2016,Used,65028.0,22988.0,4.7,Truffle ,FWD,19.0,28.0,Gasoline ,3.5,0.0,True
Nissan,2023,Certified,22124.0,33999.0,4.7,Charcoal ,4WD,17.0,22.0,Gasoline ,3.8,0.0,True
BMW,2020,Used,13658.0,30998.0,4.381503720140973,Cream ,AWD,25.0,34.0,Gasoline ,2.0,1.0,True
BMW,2016,Used,117870.0,29190.0,5.0,Black ,RWD,17.0,26.0,Gasoline ,3.0,1.0,False
RAM,2022,Certified,41153.0,48490.0,4.8,Red/Black ,4WD,21.0,29.0,Diesel ,3.0,0.0,True
Cadillac,2021,Used,35832.0,33495.0,4.6,Jet Black With Cinnamon Accents ,AWD,22.0,29.0,Gasoline ,2.0,0.0,True
Land,2020,Used,37999.0,43978.0,4.8,Ebony/Ebony/Ebony/Ebony ,4WD,19.0,24.0,Gasoline ,3.0,0.0,True
Subaru,2021,Used,41398.0,27952.0,4.7,Java Brown ,AWD,23.0,30.0,Gasoline ,2.4,0.0,True
Nissan,2020,Used,34418.0,27495.0,4.1,Beige ,FWD,20.0,28.0,Gasoline ,3.5,0.0,True
Hyundai,2023,Used,2077.0,26749.0,4.2,Beige ,AWD,22.0,25.0,Gasoline ,2.5,0.0,False
Ford,2023,New,10.0,64490.0,4.4,Medium Dark Slate ,AWD,20.59922502075837,28.0,Unknown,2.96465882923282,0.0,others
RAM,2020,Used,47842.0,39900.0,4.8,Red/Black ,4WD,15.0,21.0,Gasoline ,5.7,0.0,False
Subaru,2019,Used,23474.0,24351.0,4.8,Black ,AWD,27.0,33.0,Gasoline ,2.0,0.0,True
Tesla,2022,Used,49256.0,24885.0,4.8,– ,RWD,20.59922502075837,28.0,Unknown,2.96465882923282,0.0,True
Honda,2021,Used,33400.0,25491.0,4.4,Black ,AWD,19.0,24.0,Gasoline ,3.5,0.0,True
Nissan,2023,New,5.0,57040.0,4.7,Blue Gray ,AWD,20.59922502075837,28.0,Unknown,2.96465882923282,0.0,others
Jeep,2023,Used,5454.0,42914.0,3.9,Black ,4WD,17.0,25.0,Gasoline ,3.6,0.0,True
Toyota,2020,Used,34084.0,40600.0,4.8,Black ,AWD,20.0,27.0,Gasoline ,3.5,0.0,True
Lincoln,2020,Used,26352.0,40988.0,4.7,Sandstone ,AWD,17.0,24.0,Gasoline ,3.0,1.0,True
Chrysler,2023,New,3.0,38812.0,4.9,Black ,AWD,18.0,27.0,Gasoline ,3.6,0.0,others
Nissan,2015,Used,160606.0,10361.0,4.4,Tan ,AWD,21.0,28.0,Gasoline ,3.5,1.0,False
Toyota,2019,Used,59181.0,27950.0,4.381503720140973,Light Gray ,AWD,25.0,33.0,Gasoline ,2.5,0.0,True
Jeep,2014,Used,88833.0,17995.0,3.9,Black ,4WD,16.0,21.0,Gasoline ,3.6,0.0,False
BMW,2022,Certified,27980.0,36995.0,4.5,Tacora Red ,AWD,25.0,34.0,Gasoline ,2.0,0.0,True
Nissan,2023,New,10.0,30674.0,4.7,Charcoal ,AWD,28.0,35.0,Gasoline ,1.5,0.0,others
Cadillac,2022,Used,41146.0,31999.0,4.6,Jet Black ,FWD,22.0,29.0,Gasoline ,2.0,0.0,True
Honda,2019,Used,73500.0,26240.0,4.6,Gray ,FWD,19.0,28.0,Gasoline ,3.5,0.0,False
Tesla,2020,Used,58681.0,26810.0,4.4,White/Black ,AWD,20.59922502075837,28.0,Unknown,2.96465882923282,0.0,False
Land,2020,Used,44195.0,24980.0,4.7,Ebony ,4WD,19.0,24.0,Gasoline ,2.96465882923282,0.0,True
Honda,2016,Used,102055.0,16400.0,4.381503720140973,Beige ,AWD,25.0,31.0,Gasoline ,2.4,0.0,False
Nissan,2021,Used,60360.0,16217.0,4.6,Graphite ,FWD,32.0,40.0,Gasoline ,1.6,0.0,True
Nissan,2019,Used,36758.0,19999.0,4.7,Charcoal ,AWD,25.0,32.0,Gasoline ,2.5,1.0,False
Jaguar,2023,Used,681.0,55999.0,4.4,– ,AWD,20.59922502075837,28.0,Unknown,2.96465882923282,0.0,True
RAM,2023,Certified,10565.0,61990.0,4.8,Black ,4WD,0.0,0.0,Diesel ,6.7,0.0,True
Volkswagen,2023,Certified,4319.0,22990.0,4.6,Gray/Black ,AWD,25.0,32.0,Gasoline ,1.5,0.0,True
Acura,2016,Used,75356.0,19995.0,4.381503720140973,Black ,AWD,18.0,26.0,Gasoline ,3.5,1.0,False
Hyundai,2018,Used,30925.0,17900.0,4.8,Beige ,FWD,23.0,30.0,Gasoline ,2.0,0.0,False
Kia,2020,Used,39664.0,17233.0,4.1,Gray ,FWD,23.0,30.0,Gasoline ,2.4,1.0,False
Chevrolet,2017,Used,33540.0,18899.0,4.381503720140973,Dark Titanium/Jet Black ,FWD,19.0,28.0,Gasoline ,3.6,1.0,False
Ford,2020,Used,41159.0,15997.0,4.381503720140973,Ebony Black ,4WD,23.0,29.0,Gasoline ,2.0,0.0,True
Ford,2023,New,6.0,35944.0,4.8,Ebony ,AWD,42.0,36.0,Gasoline ,2.0,0.0,others
Ford,2023,New,0.0,51250.0,4.6,Dark Slate ,AWD,20.59922502075837,28.0,Unknown,2.0,0.0,others
Chevrolet,2019,Used,78318.0,12838.0,4.1,Black ,FWD,26.0,31.0,Gasoline ,1.4,1.0,False
Dodge,2022,Used,66000.0,31500.0,4.6,Black ,AWD,18.0,25.0,Gasoline ,3.6,0.0,True
Maserati,2019,Used,12132.0,72895.0,4.4,Nero ,RWD,13.0,20.0,Gasoline ,4.7,0.0,True
Lexus,2020,Used,87281.0,24488.0,4.9,Caramel ,AWD,41.0,38.0,Hybrid ,2.0,0.0,True
Chevrolet,2018,Used,68846.0,19995.0,4.381503720140973,Black ,FWD,26.0,32.0,Gasoline ,1.5,0.0,False
Honda,2019,Used,83198.0,25049.0,4.3,Beige ,FWD,19.0,28.0,Gasoline ,3.5,1.0,False
Jeep,2023,New,5808.0,25667.0,4.4,Black ,4WD,24.0,32.0,Gasoline ,2.0,0.0,others
Lexus,2022,Used,8258.0,58185.0,4.9,Parchment ,AWD,29.0,28.0,Hybrid ,3.5,0.0,True
Tesla,2020,Used,81491.0,27990.0,4.3,– ,AWD,20.59922502075837,28.0,Unknown,2.96465882923282,1.0,True
Ford,2023,Used,7333.0,46125.0,4.7,Ebony ,4WD,23.0,26.0,Gasoline ,3.3,0.0,True
Chevrolet,2021,Used,14253.0,32995.0,4.1,Jet Black ,RWD,19.0,29.0,Gasoline ,3.6,0.0,True
Porsche,2023,Used,498.0,249895.0,4.381503720140973,Black ,RWD,15.0,19.0,Gasoline ,4.0,0.0,False
Honda,2015,Used,95050.0,17171.0,4.381503720140973,Other ,FWD,19.0,28.0,Gasoline ,3.5,1.0,True
Toyota,2018,Used,48813.0,38744.0,4.5,Black ,4WD,13.0,17.0,Gasoline ,5.7,0.0,True
Tesla,2020,Used,25553.0,27550.0,4.3,Black ,AWD,20.59922502075837,28.0,Unknown,2.96465882923282,0.0,True
Audi,2020,Used,2529.0,189800.0,4.7,Black ,AWD,13.0,20.0,Gasoline ,5.2,0.0,True
Lexus,2022,Used,7638.0,37950.0,4.5,Black ,FWD,43.0,44.0,Hybrid ,2.5,0.0,False
Chevrolet,2017,Used,69975.0,19295.0,4.381503720140973,Black ,FWD,21.0,31.0,Gasoline ,2.4,1.0,True
Ferrari,2021,Certified,895.0,357999.0,4.381503720140973,Blu Sterling ,RWD,15.0,19.0,Gasoline ,3.9,0.0,True
Ford,2023,New,12.0,51815.0,4.7,Dark Palazzo Gray ,RWD,20.59922502075837,28.0,E85 Flex Fuel ,3.5,0.0,others
Mitsubishi,2015,Used,142800.0,7500.0,4.381503720140973,Black ,4WD,20.59922502075837,28.0,Gasoline ,2.0,1.0,False
Mercedes-Benz,2018,Used,37809.0,22888.0,4.3,Silk Beige / Espresso Brown ,AWD,21.0,28.0,Gasoline ,2.0,1.0,False
Ford,2014,Used,120715.0,15995.0,4.381503720140973,Black ,4WD,16.0,0.0,Gasoline ,3.5,0.0,False
Honda,2020,Used,30880.0,24477.0,4.2,Gray ,AWD,27.0,32.0,Gasoline ,1.5,0.0,True
Hyundai,2014,Used,142866.0,7199.0,4.381503720140973,Black ,FWD,27.0,37.0,Gasoline ,1.8,1.0,False
Ford,2023,Used,1289.0,47586.0,4.4,Black Onyx ,AWD,20.59922502075837,28.0,Unknown,2.96465882923282,0.0,True
Subaru,2019,Certified,55353.0,22205.0,4.381503720140973,Black ,AWD,26.0,33.0,Gasoline ,2.5,1.0,True
Ford,2022,Certified,6424.0,27500.0,4.4,Ebony ,AWD,23.0,31.0,Gasoline ,2.0,0.0,True
Tesla,2016,Used,56996.0,31980.0,4.5,Black ,AWD,20.59922502075837,28.0,Unknown,2.96465882923282,0.0,True
BMW,2014,Used,62184.0,17295.0,4.3,Venetian Beige ,AWD,22.0,33.0,Gasoline ,2.0,0.0,False
Nissan,2023,New,5.0,44498.0,4.7,Charcoal ,AWD,20.59922502075837,28.0,Unknown,2.96465882923282,0.0,others
Volvo,2023,Used,10202.0,51000.0,4.7,Charcoal ,AWD,21.0,27.0,Gasoline ,2.0,0.0,True
Buick,2021,Certified,29091.0,19879.0,5.0,Whisper Beige ,FWD,28.0,31.0,Gasoline ,1.2,0.0,True
Honda,2023,Certified,2986.0,33780.0,4.6,Black ,AWD,27.0,32.0,Gasoline ,1.5,0.0,True
Jeep,2020,Used,14402.0,21493.0,4.4,Black ,4WD,23.0,29.0,Gasoline ,1.3,1.0,True
Tesla,2018,Used,51220.0,37990.0,4.9,White ,AWD,20.59922502075837,28.0,Unknown,2.96465882923282,0.0,False
Ford,2023,New,8.0,81500.0,4.7,Black ,AWD,20.59922502075837,28.0,Unknown,2.96465882923282,0.0,others
Ferrari,2023,Used,393.0,479995.0,4.6,Cioccolato ,RWD,15.0,18.0,Gasoline ,3.9,0.0,True
Aston,2017,Used,11112.0,219999.0,4.9,Pure Black ,RWD,12.0,18.0,Gasoline ,6.0,0.0,False
Subaru,2018,Used,58217.0,20344.0,4.2,Black ,AWD,27.0,33.0,Gasoline ,2.0,0.0,False
Ford,2015,Used,74237.0,12995.0,4.4,Charcoal Black ,FWD,26.0,35.0,Gasoline ,1.6,1.0,True
Jeep,2021,Used,39476.0,23687.0,4.3,Black ,4WD,18.0,25.0,Gasoline ,3.6,1.0,True
Ford,2015,Used,115446.0,13595.0,4.381503720140973,– ,4WD,17.0,23.0,Gasoline ,3.5,0.0,True
Nissan,2015,Used,82882.0,13998.0,4.381503720140973,Black ,AWD,26.0,31.0,Gasoline ,1.6,1.0,False
Toyota,2021,Used,54582.0,26498.0,4.0,– ,AWD,27.0,33.0,Gasoline ,2.5,1.0,False
Nissan,2023,Used,25857.0,22998.0,4.381503720140973,Black ,FWD,28.0,37.0,Gasoline ,2.0,0.0,True
Ford,2020,Used,50770.0,28995.0,4.381503720140973,Ebony ,4WD,20.0,27.0,Gasoline ,2.3,0.0,False
Hyundai,2018,Used,64115.0,16592.0,4.7,Black ,AWD,21.0,26.0,Gasoline ,2.0,0.0,True
Ford,2022,Used,10502.0,22422.0,4.4,Dark Earth Gray ,AWD,26.0,31.0,Gasoline ,1.5,1.0,True
Mazda,2021,Used,37203.0,20494.0,4.6,Black ,AWD,24.0,31.0,Gasoline ,2.5,0.0,True
Jeep,2017,Used,65994.0,27990.0,4.3,Black ,4WD,16.0,21.0,Gasoline ,3.6,1.0,False
BMW,2019,Used,26692.0,31665.0,4.3,Black ,AWD,22.0,29.0,Gasoline ,2.0,0.0,False
Ford,2020,Used,50350.0,19998.0,4.381503720140973,Gray ,FWD,27.0,33.0,Gasoline ,1.5,0.0,False
Lexus,2023,Used,2260.0,58998.0,4.7,Palomino ,AWD,20.59922502075837,28.0,Unknown,2.96465882923282,0.0,True
Audi,2023,Certified,6950.0,52952.0,4.7,Black ,AWD,19.0,25.0,Gasoline ,2.0,0.0,True
Subaru,2023,Certified,1815.0,34777.0,4.6,Saddle Brown ,AWD,26.0,33.0,Gasoline ,2.5,0.0,True
Lincoln,2017,Used,35751.0,25547.0,4.4,– ,AWD,16.0,24.0,Gasoline ,3.7,0.0,False
Ford,2023,Used,15750.0,23979.0,4.8,Ebony ,AWD,26.0,32.0,Gasoline ,1.5,0.0,True
Cadillac,2019,Used,60731.0,27509.0,4.6,Beige ,AWD,18.0,25.0,Gasoline ,3.6,1.0,True
Volkswagen,2020,Used,19260.0,27501.0,4.6,Titan Black ,AWD,20.0,29.0,Gasoline ,2.0,0.0,False
Kia,2020,Used,66077.0,17900.0,4.381503720140973,Black ,FWD,19.0,26.0,Gasoline ,3.3,1.0,False
Jeep,2019,Used,63918.0,19205.0,3.7,Black ,4WD,22.0,27.0,Gasoline ,2.96465882923282,0.0,False
Honda,2021,Used,23465.0,33500.0,4.5,Gray ,FWD,19.0,28.0,Gasoline ,3.5,0.0,True
Ford,2023,New,4.0,135050.0,4.3,Ebony ,RWD,20.59922502075837,28.0,Gasoline ,5.0,0.0,others
Jeep,2023,Used,18643.0,37595.0,4.4,Black ,4WD,22.0,29.0,Diesel ,3.0,0.0,True
INFINITI,2023,Certified,11890.0,44076.0,4.7,Monaco Red ,AWD,22.0,28.0,Gasoline ,2.0,0.0,True
Nissan,2017,Used,41150.0,12999.0,4.7,Charcoal ,FWD,29.0,37.0,Gasoline ,1.8,0.0,False
GMC,2019,Used,75630.0,42175.0,4.5,Cocoa / Shale ,4WD,14.0,22.0,Gasoline ,6.2,1.0,True
Kia,2023,New,11.0,38981.0,3.7,Black ,AWD,22.0,27.0,Gasoline ,2.5,0.0,others
Cadillac,2021,Used,42377.0,78991.0,4.5,Jet Black ,4WD,13.0,19.0,Gasoline ,6.2,0.0,True
Honda,2014,Used,129851.0,14299.0,4.9,Gray ,FWD,19.0,28.0,Gasoline ,3.5,1.0,False
Volkswagen,2023,Used,5280.0,39799.0,4.6,– ,AWD,22.0,31.0,Gasoline ,2.0,0.0,others
Cadillac,2018,Used,60920.0,40440.0,4.6,Jet Black ,4WD,14.0,21.0,Gasoline ,6.2,1.0,True
Nissan,2021,Used,29325.0,21177.0,4.1,Charcoal ,FWD,27.0,35.0,Gasoline ,2.5,1.0,True
Cadillac,2022,Used,33145.0,78991.0,4.381503720140973,Jet Black ,RWD,14.0,19.0,Gasoline ,6.2,1.0,True
Chevrolet,2021,Certified,26728.0,23998.0,4.9,Jet Black ,AWD,25.0,30.0,Gasoline ,1.5,0.0,True
Ford,2015,Used,109011.0,11895.0,4.5,Charcoal Black ,4WD,22.0,29.0,Gasoline ,2.0,1.0,False
Jeep,2019,Used,64128.0,22995.0,4.1,Tan / Black ,4WD,19.0,27.0,Gasoline ,3.2,0.0,True
Jeep,2020,Used,30828.0,26592.0,4.3,Black ,4WD,18.0,24.0,Gasoline ,3.2,1.0,True
Toyota,2021,Used,41610.0,41700.0,4.1,– ,4WD,13.0,17.0,Gasoline ,5.7,1.0,True
Lincoln,2023,New,1260.0,47375.0,4.381503720140973,Ebony ,AWD,21.0,28.0,Gasoline ,2.0,0.0,others
BMW,2020,Used,39241.0,42888.0,4.8,Black w/Contrast Stitching ,AWD,22.0,30.0,Gasoline ,3.0,0.0,False
Maserati,2019,Used,20251.0,68975.0,4.4,Nero ,RWD,13.0,20.0,Gasoline ,4.7,0.0,True
Honda,2023,Used,17538.0,45888.0,4.3,Black ,FWD,19.0,28.0,Gasoline ,3.5,0.0,True
Mazda,2021,Used,40769.0,27412.0,4.1,Black ,AWD,20.0,26.0,Gasoline ,2.5,1.0,True
BMW,2021,Certified,34707.0,27980.0,4.7,Black ,FWD,24.0,33.0,Gasoline ,2.0,0.0,True
Porsche,2021,Certified,7664.0,129999.0,4.6,Black ,RWD,17.0,23.0,Gasoline ,4.0,0.0,False
Honda,2022,Used,24386.0,33800.0,4.1,Black ,FWD,19.0,28.0,Gasoline ,3.5,1.0,True
Buick,2019,Used,63906.0,17599.0,4.9,Ebony ,AWD,24.0,29.0,Gasoline ,1.4,1.0,True
INFINITI,2019,Used,86378.0,25991.0,4.6,Graphite ,AWD,19.0,27.0,Gasoline ,3.0,1.0,False
Cadillac,2020,Used,35187.0,33988.0,4.7,Jet Black ,FWD,18.0,25.0,Gasoline ,3.6,0.0,True
Volvo,2016,Used,80829.0,19980.0,4.9,Off Black ,AWD,19.0,26.0,Gasoline ,2.5,1.0,False
Nissan,2023,Certified,11751.0,26500.0,4.7,Charcoal ,AWD,28.0,35.0,Gasoline ,1.5,0.0,True
Jeep,2021,Certified,30290.0,22390.0,4.8,Black ,4WD,22.0,30.0,Gasoline ,2.4,0.0,True
Audi,2021,Certified,32496.0,31387.0,4.4,Black ,AWD,20.0,28.0,Gasoline ,2.96465882923282,0.0,True
Mercedes-Benz,2023,Used,9963.0,58340.0,4.7,Neva Gray ,AWD,20.59922502075837,28.0,Unknown,2.96465882923282,0.0,True
Ford,2020,Used,46157.0,23430.0,4.5,Ebony ,AWD,43.0,37.0,Hybrid ,2.5,0.0,True
Mercedes-Benz,2017,Used,55319.0,53800.0,4.7,Black ,RWD,17.0,23.0,Gasoline ,4.0,0.0,False
Jeep,2018,Used,54682.0,36401.0,4.9,Black ,4WD,17.0,23.0,Gasoline ,3.6,1.0,False
Dodge,2019,Used,48614.0,31896.0,4.7,Red / Black ,RWD,14.0,22.0,Gasoline ,5.7,1.0,True
Honda,2014,Used,148778.0,11295.0,4.381503720140973,Gray ,FWD,19.0,28.0,Gasoline ,3.5,1.0,True
BMW,2021,Used,41867.0,40372.0,4.7,Cognac W/Contrast Stitch ,AWD,22.0,31.0,Gasoline ,3.0,0.0,True
Toyota,2023,Used,2178.0,24399.0,4.6,Black / Red ,FWD,31.0,40.0,Gasoline ,2.0,0.0,True
Chevrolet,2018,Used,11570.0,17075.0,4.0,– ,FWD,20.59922502075837,28.0,Unknown,2.96465882923282,0.0,True
Porsche,2017,Used,74891.0,33800.0,4.7,Black ,AWD,17.0,23.0,Gasoline ,3.6,0.0,False
Ford,2022,Used,3581.0,25699.0,4.4,Ebony ,AWD,23.0,31.0,Gasoline ,2.0,0.0,True
Hyundai,2020,Used,61492.0,17300.0,4.8,Black ,AWD,26.0,30.0,Gasoline ,2.0,1.0,True
RAM,2018,Used,122535.0,19850.0,4.381503720140973,Black ,FWD,0.0,0.0,Gasoline ,3.6,1.0,False
Land,2022,Used,32218.0,68900.0,5.0,Ebony ,4WD,19.0,24.0,Gasoline ,2.96465882923282,0.0,False
Ford,2022,Used,97821.0,41800.0,4.1,– ,4WD,20.59922502075837,28.0,Diesel ,6.7,1.0,False
Chevrolet,2023,Used,15207.0,21537.0,4.4,Jet Black ,FWD,29.0,33.0,Gasoline ,1.3,0.0,True
Jeep,2021,Used,44950.0,33999.0,4.4,Black ,4WD,17.0,23.0,Gasoline ,2.0,0.0,False
Ford,2020,Used,15948.0,20998.0,4.381503720140973,Gray ,FWD,27.0,33.0,Gasoline ,1.5,0.0,True
Dodge,2023,New,1.0,101211.0,4.5,Sepia / Black ,RWD,13.0,21.0,Gasoline ,6.2,0.0,others
Ford,2020,Used,42032.0,18900.0,4.2,Dark Earth Gray ,AWD,26.0,31.0,Gasoline ,1.5,1.0,True
Ford,2020,Used,14009.0,22901.0,4.9,Ebony ,AWD,26.0,31.0,Gasoline ,2.0,0.0,True
Hyundai,2016,Used,97454.0,14795.0,4.381503720140973,Gray ,FWD,23.0,31.0,Gasoline ,2.0,0.0,False
Tesla,2018,Used,32119.0,35372.0,4.7,Black ,AWD,20.59922502075837,28.0,Unknown,2.96465882923282,1.0,False
BMW,2016,Used,116933.0,11444.0,4.4,Black ,RWD,23.0,35.0,Gasoline ,2.0,1.0,False
Ford,2020,Used,66969.0,19990.0,3.9,EBONY BLACK LEATHER SEATS ,AWD,23.0,31.0,Gasoline ,2.0,0.0,False
Cadillac,2017,Used,36004.0,23779.0,4.5,Jet Black ,AWD,18.0,26.0,Gasoline ,3.6,1.0,True
BMW,2018,Used,39480.0,22190.0,4.6,Mocha ,AWD,22.0,31.0,Gasoline ,2.0,0.0,False
Volkswagen,2023,Certified,6474.0,33499.0,4.9,Titan Black ,AWD,20.0,24.0,Gasoline ,2.0,0.0,True
Tesla,2016,Used,43307.0,32995.0,4.1,Black ,RWD,20.59922502075837,28.0,Unknown,2.96465882923282,0.0,True
Mercedes-Benz,2023,Certified,10057.0,58777.0,4.7,Black ,AWD,20.59922502075837,28.0,Unknown,2.96465882923282,1.0,False
Porsche,2020,Used,23161.0,62999.0,4.7,Black ,AWD,17.0,22.0,Gasoline ,2.9,1.0,True
GMC,2019,Used,65956.0,20972.0,4.8,Jet Black ,AWD,24.0,28.0,Gasoline ,1.5,0.0,False
Ford,2020,Used,59635.0,27914.0,3.9,Ebony ,4WD,20.0,24.0,Gasoline ,2.3,1.0,True
RAM,2020,Used,38761.0,41551.0,4.3,Black ,4WD,19.0,24.0,Gasoline ,5.7,1.0,True
Nissan,2017,Used,82074.0,14500.0,4.8,Charcoal ,AWD,25.0,32.0,Gasoline ,2.5,0.0,True
Chevrolet,2021,Certified,31661.0,28988.0,4.7,Jet Black ,AWD,22.0,27.0,Gasoline ,3.6,0.0,True
Ford,2023,New,2.0,53970.0,4.7,– ,4WD,20.0,27.0,Gasoline ,2.3,0.0,others
Lexus,2019,Used,64395.0,60777.0,4.9,Parchment ,4WD,13.0,18.0,Gasoline ,5.7,0.0,True
Audi,2018,Used,39622.0,28995.0,4.1,Black ,AWD,23.0,27.0,Gasoline ,2.0,0.0,True
Lincoln,2021,Used,52994.0,43901.0,4.9,Medium Slate ,AWD,17.0,24.0,Gasoline ,3.0,0.0,True
Honda,2019,Used,67771.0,25950.0,4.8,Mocha ,FWD,19.0,28.0,Gasoline ,3.5,1.0,False
Jeep,2016,Used,74142.0,24759.0,4.3,Black ,4WD,16.0,20.0,Gasoline ,3.6,1.0,True
GMC,2021,Used,68742.0,37749.0,4.4,Cocoa/Dark Atmosphere ,4WD,19.0,28.0,Diesel ,2.8,0.0,True
Acura,2021,Used,25094.0,29890.0,4.7,Biege ,AWD,21.0,27.0,Gasoline ,2.0,1.0,True
Tesla,2017,Used,66472.0,26786.0,4.381503720140973,Black ,AWD,20.59922502075837,28.0,Unknown,2.96465882923282,0.0,True
Ford,2020,Used,38616.0,19846.0,4.7,Ebony ,AWD,26.0,31.0,Gasoline ,1.5,0.0,True
Kia,2023,Certified,24726.0,33000.0,4.4,Black ,AWD,23.0,28.0,Gasoline ,2.5,0.0,True
Ford,2018,Used,152788.0,17950.0,4.381503720140973,Gray ,4WD,19.0,24.0,Gasoline ,2.7,0.0,False
Chevrolet,2023,Certified,17906.0,29999.0,5.0,Jet Black ,RWD,19.0,28.0,Gasoline ,3.6,0.0,True
Mercedes-Benz,2014,Used,94789.0,26500.0,4.4,Beige ,AWD,16.0,26.0,Gasoline ,4.7,0.0,False
Genesis,2022,Used,25697.0,36698.0,4.381503720140973,Dune ,AWD,17.0,25.0,Gasoline ,3.3,0.0,True
Jeep,2018,Used,55193.0,16395.0,4.5,Black ,FWD,22.0,31.0,Gasoline ,2.4,1.0,False
Honda,2018,Used,79096.0,18985.0,4.381503720140973,Black ,FWD,30.0,38.0,Gasoline ,1.5,1.0,False
Chevrolet,2016,Used,118339.0,10995.0,4.381503720140973,Jet Black ,FWD,26.0,34.0,Gasoline ,1.4,0.0,False
Ford,2023,New,50.0,84252.0,4.8,Platinum Black ,AWD,20.59922502075837,28.0,Unknown,2.96465882923282,0.0,others
Chevrolet,2015,Used,67451.0,12995.0,4.4,Black ,AWD,24.0,31.0,Gasoline ,1.4,0.0,False
Mazda,2018,Used,53860.0,20450.0,4.381503720140973,Black ,AWD,20.59922502075837,28.0,Gasoline ,2.5,1.0,False
Lincoln,2019,Used,60602.0,21890.0,4.3,Ebony ,FWD,20.0,31.0,Gasoline ,2.0,1.0,False
Chevrolet,2014,Used,79663.0,15500.0,4.3,Black ,RWD,19.0,27.0,Gasoline ,3.6,1.0,False
Ford,2015,Used,159539.0,15999.0,4.381503720140973,Ebony ,4WD,15.0,20.0,Gasoline ,3.5,0.0,True
GMC,2019,Certified,41503.0,25500.0,4.8,Jet Black ,AWD,21.0,26.0,Gasoline ,2.0,0.0,False
Nissan,2018,Used,54758.0,19695.0,4.5,Charcoal ,AWD,25.0,32.0,Gasoline ,2.5,1.0,False
Mercedes-Benz,2016,Used,100527.0,23995.0,4.381503720140973,Black ,RWD,20.59922502075837,28.0,Diesel ,2.1,1.0,False
Chrysler,2023,New,0.0,40999.0,4.9,Black ,RWD,19.0,30.0,Gasoline ,3.6,0.0,others
Lexus,2020,Used,28343.0,33495.0,4.9,Rioja ,AWD,22.0,28.0,Gasoline ,2.0,0.0,False
Audi,2019,Used,58557.0,23990.0,4.381503720140973,Black ,AWD,22.0,27.0,Gasoline ,2.0,0.0,False
Cadillac,2019,Used,51785.0,37498.0,4.9,Black ,AWD,18.0,27.0,Gasoline ,3.6,1.0,False
Jeep,2021,Used,17721.0,32107.0,4.1,Black ,4WD,18.0,25.0,Gasoline ,3.6,0.0,True
Ford,2018,Used,74137.0,13495.0,4.381503720140973,GRAY ,FWD,21.0,29.0,Gasoline ,2.5,0.0,False
Toyota,2023,New,208.0,54729.0,4.7,Black ,AWD,29.0,32.0,Hybrid ,2.4,0.0,others
Ford,2020,Used,106008.0,23490.0,4.7,Ebony ,4WD,20.0,27.0,Gasoline ,2.3,1.0,False
Dodge,2018,Used,71857.0,25300.0,4.8,Black ,AWD,18.0,25.0,Gasoline ,3.6,1.0,False
Nissan,2023,Used,2965.0,33124.0,5.0,Charcoal ,AWD,28.0,34.0,Gasoline ,1.5,0.0,True
Jeep,2021,Used,47861.0,25387.0,4.6,Black ,4WD,18.0,25.0,Gasoline ,3.6,1.0,True
Jeep,2022,Used,2896.0,28000.0,4.0,Ruby Red ,4WD,22.0,30.0,Gasoline ,2.4,0.0,True
Subaru,2019,Used,29861.0,33995.0,4.381503720140973,Black ,AWD,22.0,22.0,Gasoline ,2.5,1.0,True
Tesla,2019,Used,54022.0,41372.0,4.7,White/Black ,AWD,20.59922502075837,28.0,Unknown,2.96465882923282,1.0,True
Toyota,2019,Used,51586.0,15980.0,4.6,Gray ,FWD,32.0,40.0,Gasoline ,1.5,1.0,True
Dodge,2018,Used,39794.0,26998.0,4.381503720140973,Black ,AWD,18.0,27.0,Gasoline ,3.6,0.0,False
Jeep,2021,Used,15943.0,124800.0,4.7,Red ,others,22.0,28.0,Diesel ,3.0,0.0,False
Jeep,2021,Used,20671.0,36000.0,4.4,Black ,4WD,0.0,0.0,Gasoline ,2.0,1.0,True
Audi,2021,Used,40257.0,39987.0,4.4,Okapi Brown ,AWD,20.59922502075837,28.0,Unknown,2.96465882923282,0.0,True
Chevrolet,2017,Used,94768.0,28588.0,4.5,Jet Black ,4WD,16.0,22.0,Gasoline ,5.3,1.0,True
Chevrolet,2021,Certified,23350.0,26986.0,4.9,Jet Black ,FWD,22.0,29.0,Gasoline ,2.0,0.0,True
Tesla,2021,Used,14769.0,26972.0,4.7,Black ,AWD,20.59922502075837,28.0,Unknown,2.96465882923282,1.0,True
Nissan,2020,Used,59927.0,48899.0,4.7,Beige ,RWD,20.59922502075837,28.0,Gasoline ,5.6,0.0,True
Subaru,2023,New,10.0,38527.0,4.9,Gray ,AWD,25.0,28.0,Gasoline ,2.5,0.0,others
Volkswagen,2021,Used,32651.0,30995.0,4.5,Titan Black ,AWD,16.0,22.0,Gasoline ,3.6,0.0,True
Toyota,2023,Used,16279.0,35985.0,4.8,Graphite ,AWD,21.0,28.0,Gasoline ,2.4,0.0,True
Kia,2016,Used,89477.0,16495.0,4.381503720140973,Stone Beige ,AWD,21.0,26.0,Gasoline ,2.4,0.0,False
Jeep,2022,New,10.0,59995.0,4.5,Global Black ,4WD,20.59922502075837,28.0,Hybrid ,2.0,0.0,others
Cadillac,2019,Used,45253.0,42898.0,4.4,Shale w/Jet Black Accents ,4WD,14.0,21.0,Gasoline ,6.2,1.0,False
GMC,2015,Used,96014.0,14999.0,4.381503720140973,Ebony ,AWD,16.0,23.0,Gasoline ,3.6,0.0,False
Chevrolet,2016,Used,111191.0,25288.0,4.4,Jet Black ,4WD,16.0,22.0,Gasoline ,5.3,0.0,True
Ford,2021,Used,33740.0,20375.0,4.4,– ,FWD,44.0,37.0,Hybrid ,2.5,0.0,False
Chrysler,2022,Used,116979.0,42990.0,4.2,Black ,AWD,20.59922502075837,28.0,Gasoline ,3.6,0.0,True
Porsche,2018,Used,36677.0,66900.0,4.9,Black ,AWD,21.0,28.0,Gasoline ,2.9,0.0,True
Lincoln,2022,Certified,24372.0,63914.0,3.9,– ,AWD,17.0,24.0,Gasoline ,3.0,0.0,True
Audi,2018,Used,84462.0,23400.0,4.3,Rock Gray / Granite Gray ,AWD,22.0,30.0,Gasoline ,2.0,0.0,True
Ford,2021,Used,42026.0,17881.0,4.5,– ,FWD,28.0,34.0,Gasoline ,1.5,0.0,True
Jeep,2023,New,21.0,65977.0,4.5,Global Black ,4WD,20.59922502075837,28.0,Hybrid ,2.0,0.0,others
Ford,2016,Used,55816.0,27500.0,4.2,Ebony ,RWD,15.0,25.0,Gasoline ,5.0,1.0,True
Hyundai,2018,Used,79920.0,11995.0,4.6,Black ,FWD,150.0,122.0,Gasoline ,2.96465882923282,1.0,False
Lincoln,2020,Certified,16578.0,30749.0,4.2,Cappuccino ,FWD,42.0,39.0,Hybrid ,2.0,0.0,True
Acura,2021,Used,19040.0,26998.0,4.381503720140973,Ebony ,FWD,24.0,34.0,Gasoline ,2.4,0.0,others
Chevrolet,2021,Used,21763.0,22377.0,4.1,Jet Black ,FWD,26.0,31.0,Gasoline ,1.5,0.0,True
Lincoln,2020,Used,21972.0,47411.0,3.9,Ebony ,AWD,20.59922502075837,28.0,Hybrid ,3.0,0.0,True
Nissan,2022,Used,36486.0,37991.0,4.9,Light Gray ,4WD,20.0,25.0,Gasoline ,3.5,1.0,True
Lexus,2020,Used,29379.0,31000.0,4.8,Black ,FWD,22.0,32.0,Gasoline ,3.5,1.0,True
Dodge,2022,Used,40922.0,39377.0,4.2,– ,AWD,14.0,22.0,Gasoline ,5.7,0.0,True
Ford,2021,Used,28097.0,28994.0,4.7,Ebony ,4WD,20.0,27.0,Gasoline ,2.3,1.0,False
Nissan,2023,New,10.0,48525.0,4.5,– ,FWD,20.59922502075837,28.0,Unknown,2.96465882923282,0.0,others
Audi,2022,Used,25481.0,29499.0,4.8,Black ,AWD,23.0,30.0,Gasoline ,2.96465882923282,0.0,True
Tesla,2018,Used,87392.0,20995.0,4.4,Black ,AWD,20.59922502075837,28.0,Unknown,2.96465882923282,0.0,True
Toyota,2023,Used,9425.0,31490.0,3.9,Black ,FWD,27.0,38.0,Gasoline ,2.5,0.0,True
Land,2020,Used,22820.0,41897.0,4.8,Ebony / Ebony ,4WD,21.0,27.0,Gasoline ,2.96465882923282,0.0,True
Alfa,2020,Used,28417.0,23485.0,4.8,Black ,AWD,22.0,28.0,Gasoline ,2.0,0.0,True
Jeep,2021,Used,21780.0,29998.0,4.381503720140973,Black ,4WD,18.0,25.0,Gasoline ,3.6,0.0,True
Nissan,2019,Used,39927.0,17000.0,4.4,Charcoal ,AWD,26.0,36.0,Gasoline ,2.5,1.0,False
Audi,2019,Used,43383.0,41995.0,4.381503720140973,Black ,AWD,21.0,30.0,Gasoline ,3.0,0.0,True
Mercedes-Benz,2023,New,5.0,53180.0,4.8,– ,RWD,18.0,22.0,Gasoline ,2.0,0.0,others
Buick,2023,Used,17335.0,40000.0,4.6,Dark Galvanized w/Ebony Accents ,AWD,17.0,25.0,Gasoline ,3.6,0.0,False
Chevrolet,2017,Used,90650.0,8200.0,4.381503720140973,Black ,FWD,20.59922502075837,28.0,Gasoline ,1.4,0.0,False
Ferrari,2018,Certified,15689.0,242999.0,4.381503720140973,Beige Tradizione ,RWD,15.0,22.0,Gasoline ,3.9,0.0,False
Ford,2023,New,227.0,52200.0,4.7,Deep Cypress ,4WD,19.0,22.0,Gasoline ,2.3,0.0,others
Porsche,2023,Certified,4774.0,95000.0,4.9,Black ,AWD,18.0,22.0,Gasoline ,2.9,0.0,True
Chrysler,2020,Used,63115.0,28997.0,4.1,Black ,FWD,19.0,28.0,Gasoline ,3.6,0.0,False
Nissan,2019,Used,43895.0,23786.0,4.4,– ,AWD,20.0,28.0,Gasoline ,3.5,0.0,True
Buick,2016,Used,114688.0,15250.0,4.3,Ebony ,AWD,15.0,22.0,Gasoline ,3.6,1.0,False
Jeep,2020,Used,45259.0,32850.0,4.381503720140973,Black Leather ,4WD,18.0,25.0,Gasoline ,3.6,1.0,False
Maserati,2023,Certified,11894.0,57987.0,4.9,Black ,AWD,22.0,29.0,Gasoline ,2.96465882923282,0.0,False
Chevrolet,2017,Used,105406.0,28500.0,4.381503720140973,Black ,4WD,16.0,22.0,Gasoline ,5.3,0.0,True
Nissan,2017,Used,38703.0,14500.0,4.7,Sport Interior ,FWD,26.0,37.0,Gasoline ,2.5,1.0,True
Acura,2023,Used,5058.0,44590.0,4.7,Ebony ,AWD,21.0,29.0,Gasoline ,2.0,0.0,False
Buick,2019,Used,32729.0,27350.0,4.5,Shale ,AWD,17.0,25.0,Gasoline ,3.6,1.0,False
Honda,2018,Used,32834.0,26985.0,4.381503720140973,Gray ,AWD,25.0,31.0,Gasoline ,2.4,0.0,True
Audi,2022,Certified,9344.0,42991.0,4.7,Black ,AWD,21.0,30.0,Gasoline ,3.0,1.0,True
Chevrolet,2015,Used,111850.0,11900.0,4.381503720140973,Brownstone/Jet Black ,AWD,16.0,23.0,Gasoline ,3.6,1.0,False
INFINITI,2016,Used,83963.0,23000.0,4.4,– ,4WD,13.0,19.0,Gasoline ,5.6,1.0,False
Cadillac,2023,Certified,17023.0,95950.0,4.5,Black ,4WD,14.0,18.0,Gasoline ,6.2,0.0,True
Mazda,2015,Used,103674.0,15011.0,4.4,Black ,FWD,26.0,38.0,Gasoline ,2.5,1.0,False
BMW,2017,Used,68460.0,26999.0,4.381503720140973,Mocha Nappa Leather ,AWD,28.0,28.0,Gasoline ,3.0,0.0,others
Lexus,2021,Used,29000.0,74999.0,4.381503720140973,Red ,4WD,20.59922502075837,28.0,Gasoline ,5.7,0.0,True
Honda,2021,Used,59806.0,24699.0,4.8,Black ,AWD,27.0,32.0,Gasoline ,1.5,0.0,False
Audi,2020,Used,24590.0,38995.0,5.0,Black ,AWD,18.0,23.0,Gasoline ,3.0,0.0,True
Audi,2021,Used,22886.0,41254.0,4.5,Black ,AWD,18.0,24.0,Gasoline ,3.0,1.0,True
Honda,2019,Used,74802.0,25305.0,4.9,Gray ,FWD,19.0,28.0,Gasoline ,3.5,1.0,False
Jeep,2017,Used,75623.0,17995.0,4.381503720140973,Ski Gray ,4WD,22.0,30.0,Gasoline ,2.4,0.0,False
Chevrolet,2021,Certified,15661.0,19650.0,4.9,Jet Black ,FWD,28.0,31.0,Gasoline ,1.2,1.0,True
BMW,2021,Certified,27068.0,32995.0,4.5,Cognac ,AWD,25.0,34.0,Gasoline ,2.0,0.0,True
Dodge,2023,New,11.0,62215.0,4.5,Black Interior Color ,RWD,15.0,24.0,Gasoline ,6.4,0.0,others
Mazda,2019,Used,60292.0,16995.0,4.5,Black ,FWD,29.0,34.0,Gasoline ,2.0,1.0,False
Ford,2014,Used,123977.0,19990.0,4.381503720140973,Gray ,RWD,16.0,16.0,E85 Flex Fuel ,5.4,1.0,True
Kia,2017,Used,132830.0,8999.0,4.8,Black ,FWD,25.0,36.0,Gasoline ,2.4,0.0,False
Ford,2018,Used,45136.0,14900.0,4.381503720140973,Black ,FWD,23.0,30.0,Gasoline ,1.5,0.0,True
Volkswagen,2023,New,7.0,26571.0,4.6,Black ,FWD,29.0,40.0,Gasoline ,1.5,0.0,others
Mazda,2018,Used,60581.0,21795.0,4.381503720140973,Black ,FWD,25.0,31.0,Gasoline ,2.5,0.0,False
Cadillac,2019,Used,77882.0,41950.0,4.6,Jet Black ,4WD,14.0,21.0,Gasoline ,6.2,1.0,False
Cadillac,2023,Used,9526.0,109800.0,4.7,Jet Black ,4WD,14.0,18.0,Gasoline ,6.2,0.0,False
Mercedes-Benz,2023,Certified,2569.0,65977.0,4.7,Black ,AWD,20.59922502075837,28.0,Unknown,2.96465882923282,0.0,False
Nissan,2021,Used,15346.0,27494.0,4.6,Gray ,AWD,25.0,32.0,Gasoline ,2.5,0.0,True
Volkswagen,2021,Used,16192.0,29637.0,4.381503720140973,Titan Black ,AWD,20.0,31.0,Gasoline ,2.0,0.0,True
Dodge,2021,Used,3444.0,61490.0,4.8,Black ,RWD,13.0,22.0,Gasoline ,6.2,0.0,True
Ford,2023,New,0.0,62465.0,4.6,Medium Dark Slate ,4WD,20.59922502075837,28.0,Gasoline ,6.8,0.0,others
Honda,2020,Used,30183.0,30995.0,4.7,Gray ,FWD,19.0,28.0,Gasoline ,3.5,1.0,True
Ford,2023,New,8.0,53145.0,4.7,Dark Palazzo Gray ,RWD,20.59922502075837,28.0,E85 Flex Fuel ,3.5,0.0,others
Ford,2023,New,5942.0,79511.0,4.8,Java ,4WD,20.59922502075837,28.0,Gasoline ,3.5,0.0,others
Audi,2020,Used,34069.0,23990.0,4.6,Black ,AWD,24.0,32.0,Gasoline ,2.0,0.0,False
Subaru,2023,Used,1598.0,34749.0,4.8,Black ,AWD,26.0,33.0,Gasoline ,2.5,0.0,False
Chevrolet,2018,Used,48867.0,16950.0,4.6,Brown ,AWD,24.0,30.0,Gasoline ,1.4,0.0,False
BMW,2021,Used,20511.0,31491.0,4.381503720140973,Brown ,AWD,25.0,34.0,Gasoline ,2.0,0.0,True
Toyota,2021,Used,28922.0,34490.0,4.9,Black ,AWD,41.0,38.0,Hybrid ,2.5,0.0,True
Jeep,2019,Used,95713.0,19984.0,4.0,– ,4WD,18.0,25.0,Gasoline ,3.6,1.0,False
Lincoln,2017,Used,42639.0,23273.0,4.1,Ebony ,AWD,16.0,23.0,Gasoline ,3.7,0.0,False
Aston,2022,Used,8530.0,175000.0,4.9,Saddle Tan ,RWD,18.0,24.0,Gasoline ,4.0,0.0,True
Jeep,2018,Used,92786.0,19374.0,4.3,Black ,4WD,18.0,25.0,Gasoline ,3.6,0.0,True
INFINITI,2023,New,10.0,48159.0,4.9,Graphite ,AWD,22.0,28.0,Gasoline ,2.0,0.0,others
Ferrari,2016,Used,28325.0,209800.0,4.7,Rosso Ferrari ,RWD,15.0,22.0,Gasoline ,3.9,0.0,False
Tesla,2019,Used,81947.0,22998.0,3.8,Black ,AWD,20.59922502075837,28.0,Unknown,2.96465882923282,0.0,True
Chevrolet,2021,Used,60991.0,18997.0,4.4,Jet Black ,FWD,26.0,31.0,Gasoline ,1.5,0.0,True
Chevrolet,2016,Used,14804.0,49995.0,4.381503720140973,Jet Black  leather ,4WD,0.0,0.0,Gasoline ,6.0,0.0,False
Cadillac,2021,Used,49005.0,31659.0,4.7,Black ,FWD,19.0,26.0,Gasoline ,3.6,0.0,True
Scion,2015,Used,48474.0,22980.0,4.6,Black ,RWD,25.0,34.0,Gasoline ,2.0,0.0,True
Audi,2021,Used,46591.0,36995.0,4.8,Magma Red ,AWD,18.0,24.0,Gasoline ,3.0,0.0,True
Audi,2018,Used,62717.0,23771.0,4.7,Black ,AWD,24.0,34.0,Gasoline ,2.0,1.0,False
Kia,2019,Used,43412.0,25598.0,4.3,Satin Black ,AWD,19.0,24.0,Gasoline ,3.3,0.0,False
Audi,2017,Used,10327.0,24452.0,4.7,Black ,AWD,20.0,28.0,Gasoline ,2.0,0.0,True
Ford,2021,Used,38139.0,30749.0,4.6,Ebony With Light Slate Uppers ,4WD,20.0,27.0,Gasoline ,2.3,0.0,True
Honda,2016,Used,100267.0,14995.0,4.4,Black ,FWD,19.0,28.0,Gasoline ,3.5,1.0,True
Acura,2023,Used,2958.0,41988.0,4.8,Parchment ,AWD,21.0,27.0,Gasoline ,2.0,0.0,False
Mazda,2023,Used,1597.0,34495.0,4.8,Black ,RWD,26.0,34.0,Gasoline ,2.0,0.0,True
BMW,2019,Used,72404.0,17995.0,5.0,Black ,FWD,23.0,32.0,Gasoline ,2.0,0.0,False
Audi,2020,Used,51305.0,32529.0,4.0,Black ,AWD,18.0,23.0,Gasoline ,3.0,1.0,True
Honda,2022,Used,88907.0,21699.0,4.9,Black ,FWD,30.0,37.0,Gasoline ,2.0,0.0,True
Hyundai,2021,Used,17837.0,18435.0,4.4,Black ,FWD,31.0,41.0,Gasoline ,2.0,0.0,True
Ford,2017,Used,76000.0,10495.0,4.381503720140973,Black ,FWD,20.59922502075837,28.0,E85 Flex Fuel ,2.0,0.0,True
Dodge,2023,Used,1561.0,60654.0,4.4,Black ,RWD,15.0,24.0,Gasoline ,6.4,0.0,True
Nissan,2021,Used,71963.0,29500.0,4.7,Charcoal ,RWD,14.0,19.0,Gasoline ,5.6,0.0,True
Ford,2017,Used,92598.0,15995.0,4.4,Charcoal Black ,4WD,22.0,28.0,Gasoline ,1.5,1.0,True
Dodge,2021,Used,18944.0,34230.0,4.4,Black ,AWD,18.0,25.0,Gasoline ,3.6,1.0,True
Chevrolet,2021,Used,63367.0,16500.0,4.6,Jet Black ,AWD,23.0,30.0,Gasoline ,1.4,1.0,True
Mercedes-Benz,2021,Certified,32037.0,31590.0,4.6,Black ,AWD,23.0,33.0,Gasoline ,2.0,0.0,True
Ford,2023,New,0.0,63285.0,4.6,Medium Dark Slate ,AWD,20.59922502075837,28.0,Unknown,2.0,0.0,others
BMW,2021,Used,23625.0,59350.0,4.5,Black ,AWD,19.0,24.0,Gasoline ,3.0,0.0,True
Ford,2023,New,3864.0,57513.0,4.6,Ebony ,4WD,18.0,24.0,Gasoline ,3.0,0.0,others
Jeep,2022,Used,6084.0,28500.0,4.0,Ruby Red ,4WD,22.0,30.0,Gasoline ,2.4,1.0,True
Subaru,2023,New,6.0,36858.0,4.381503720140973,Black ,AWD,19.0,26.0,Gasoline ,2.4,0.0,others
Ford,2022,Used,20826.0,28295.0,4.6,Ebony ,AWD,23.0,31.0,Gasoline ,2.0,0.0,True
Ford,2016,Used,112128.0,7995.0,4.381503720140973,Black ,AWD,18.0,25.0,Flexible Fuel ,3.7,1.0,True
Ford,2020,Used,55144.0,26994.0,4.9,Ebony With Light Slate Uppers ,4WD,20.0,27.0,Gasoline ,2.3,0.0,False
Cadillac,2016,Used,73636.0,33950.0,4.5,Kona Brown ,4WD,15.0,21.0,Gasoline ,6.2,1.0,False
Dodge,2023,Used,39518.0,39999.0,4.0,Black ,AWD,18.0,25.0,Gasoline ,3.6,1.0,True
Mercedes-Benz,2019,Used,66362.0,21753.0,4.5,Black ,RWD,21.0,24.0,Gasoline ,2.0,1.0,True
Chevrolet,2022,Used,90264.0,17595.0,4.381503720140973,Black ,AWD,23.0,30.0,Gasoline ,1.4,0.0,True
Genesis,2023,New,12.0,41237.0,4.2,Obsidian Black ,AWD,20.0,28.0,Gasoline ,2.0,0.0,others
Mercedes-Benz,2020,Used,29524.0,32998.0,4.381503720140973,Black ,AWD,20.59922502075837,28.0,Hybrid ,2.0,0.0,False
Jeep,2023,New,6690.0,26209.0,4.4,Black ,4WD,24.0,32.0,Gasoline ,2.0,0.0,others
Ford,2022,Used,23235.0,23300.0,4.2,Dark Earth Gray ,AWD,43.0,37.0,Hybrid ,2.5,1.0,True
Alfa,2021,Used,28856.0,27869.0,4.5,Red/Black ,AWD,23.0,31.0,Gasoline ,2.0,0.0,True
Audi,2023,New,5.0,100460.0,4.7,Black ,AWD,14.0,20.0,Gasoline ,4.0,0.0,others
Lexus,2020,Used,33811.0,34988.0,4.9,Chateau ,FWD,22.0,32.0,Gasoline ,3.5,0.0,True
Jeep,2021,Used,24617.0,29974.0,4.3,Black ,4WD,18.0,25.0,Gasoline ,3.6,1.0,True
Porsche,2021,Used,15545.0,69900.0,4.7,Black ,AWD,20.59922502075837,28.0,Hybrid ,3.0,0.0,False
Audi,2023,Certified,5400.0,42991.0,4.7,Okapi Brown ,AWD,22.0,29.0,Gasoline ,2.96465882923282,0.0,True
INFINITI,2023,Certified,8826.0,70221.0,4.7,Graphite ,4WD,13.0,19.0,Gasoline ,5.6,0.0,True
Chevrolet,2021,Certified,33979.0,44486.0,4.9,Jet Black ,4WD,16.0,16.0,Gasoline ,5.3,0.0,True
Toyota,2023,Used,13054.0,42988.0,4.4,Graphite ,FWD,36.0,36.0,Hybrid ,2.5,0.0,True
Mercedes-Benz,2016,Used,52970.0,24991.0,4.2,Black ,AWD,21.0,28.0,Gasoline ,2.0,1.0,False
Toyota,2021,Used,89853.0,24969.0,4.5,Blk ,AWD,27.0,33.0,Gasoline ,2.5,1.0,True
Tesla,2017,Used,80113.0,28500.0,4.381503720140973,Black ,AWD,20.59922502075837,28.0,Unknown,2.96465882923282,1.0,True
Chevrolet,2014,Used,66657.0,16998.0,4.381503720140973,Black ,FWD,22.0,32.0,Gasoline ,2.4,0.0,True
Rivian,2023,Used,7401.0,76972.0,4.7,Forest Edge ,AWD,20.59922502075837,28.0,Unknown,2.96465882923282,0.0,True
Chevrolet,2016,Used,52402.0,29900.0,4.3,Dark Ash/Jet Black ,4WD,0.0,0.0,Gasoline ,6.0,1.0,False
Nissan,2020,Used,15560.0,24850.0,4.381503720140973,Graphite ,FWD,20.0,28.0,Gasoline ,3.5,0.0,True
Hyundai,2021,Used,57331.0,16995.0,4.9,Black ,FWD,33.0,43.0,Gasoline ,2.0,0.0,True
Toyota,2023,Used,1281.0,25995.0,4.7,– ,FWD,28.0,39.0,Gasoline ,2.5,0.0,True
Hyundai,2023,Used,17051.0,24975.0,4.9,Black w/Red Stitching ,FWD,28.0,36.0,Gasoline ,1.6,0.0,True
Honda,2019,Used,49047.0,22994.0,4.9,– ,FWD,30.0,38.0,Gasoline ,1.5,1.0,False
Lexus,2022,Used,15981.0,51995.0,4.9,Black ,AWD,22.0,28.0,Gasoline ,2.4,0.0,True
Honda,2023,Used,3642.0,29898.0,4.5,– ,FWD,27.0,37.0,Gasoline ,1.5,1.0,True
Jeep,2015,Used,170022.0,8977.0,4.2,Black ,4WD,21.0,28.0,Gasoline ,2.4,0.0,True
INFINITI,2023,New,10.0,53080.0,4.9,Stone ,AWD,22.0,28.0,Gasoline ,2.0,0.0,others
Honda,2021,Used,48878.0,26850.0,4.9,Black ,AWD,27.0,32.0,Gasoline ,1.5,0.0,True
Kia,2023,New,15.0,35405.0,4.5,Charcoal ,FWD,20.59922502075837,28.0,Unknown,2.96465882923282,0.0,others
Ford,2022,New,1710.0,52495.0,4.6,Ebony ,4WD,23.0,26.0,Gasoline ,3.0,0.0,others
Cadillac,2021,Certified,37652.0,76198.0,4.9,Black ,4WD,14.0,19.0,Gasoline ,6.2,0.0,True
Nissan,2019,Used,97402.0,16001.0,4.6,Charcoal ,FWD,26.0,33.0,Gasoline ,2.5,0.0,False
Toyota,2017,Used,90550.0,21295.0,4.381503720140973,Black ,FWD,23.0,29.0,Gasoline ,2.5,1.0,False
Nissan,2023,New,6.0,63105.0,4.7,Blue Gray ,AWD,20.59922502075837,28.0,Unknown,2.96465882923282,0.0,others
Ford,2023,New,19.0,54500.0,4.7,Medium Dark Slate ,AWD,20.59922502075837,28.0,Unknown,2.0,0.0,others
Ford,2022,Used,28401.0,24985.0,4.4,Ebony ,FWD,28.0,34.0,Gasoline ,1.5,0.0,True
Jeep,2015,Used,43299.0,29995.0,4.1,Black ,4WD,16.0,21.0,Gasoline ,3.6,0.0,False
Genesis,2021,Certified,31045.0,28988.0,4.381503720140973,Black ,AWD,20.0,27.0,Gasoline ,2.0,0.0,True
Kia,2023,Used,12949.0,17991.0,4.381503720140973,Black ,FWD,29.0,35.0,Gasoline ,2.0,0.0,True
Lincoln,2019,Used,41725.0,23800.0,4.381503720140973,Ebony ,AWD,18.0,25.0,Gasoline ,2.3,0.0,True
Cadillac,2019,Used,58170.0,25588.0,4.7,Jet Black ,AWD,18.0,25.0,Gasoline ,3.6,0.0,True
Dodge,2015,Used,93160.0,17491.0,4.7,Black ,AWD,17.0,24.0,– ,3.6,0.0,False
Audi,2020,Used,24886.0,39999.0,4.8,Black ,AWD,17.0,21.0,Hybrid ,2.96465882923282,0.0,True
Ford,2017,Used,77830.0,34992.0,4.381503720140973,Pewter ,RWD,0.0,0.0,Gasoline ,3.7,1.0,True
Honda,2016,Used,110162.0,16495.0,4.381503720140973,Gray ,FWD,26.0,33.0,Gasoline ,2.4,0.0,False
Lincoln,2022,Used,12664.0,31998.0,4.381503720140973,Tan ,FWD,20.59922502075837,28.0,Gasoline ,2.0,0.0,True
Chevrolet,2019,Used,43374.0,32496.0,4.8,Jet Black ,4WD,16.0,18.0,Gasoline ,3.6,0.0,False
Ford,2019,Certified,37422.0,24735.0,4.8,Ebony ,RWD,21.0,31.0,Gasoline ,2.3,1.0,True
Ford,2017,Used,164782.0,17950.0,4.381503720140973,Gray ,4WD,0.0,0.0,Gasoline ,6.2,1.0,True
Audi,2022,Used,5029.0,34888.0,4.8,Black ,AWD,26.0,34.0,Hybrid ,2.96465882923282,1.0,True
Audi,2015,Used,79994.0,38495.0,4.3,Black ,AWD,16.0,27.0,Gasoline ,4.0,1.0,False
Tesla,2021,Used,46494.0,24885.0,4.8,Black ,RWD,20.59922502075837,28.0,Unknown,2.96465882923282,0.0,True
Acura,2023,Used,11364.0,45224.0,4.9,Red ,AWD,21.0,26.0,Gasoline ,2.0,0.0,True
Toyota,2015,Used,105312.0,11495.0,4.381503720140973,Beige ,FWD,51.0,48.0,Hybrid ,1.8,1.0,False
Chevrolet,2021,Certified,25145.0,17242.0,5.0,Jet Black ,FWD,24.0,32.0,Gasoline ,1.4,0.0,True
Cadillac,2021,Used,28031.0,43890.0,4.3,Jet Black ,AWD,18.0,25.0,Gasoline ,3.6,0.0,True
Chevrolet,2021,Used,15589.0,19200.0,4.3,Jet Black ,AWD,24.0,29.0,Gasoline ,1.4,1.0,True
Chevrolet,2020,Used,33405.0,17888.0,4.6,Jet Black ,FWD,26.0,31.0,Gasoline ,1.4,1.0,True
Honda,2020,Used,47762.0,29994.0,4.6,Gray ,FWD,19.0,28.0,Gasoline ,3.5,0.0,True
Kia,2020,Used,42061.0,14850.0,4.381503720140973,Black ,FWD,24.0,35.0,Gasoline ,2.4,1.0,True
Tesla,2023,Used,9427.0,27800.0,4.7,Black ,RWD,20.59922502075837,28.0,Unknown,2.96465882923282,1.0,False
Tesla,2021,Used,73217.0,24700.0,4.1,Black ,AWD,20.59922502075837,28.0,Unknown,2.96465882923282,0.0,True
Nissan,2021,Certified,27552.0,28236.0,4.8,Graphite ,AWD,20.0,28.0,Gasoline ,3.5,0.0,True
Audi,2023,New,66.0,139905.0,4.7,Cognac ,AWD,13.0,20.0,Gasoline ,4.0,0.0,others
Ford,2020,Used,31280.0,27998.0,4.381503720140973,Black ,AWD,21.0,28.0,Gasoline ,2.0,0.0,True
Mercedes-Benz,2023,Certified,12089.0,45990.0,4.8,Saddle Brown / Black ,AWD,22.0,31.0,Gasoline ,2.0,0.0,True
Volkswagen,2017,Used,21237.0,22500.0,4.4,Titan Black ,FWD,24.0,33.0,Gasoline ,1.8,1.0,True
Nissan,2021,Certified,36035.0,26995.0,4.7,Charcoal ,AWD,25.0,32.0,Gasoline ,2.5,0.0,True
Ford,2014,Used,58903.0,11599.0,4.381503720140973,Black ,FWD,28.0,36.0,Gasoline ,1.6,0.0,others
Jeep,2020,Certified,29920.0,19809.0,4.9,Black ,4WD,21.0,29.0,Gasoline ,2.4,0.0,True
Honda,2022,Used,62670.0,32350.0,4.9,Gray ,AWD,19.0,26.0,Gasoline ,3.5,0.0,True
Volvo,2021,Used,57975.0,28998.0,4.381503720140973,Gray ,AWD,21.0,28.0,Gasoline ,2.0,0.0,others
Lincoln,2019,Used,42474.0,21514.0,4.8,Cappuccino ,FWD,20.0,31.0,Gasoline ,2.0,1.0,False
Nissan,2022,Used,9454.0,26585.0,4.7,Graphite ,AWD,20.0,28.0,Gasoline ,3.5,0.0,True
Chevrolet,2022,Used,14880.0,38699.0,4.8,Jet Black ,RWD,16.0,24.0,Gasoline ,6.2,0.0,True
Jeep,2022,Used,35983.0,51995.0,4.2,Global Black ,4WD,15.0,20.0,Gasoline ,5.7,1.0,True
Jeep,2018,Used,54897.0,25768.0,4.7,Black ,4WD,17.0,25.0,Gasoline ,2.0,1.0,True
Audi,2018,Used,24694.0,38487.0,4.4,Black ,AWD,20.0,29.0,Gasoline ,2.96465882923282,0.0,True
GMC,2021,Certified,63921.0,39875.0,4.9,Jet Black ,4WD,22.0,26.0,Diesel ,3.0,0.0,True
BMW,2018,Used,29178.0,28492.0,4.4,Black ,AWD,23.0,33.0,Gasoline ,2.0,1.0,True
Ford,2020,Used,58534.0,21988.0,4.7,Ebony ,AWD,26.0,31.0,Gasoline ,1.5,0.0,True
Ford,2017,Used,34114.0,50500.0,4.3,Ebony ,RWD,14.0,21.0,Gasoline ,5.2,1.0,False
Lexus,2023,Used,17477.0,44995.0,4.9,Black ,AWD,22.0,29.0,Gasoline ,2.4,0.0,True
Cadillac,2014,Used,150247.0,9990.0,4.8,Caramel/Jet Black Accents ,AWD,17.0,26.0,Gasoline ,3.6,1.0,False
Ford,2022,Used,15549.0,35950.0,4.381503720140973,Ebony ,FWD,24.0,27.0,Gasoline ,2.96465882923282,0.0,True
Ford,2021,Used,15894.0,23998.0,4.381503720140973,Gray ,AWD,26.0,31.0,Gasoline ,1.5,0.0,True
Lamborghini,2020,Used,1611.0,309895.0,4.381503720140973,Nero Ade ,AWD,13.0,18.0,Gasoline ,5.2,0.0,True
Chevrolet,2022,Used,20384.0,35370.0,4.5,Black ,4WD,17.0,24.0,Gasoline ,3.6,1.0,True
Porsche,2022,Used,10300.0,64600.0,4.381503720140973,Black ,AWD,20.59922502075837,28.0,Gasoline ,2.9,0.0,True
BMW,2022,Used,48804.0,27979.0,4.8,Canberra Beige ,AWD,21.0,28.0,Gasoline ,2.0,0.0,True
Lincoln,2023,Used,26137.0,44999.0,4.7,Ebony ,AWD,17.0,24.0,Gasoline ,3.0,1.0,False
Cadillac,2014,Used,95223.0,23500.0,4.381503720140973,Other ,AWD,13.0,18.0,Gasoline ,6.2,0.0,False
INFINITI,2016,Used,127597.0,14495.0,3.7,Java ,AWD,19.0,26.0,Gasoline ,3.5,1.0,True
Rolls-Royce,2014,Used,22339.0,148800.0,4.381503720140973,Seashell ,RWD,13.0,21.0,Gasoline ,6.6,0.0,False
Chevrolet,2020,Used,17760.0,13800.0,4.381503720140973,Black ,FWD,26.0,31.0,Gasoline ,1.4,1.0,True
Volkswagen,2021,Used,37722.0,25994.0,4.6,Titan Black ,AWD,20.0,24.0,Gasoline ,2.0,0.0,True
Lexus,2016,Used,37495.0,29488.0,4.7,Flaxen ,AWD,19.0,26.0,Gasoline ,3.5,0.0,True
Hyundai,2014,Used,77745.0,10651.0,4.4,Camel ,FWD,24.0,35.0,Gasoline ,2.4,0.0,others
Jeep,2020,Used,33295.0,33828.0,4.4,Black ,4WD,17.0,25.0,Gasoline ,2.0,1.0,False
Ford,2016,Used,87861.0,9777.0,4.6,Charcoal Black ,FWD,42.0,37.0,Hybrid ,2.0,1.0,False
Ford,2022,Used,17138.0,22499.0,4.8,Dark Earth Gray ,AWD,26.0,31.0,Gasoline ,1.5,0.0,True
GMC,2021,Certified,68208.0,37994.0,4.6,Jet Black ,4WD,16.0,21.0,Gasoline ,5.3,0.0,True
Jeep,2020,Used,30126.0,36324.0,4.4,Black ,4WD,17.0,23.0,Gasoline ,2.0,0.0,True
RAM,2021,Used,51739.0,42895.0,4.4,Black ,4WD,0.0,0.0,Diesel ,6.7,1.0,True
Toyota,2021,Used,63819.0,30450.0,4.8,– ,AWD,41.0,38.0,Hybrid ,2.5,0.0,True
Ford,2022,Used,17512.0,22500.0,4.2,Dark Earth Gray ,FWD,28.0,34.0,Gasoline ,1.5,0.0,False
Kia,2014,Used,80451.0,12995.0,4.6,Gray ,FWD,23.0,34.0,Gasoline ,2.4,1.0,True
Nissan,2019,Used,34515.0,20997.0,4.7,Charcoal ,4WD,19.0,26.0,Gasoline ,3.5,1.0,False
Chevrolet,2018,Used,94459.0,15995.0,4.381503720140973,Medium Ash Gray ,AWD,24.0,30.0,Gasoline ,1.5,0.0,False
Chevrolet,2022,Used,32537.0,20795.0,4.381503720140973,Medium Ash Gray ,FWD,26.0,31.0,Gasoline ,1.5,1.0,True
Ford,2020,Used,7958.0,23500.0,4.6,Ebony ,AWD,26.0,31.0,Gasoline ,1.5,0.0,True
Volkswagen,2022,Used,23245.0,21712.0,4.1,Gray / Black ,AWD,25.0,32.0,Gasoline ,1.5,0.0,True
Chevrolet,2020,Used,39945.0,31795.0,4.381503720140973,Black ,RWD,15.0,22.0,E85 Flex Fuel ,5.3,1.0,False
Jeep,2021,Used,59847.0,18871.0,4.4,Black ,4WD,21.0,29.0,Gasoline ,2.96465882923282,1.0,True
Jeep,2020,Certified,34593.0,43994.0,4.9,Black ,4WD,21.0,22.0,Gasoline ,2.0,0.0,True
Audi,2018,Used,59188.0,18995.0,4.6,Black ,AWD,23.0,27.0,Gasoline ,2.0,0.0,False
RAM,2019,Used,95255.0,27900.0,4.4,Black ,4WD,15.0,21.0,Gasoline ,5.7,0.0,True
BMW,2022,Used,19811.0,86800.0,4.7,Sakhir Orange ,AWD,13.0,18.0,Gasoline ,4.4,0.0,True
Porsche,2015,Used,63577.0,29995.0,4.9,Luxor Beige ,AWD,17.0,23.0,Gasoline ,3.6,0.0,True
Volkswagen,2023,Certified,4452.0,47242.0,4.9,Black ,AWD,20.59922502075837,28.0,Unknown,2.96465882923282,0.0,False
RAM,2018,Certified,41666.0,40990.0,4.8,Black ,4WD,0.0,0.0,Gasoline ,6.4,1.0,True
Dodge,2022,Used,27738.0,35995.0,4.5,Black ,AWD,18.0,25.0,Gasoline ,3.6,0.0,True
Jaguar,2019,Used,54767.0,30000.0,4.381503720140973,Light Oyster w/ Ebony / Ebony ,AWD,18.0,23.0,Gasoline ,2.96465882923282,0.0,True
BMW,2020,Used,25462.0,39989.0,4.2,Black ,AWD,22.0,29.0,Gasoline ,3.0,0.0,True
Cadillac,2021,Used,43629.0,33000.0,4.4,Jet Black ,AWD,18.0,26.0,Gasoline ,3.6,1.0,True
Aston,2017,Certified,7248.0,118000.0,4.381503720140973,Sahara Tan Leather ,others,20.59922502075837,28.0,Gasoline ,2.96465882923282,1.0,False
Toyota,2017,Used,125569.0,14984.0,4.3,Black ,FWD,42.0,0.0,Hybrid ,2.5,1.0,False
Rolls-Royce,2019,Certified,13876.0,248800.0,4.381503720140973,Seashell ,RWD,12.0,18.0,Gasoline ,6.6,0.0,False
Mazda,2023,Used,5532.0,35495.0,4.381503720140973,Black ,AWD,20.0,26.0,Gasoline ,2.5,0.0,True
Kia,2023,New,0.0,35510.0,4.1,Black ,AWD,23.0,25.0,Gasoline ,2.5,0.0,others
BMW,2017,Used,78210.0,20500.0,4.381503720140973,Canberra Beige ,AWD,0.0,0.0,Gasoline ,2.0,0.0,False
Audi,2016,Used,129666.0,12849.0,4.381503720140973,Black ,AWD,22.0,32.0,Gasoline ,2.0,0.0,False
BMW,2021,Used,46996.0,32885.0,4.8,Tacora Red w/Contrast Stitching ,AWD,24.0,33.0,Gasoline ,2.0,0.0,True
Jaguar,2020,Used,38295.0,26280.0,4.4,– ,AWD,21.0,28.0,Gasoline ,2.0,1.0,True
Kia,2022,Used,18040.0,35488.0,4.7,Black ,AWD,20.59922502075837,28.0,Unknown,2.96465882923282,0.0,True
Bentley,2022,Used,7623.0,187912.0,4.381503720140973,Beluga ,AWD,15.0,24.0,Gasoline ,4.0,0.0,True
Chevrolet,2019,Used,41985.0,22949.0,4.6,Jet Black ,AWD,22.0,28.0,Gasoline ,2.0,1.0,True
Lincoln,2020,Used,79586.0,34500.0,3.8,Roast ,AWD,17.0,24.0,Gasoline ,3.0,0.0,False
GMC,2022,Used,33156.0,33000.0,4.5,Jet Black ,AWD,19.0,26.0,Gasoline ,3.6,0.0,True
Jeep,2022,New,5930.0,55999.0,4.4,Global Black ,4WD,20.59922502075837,28.0,Hybrid ,2.0,0.0,others
Chevrolet,2017,Used,63763.0,27998.0,4.381503720140973,Black ,4WD,17.0,22.0,Gasoline ,5.3,1.0,False
Audi,2016,Used,99841.0,15499.0,4.381503720140973,Chestnut Brown ,AWD,20.0,28.0,Gasoline ,2.0,1.0,False
BMW,2020,Used,43208.0,40489.0,4.5,Black ,AWD,22.0,30.0,Gasoline ,3.0,0.0,True
Buick,2021,Used,42131.0,18873.0,4.4,Ebony ,FWD,28.0,31.0,Gasoline ,1.2,0.0,True
Kia,2016,Used,77223.0,7987.0,4.2,Black ,FWD,25.0,33.0,Gasoline ,2.0,1.0,True
Kia,2023,Used,12645.0,23495.0,4.7,Black ,AWD,27.0,31.0,Gasoline ,2.0,0.0,True
Porsche,2022,Used,624.0,156999.0,4.381503720140973,Black ,RWD,17.0,23.0,Gasoline ,4.0,0.0,True
Ford,2023,New,8.0,49930.0,4.6,Black Onyx ,AWD,20.59922502075837,28.0,Unknown,2.96465882923282,0.0,others
Mercedes-Benz,2023,New,12.0,65625.0,4.5,Black ,RWD,20.59922502075837,28.0,Diesel ,2.0,0.0,others
Mercedes-Benz,2023,New,7.0,66214.0,4.7,Black ,AWD,20.59922502075837,28.0,Unknown,2.96465882923282,0.0,others
Honda,2019,Certified,45312.0,29234.0,3.8,Beige ,FWD,19.0,28.0,Gasoline ,2.96465882923282,1.0,True
RAM,2021,Used,26915.0,44889.0,4.8,Black ,4WD,19.0,24.0,Gasoline ,5.7,0.0,True
GMC,2021,Used,3893.0,38495.0,4.7,Medium Pewter ,RWD,0.0,0.0,Gasoline ,6.6,0.0,True
Ford,2023,New,9.0,60500.0,4.7,Black Onyx ,4WD,16.0,17.0,Gasoline ,2.3,0.0,others
Kia,2022,Used,17723.0,19999.0,4.381503720140973,Black ,FWD,23.0,30.0,Gasoline ,2.4,0.0,False
Volkswagen,2018,Used,104365.0,15095.0,4.381503720140973,Titan Black ,AWD,22.0,29.0,Gasoline ,1.8,0.0,False
Ford,2021,Used,10180.0,40495.0,4.2,Ebony/Sandstone ,AWD,23.0,31.0,Gasoline ,2.0,0.0,True
Lincoln,2023,Used,13172.0,49995.0,4.7,– ,AWD,17.0,24.0,Gasoline ,3.0,0.0,True
Nissan,2023,Used,1343.0,25998.0,4.381503720140973,Black ,FWD,27.0,39.0,Gasoline ,2.5,0.0,True
Honda,2016,Used,104049.0,14600.0,4.8,– ,FWD,31.0,41.0,Gasoline ,2.0,1.0,False
Buick,2015,Used,56560.0,12969.0,4.6,Ebony ,FWD,25.0,33.0,Gasoline ,1.4,0.0,False
Volkswagen,2021,Used,22763.0,28376.0,4.4,– ,FWD,18.0,23.0,Gasoline ,3.6,0.0,True
Jeep,2021,Used,52335.0,42994.0,4.9,Tupelo/Black ,4WD,18.0,25.0,Gasoline ,3.6,0.0,True
Chevrolet,2019,Certified,67512.0,28980.0,5.0,Jet Black ,4WD,17.0,24.0,Gasoline ,3.6,0.0,True
Nissan,2019,Used,94900.0,21900.0,4.381503720140973,Charcoal ,4WD,13.0,18.0,Gasoline ,5.6,0.0,False
Toyota,2023,New,0.0,54179.0,4.8,Black ,AWD,29.0,32.0,Hybrid ,2.4,0.0,others
Rolls-Royce,2018,Certified,8308.0,288800.0,4.381503720140973,Black ,RWD,12.0,18.0,Gasoline ,6.6,0.0,False
Jeep,2015,Used,148275.0,22896.0,4.381503720140973,Black ,4WD,17.0,21.0,Gasoline ,3.6,0.0,True
Ford,2022,Used,11475.0,48920.0,4.3,Black ,AWD,20.59922502075837,28.0,Unknown,2.96465882923282,0.0,False
Audi,2021,Used,29178.0,33999.0,4.8,Black ,AWD,24.0,31.0,Hybrid ,2.96465882923282,0.0,True
Jeep,2017,Used,32588.0,25985.0,4.381503720140973,Black ,4WD,0.0,0.0,Gasoline ,2.4,0.0,False
BMW,2021,Certified,22980.0,31888.0,4.1,Black ,AWD,23.0,31.0,Gasoline ,2.0,0.0,True
GMC,2022,Used,28302.0,55415.0,4.5,Jet Black ,4WD,20.0,23.0,Diesel ,3.0,0.0,False
Genesis,2023,Used,11225.0,36752.0,4.4,Obsidian Black/Red Stitch ,AWD,20.0,28.0,Gasoline ,2.96465882923282,0.0,True
Nissan,2023,Used,9186.0,34750.0,4.9,Tan ,AWD,28.0,34.0,Gasoline ,1.5,0.0,True
Lincoln,2020,Used,33830.0,24980.0,4.4,Ebony ,FWD,20.0,31.0,Gasoline ,2.0,1.0,False
RAM,2022,Used,14094.0,36998.0,4.381503720140973,Black ,4WD,20.59922502075837,28.0,Gasoline ,3.6,1.0,True
Hyundai,2017,Used,81440.0,13495.0,4.381503720140973,Gray ,FWD,20.59922502075837,28.0,Gasoline ,1.6,0.0,False
Hyundai,2023,Used,10946.0,33937.0,4.381503720140973,Beige ,AWD,21.0,28.0,Gasoline ,2.5,0.0,True
Cadillac,2021,Certified,22176.0,40989.0,4.381503720140973,Jet Black ,AWD,18.0,25.0,Gasoline ,3.6,0.0,True
Polestar,2020,Used,17684.0,92800.0,4.9,Charcoal ,AWD,0.0,0.0,Gasoline ,2.0,0.0,False
Land,2015,Used,63130.0,29990.0,4.8,Black ,4WD,14.0,19.0,Gasoline ,5.0,1.0,False
Ford,2021,Certified,19889.0,29995.0,4.2,Dark Earth Gray ,FWD,28.0,34.0,Gasoline ,1.5,0.0,True
Ford,2023,New,16.0,54290.0,4.7,Medium Dark Slate ,AWD,20.59922502075837,28.0,Unknown,2.0,0.0,others
Chevrolet,2022,Used,2864.0,72980.0,4.7,Jet Black ,RWD,20.59922502075837,28.0,Gasoline ,6.2,0.0,False
Maserati,2023,New,6872.0,88072.0,4.8,Red ,AWD,16.0,22.0,Gasoline ,3.0,0.0,others
Ford,2020,Used,73678.0,18600.0,4.3,Ebony ,AWD,26.0,31.0,Gasoline ,1.5,0.0,True
Chrysler,2021,Used,66097.0,23881.0,4.5,Black ,FWD,19.0,28.0,Gasoline ,3.6,1.0,True
Acura,2021,Used,27071.0,29265.0,4.6,Ebony ,AWD,21.0,27.0,Gasoline ,2.0,0.0,True
Ford,2015,Used,54383.0,13438.0,4.6,Black ,FWD,24.0,36.0,Gasoline ,1.5,1.0,False
Toyota,2023,Used,25033.0,32477.0,4.8,Black ,AWD,21.0,28.0,Gasoline ,2.4,0.0,True
Subaru,2017,Used,86591.0,16801.0,4.6,Ivory ,AWD,26.0,33.0,Gasoline ,2.0,0.0,True
Ford,2023,New,5.0,56188.0,4.4,Ebony ,4WD,18.0,24.0,Gasoline ,3.0,0.0,others
Audi,2023,Certified,5507.0,35273.0,4.1,Black ,AWD,21.0,28.0,Gasoline ,2.96465882923282,0.0,True
Chevrolet,2021,Used,61047.0,15995.0,4.381503720140973,Jet Black ,AWD,23.0,30.0,Gasoline ,1.4,1.0,True
Honda,2017,Used,99456.0,17995.0,4.9,Black ,FWD,26.0,34.0,Gasoline ,2.4,1.0,False
Dodge,2019,Used,72963.0,22795.0,4.381503720140973,Black ,AWD,14.0,22.0,Gasoline ,5.7,1.0,True
BMW,2022,Used,9161.0,51495.0,4.381503720140973,Black ,AWD,22.0,29.0,Gasoline ,3.0,1.0,True
Chevrolet,2018,Used,20559.0,17746.0,4.0,– ,FWD,20.59922502075837,28.0,Unknown,2.96465882923282,0.0,True
Acura,2019,Used,61472.0,24818.0,4.381503720140973,– ,AWD,21.0,27.0,Gasoline ,2.0,0.0,False
Dodge,2023,New,0.0,45859.0,4.9,Black ,RWD,15.0,23.0,Gasoline ,5.7,0.0,others
BMW,2021,Used,41387.0,31149.0,4.5,Magma Red ,AWD,23.0,32.0,Gasoline ,2.0,0.0,True
Ford,2023,New,21.0,79290.0,4.4,Black ,AWD,20.59922502075837,28.0,Unknown,2.96465882923282,0.0,others
Lincoln,2023,New,2.0,55030.0,4.7,– ,AWD,20.59922502075837,28.0,Hybrid ,2.5,0.0,others
GMC,2017,Used,75650.0,34579.0,4.5,Jet Black ,4WD,15.0,21.0,Gasoline ,6.2,0.0,False
Cadillac,2020,Used,45488.0,34995.0,4.6,Cirrus ,AWD,17.0,24.0,Gasoline ,3.6,0.0,True
Chevrolet,2023,Certified,16811.0,73931.0,5.0,Jet Black ,4WD,15.0,20.0,Gasoline ,6.2,1.0,True
Porsche,2023,Certified,7205.0,141999.0,4.7,Black ,AWD,15.0,20.0,Gasoline ,4.0,0.0,False
INFINITI,2023,New,19.0,50997.0,4.4,Stone ,AWD,22.0,28.0,Gasoline ,2.0,0.0,others
RAM,2017,Used,102084.0,24990.0,4.1,Black ,4WD,16.0,23.0,Gasoline ,5.7,0.0,False
Ford,2023,New,2698.0,57488.0,4.6,Ebony ,4WD,23.0,24.0,Gasoline ,3.0,0.0,others
Ford,2016,Used,158087.0,6500.0,5.0,Charcoal Black ,FWD,23.0,32.0,Gasoline ,1.6,1.0,False
Rolls-Royce,2017,Used,28986.0,259800.0,4.7,Commissioned Collection Cobalto Blue ,RWD,12.0,19.0,Gasoline ,6.6,0.0,False
Mercedes-Benz,2020,Used,20953.0,59878.0,4.381503720140973,Macchiato ,AWD,19.0,23.0,Gasoline ,3.0,0.0,True
Ford,2021,Used,29979.0,33049.0,4.8,Sandstone ,4WD,20.0,27.0,Gasoline ,2.3,1.0,True
Ford,2020,Used,34844.0,19500.0,4.7,Sandstone ,FWD,27.0,33.0,Gasoline ,1.5,0.0,True
Nissan,2015,Used,65991.0,15700.0,4.3,Charcoal ,AWD,25.0,32.0,Gasoline ,2.5,0.0,False
Nissan,2023,Certified,34431.0,29799.0,4.381503720140973,Charcoal with Cloth Seating Surfaces ,4WD,20.59922502075837,28.0,– ,3.5,0.0,True
Chevrolet,2018,Used,24662.0,38995.0,4.8,Jet Black / Dark Ash ,4WD,16.0,22.0,Gasoline ,5.3,1.0,True
Buick,2022,Used,72226.0,29995.0,4.9,Dark Galvanized w/Ebony Accents ,AWD,17.0,25.0,Gasoline ,3.6,0.0,True
Cadillac,2020,Used,50484.0,32995.0,4.6,Jet Black ,AWD,18.0,25.0,Gasoline ,3.6,0.0,True
Maserati,2022,New,84.0,87000.0,4.8,Black ,AWD,16.0,22.0,Gasoline ,3.0,0.0,others
Jeep,2018,Used,89650.0,16889.0,4.6,Black ,4WD,18.0,25.0,Gasoline ,3.6,0.0,False
Lincoln,2020,Used,82764.0,41218.0,4.7,Savanna ,AWD,20.59922502075837,28.0,Hybrid ,3.0,0.0,True
Audi,2023,Certified,4898.0,53980.0,4.7,Black ,AWD,19.0,25.0,Gasoline ,2.0,0.0,True
Jeep,2023,Certified,3406.0,26700.0,4.8,Black/Bronze ,4WD,23.0,29.0,Gasoline ,1.3,0.0,True
GMC,2022,Used,21056.0,33977.0,4.9,Jet Black ,AWD,19.0,26.0,Gasoline ,3.6,0.0,True
Chevrolet,2020,Used,92931.0,19690.0,4.7,Jet Black ,FWD,18.0,27.0,Gasoline ,3.6,1.0,True
Chevrolet,2021,Used,20334.0,21999.0,4.4,Jet Black ,AWD,25.0,30.0,Gasoline ,1.5,0.0,True
Mercedes-Benz,2015,Used,105458.0,14495.0,4.381503720140973,Black ,AWD,24.0,32.0,Gasoline ,2.0,0.0,False
Jeep,2021,Used,44361.0,21346.0,4.4,Black ,4WD,22.0,30.0,Gasoline ,2.4,0.0,False
BMW,2021,Used,13448.0,54999.0,4.9,Black ,RWD,23.0,31.0,Gasoline ,3.0,1.0,True
Jeep,2023,New,15.0,54068.0,4.0,Black ,4WD,16.0,23.0,Gasoline ,3.6,0.0,others
Dodge,2019,Used,41613.0,45999.0,4.4,RED ,AWD,19.0,19.0,Gasoline ,6.4,1.0,False
Chevrolet,2022,Used,41104.0,20995.0,4.381503720140973,Jet Black ,AWD,25.0,30.0,Gasoline ,1.5,1.0,True
Ford,2019,Used,96942.0,18140.0,4.6,Charcoal Black ,4WD,22.0,28.0,Gasoline ,1.5,0.0,True
Nissan,2016,Used,78643.0,17995.0,4.1,Charcoal ,FWD,22.0,30.0,Gasoline ,3.5,0.0,False
GMC,2017,Used,84026.0,17577.0,3.8,Ebony ,FWD,15.0,22.0,Gasoline ,3.6,1.0,False
Volkswagen,2023,Used,997.0,22344.0,4.4,Titan Black ,FWD,29.0,40.0,Gasoline ,1.5,0.0,True
Volkswagen,2021,Used,33851.0,31495.0,4.381503720140973,Titan Black ,AWD,17.0,23.0,Gasoline ,3.6,0.0,True
BMW,2022,Certified,18148.0,39999.0,4.1,Black ,AWD,21.0,28.0,Gasoline ,2.0,0.0,True
Audi,2019,Used,39935.0,24499.0,4.8,Black ,AWD,23.0,34.0,Gasoline ,2.96465882923282,0.0,True
Ferrari,2021,Used,751.0,559880.0,4.381503720140973,Nero ,AWD,20.59922502075837,28.0,Hybrid ,4.0,0.0,True
INFINITI,2021,Used,39743.0,33453.0,4.7,Graphite ,AWD,22.0,28.0,Gasoline ,2.0,0.0,True
Chrysler,2023,New,2.0,37522.0,4.9,Black ,AWD,18.0,27.0,Gasoline ,3.6,0.0,others
Lincoln,2016,Used,72283.0,19395.0,4.7,Ebony ,AWD,17.0,24.0,Gasoline ,2.7,1.0,True
GMC,2022,Certified,53026.0,22698.0,4.9,Jet Black ,FWD,25.0,30.0,Gasoline ,1.5,1.0,True
Bentley,2022,Used,1029.0,208800.0,4.381503720140973,Saddle ,AWD,20.59922502075837,28.0,Hybrid ,2.9,0.0,True
Mercedes-Benz,2023,Certified,6221.0,43477.0,4.7,Black ,AWD,24.0,33.0,Gasoline ,2.0,0.0,False
Jeep,2020,Used,55228.0,30988.0,4.8,Black ,4WD,18.0,25.0,Gasoline ,3.6,0.0,True
Nissan,2021,Used,16596.0,22884.0,4.7,Graphite ,AWD,20.0,28.0,Gasoline ,3.5,0.0,True
Tesla,2022,Used,61293.0,21775.0,4.6,Black ,RWD,20.59922502075837,28.0,Unknown,2.96465882923282,0.0,True
Jeep,2015,Used,136281.0,9495.0,4.7,Black ,AWD,21.0,29.0,Gasoline ,2.4,1.0,True
Ford,2021,Used,54957.0,36890.0,4.3,Light Sandstone ,4WD,23.0,26.0,Gasoline ,3.0,1.0,True
Ford,2019,Used,77446.0,29945.0,4.2,GRAY ,RWD,0.0,0.0,E85 Flex Fuel ,3.7,1.0,False
Tesla,2016,Used,67249.0,29977.0,4.4,Black ,AWD,20.59922502075837,28.0,Unknown,2.96465882923282,1.0,True
Ford,2014,Used,130185.0,9995.0,4.381503720140973,Medium Light Stone ,FWD,20.0,28.0,Gasoline ,2.0,1.0,False
RAM,2019,Used,93107.0,25995.0,4.381503720140973,Black ,FWD,0.0,0.0,Gasoline ,3.6,1.0,False
Tesla,2017,Used,56628.0,39817.0,4.4,– ,AWD,20.59922502075837,28.0,Unknown,2.96465882923282,1.0,True
Lexus,2016,Used,54460.0,28900.0,4.3,Tan ,AWD,19.0,26.0,Gasoline ,3.5,1.0,True
Toyota,2014,Used,117706.0,15995.0,4.6,– ,AWD,22.0,29.0,Gasoline ,2.5,0.0,True
Hyundai,2023,Certified,10835.0,20700.0,4.6,Gray ,FWD,29.0,33.0,Gasoline ,1.6,0.0,True
GMC,2023,New,737.0,30243.0,4.5,Jet Black ,FWD,24.0,29.0,Gasoline ,1.5,0.0,others
BMW,2021,Certified,7348.0,38999.0,4.1,Cognac ,AWD,23.0,32.0,Gasoline ,2.0,1.0,True
Ford,2022,Used,18050.0,23998.0,4.381503720140973,Tan ,AWD,26.0,31.0,Gasoline ,1.5,0.0,True
Jeep,2016,Used,43921.0,27850.0,4.381503720140973,Black Leather ,4WD,18.0,28.0,Gasoline ,3.0,0.0,False
Audi,2014,Used,122690.0,8995.0,4.4,Black ,AWD,20.0,27.0,Gasoline ,2.0,1.0,False
Jeep,2015,Used,78334.0,25995.0,4.4,Black ,4WD,16.0,21.0,Gasoline ,3.6,0.0,False
Lincoln,2017,Used,75910.0,17049.0,4.3,Cappuccino ,FWD,21.0,28.0,Gasoline ,2.0,0.0,False
Nissan,2020,Used,76115.0,17619.0,4.2,Charcoal ,AWD,24.0,30.0,Gasoline ,2.0,0.0,True
Lincoln,2023,New,10.0,57927.0,4.381503720140973,Ebony ,AWD,20.0,25.0,Gasoline ,2.7,0.0,others
Jaguar,2021,Used,11112.0,61964.0,4.381503720140973,Ebony ,AWD,18.0,26.0,Gasoline ,3.0,0.0,True
RAM,2021,Used,43876.0,34750.0,4.8,Black ,FWD,0.0,0.0,Gasoline ,3.6,0.0,False
Nissan,2022,Used,15196.0,32995.0,4.381503720140973,Charcoal w/Lava Red Stitch ,4WD,17.0,22.0,Gasoline ,3.8,1.0,True
Jeep,2021,Used,37464.0,20471.0,4.6,Black ,4WD,22.0,30.0,Gasoline ,2.4,0.0,True
Toyota,2019,Used,65749.0,26900.0,4.7,– ,FWD,22.0,32.0,Gasoline ,3.5,0.0,True
Cadillac,2021,Used,20352.0,39950.0,4.5,Jet Black ,AWD,18.0,25.0,Gasoline ,3.6,0.0,False
Nissan,2022,Used,20169.0,19603.0,4.8,Charcoal ,FWD,31.0,36.0,Gasoline ,1.6,0.0,True
Chevrolet,2015,Used,103986.0,8378.0,4.4,Black ,FWD,26.0,38.0,Gasoline ,1.4,0.0,False
Audi,2020,Used,38722.0,28944.0,4.1,Black ,AWD,22.0,28.0,Gasoline ,2.0,0.0,True
Cadillac,2015,Used,79866.0,14700.0,4.381503720140973,– ,AWD,19.0,28.0,Gasoline ,2.0,0.0,False
Acura,2021,Used,28231.0,32242.0,4.9,Ebony ,FWD,22.0,30.0,Gasoline ,2.0,0.0,True
Ford,2019,Certified,36355.0,51995.0,4.8,Black ,4WD,20.59922502075837,28.0,E85 Flex Fuel ,6.2,0.0,True
Tesla,2020,Used,11548.0,31995.0,4.1,Black ,AWD,20.59922502075837,28.0,Unknown,2.96465882923282,1.0,True
Ford,2022,Used,25770.0,22894.0,4.6,Dark Earth Gray ,AWD,26.0,31.0,Gasoline ,1.5,0.0,True
Ford,2022,Used,16209.0,22998.0,4.381503720140973,Gray ,AWD,26.0,31.0,Gasoline ,1.5,0.0,True
Toyota,2014,Used,154320.0,7999.0,5.0,Ash ,FWD,25.0,35.0,Gasoline ,2.5,1.0,False
Dodge,2023,Used,6209.0,79000.0,4.5,Black ,RWD,12.0,21.0,Gasoline ,6.2,0.0,True
Volkswagen,2016,Used,39351.0,12490.0,4.9,Black ,FWD,20.59922502075837,28.0,Unknown,2.96465882923282,0.0,False
Mercedes-Benz,2023,Used,3864.0,52999.0,4.7,Black ,RWD,18.0,22.0,Gasoline ,2.0,0.0,False
BMW,2023,Certified,11461.0,39888.0,4.1,Black ,AWD,25.0,34.0,Gasoline ,2.0,0.0,False
Ford,2020,Used,52561.0,18401.0,4.9,Dark Earth Gray ,AWD,26.0,31.0,Gasoline ,1.5,0.0,False
Subaru,2020,Certified,30730.0,25000.0,4.6,Gray ,AWD,26.0,33.0,Gasoline ,2.5,1.0,False
RAM,2020,Used,33118.0,32750.0,4.381503720140973,Gray ,FWD,0.0,0.0,Gasoline ,3.6,1.0,True
Ferrari,2018,Used,8134.0,219900.0,4.381503720140973,Cuoio ,AWD,12.0,17.0,Gasoline ,6.3,0.0,False
Cadillac,2023,Used,10105.0,44450.0,4.5,Jet Black ,AWD,21.0,27.0,Gasoline ,3.6,0.0,True
Ford,2017,Used,18104.0,34592.0,4.7,Ebony ,RWD,14.0,23.0,Gasoline ,5.0,0.0,False
Nissan,2018,Used,57897.0,15695.0,4.7,Charcoal ,AWD,24.0,30.0,Gasoline ,2.0,0.0,True
GMC,2016,Used,71170.0,77595.0,4.4,Jet Black ,4WD,0.0,0.0,Diesel ,6.6,1.0,True
Mercedes-Benz,2023,New,115.0,50244.0,4.8,Black ,RWD,18.0,22.0,Gasoline ,2.0,0.0,others
Lincoln,2023,New,8.0,52315.0,4.381503720140973,Ebony ,AWD,21.0,28.0,Gasoline ,2.0,0.0,others
INFINITI,2022,Used,47996.0,30438.0,4.5,Graphite ,AWD,22.0,28.0,Gasoline ,2.0,0.0,True
Ford,2020,Certified,34594.0,22995.0,4.2,Dark Earth Gray ,FWD,27.0,33.0,Gasoline ,1.5,1.0,True
Buick,2016,Used,102506.0,11990.0,4.7,Light Neutral ,AWD,19.0,27.0,Gasoline ,2.0,0.0,False
Honda,2018,Used,33592.0,23900.0,4.6,Black ,FWD,29.0,35.0,Gasoline ,1.5,1.0,True
Land,2020,Used,33025.0,42195.0,4.3,Ebony / Ebony ,4WD,16.0,21.0,Gasoline ,3.0,0.0,True
Volkswagen,2015,Used,87404.0,16677.0,4.2,Titan Black ,FWD,31.0,42.0,Diesel ,2.0,0.0,True
Porsche,2023,Used,4525.0,95000.0,4.7,– ,RWD,20.59922502075837,28.0,Unknown,2.96465882923282,0.0,False
Chevrolet,2023,Used,24941.0,22395.0,4.381503720140973,Medium Ash Gray ,FWD,26.0,31.0,Gasoline ,1.5,1.0,True
Lincoln,2023,New,6.0,74381.0,4.381503720140973,Ebony ,AWD,17.0,24.0,Gasoline ,3.0,0.0,others
GMC,2017,Used,76505.0,25998.0,4.9,Dark Ash ,4WD,17.0,22.0,Gasoline ,5.3,1.0,False
Mercedes-Benz,2015,Used,60330.0,34888.0,5.0,Silk Beige / Espresso Brown ,RWD,20.0,27.0,Gasoline ,3.0,0.0,False
Land,2020,Used,55864.0,44900.0,4.7,Ebony / Ebony ,4WD,19.0,24.0,Gasoline ,2.96465882923282,1.0,False
Lexus,2020,Used,48087.0,33495.0,4.9,Chateau ,FWD,22.0,32.0,Gasoline ,3.5,0.0,False
Ford,2023,Used,22406.0,42998.0,4.381503720140973,Black ,RWD,18.0,25.0,Gasoline ,3.0,0.0,True
Toyota,2023,Used,30396.0,28478.0,4.8,Black ,AWD,27.0,33.0,Gasoline ,2.5,0.0,True
Lexus,2021,Used,58887.0,40950.0,4.5,Caramel ,AWD,31.0,28.0,Hybrid ,3.5,1.0,True
Chevrolet,2016,Used,60151.0,13980.0,4.4,Jet Black ,FWD,22.0,32.0,Gasoline ,2.4,0.0,False
Audi,2021,Used,19642.0,31690.0,5.0,Black ,AWD,23.0,28.0,Gasoline ,2.0,1.0,True
Lincoln,2023,Used,1960.0,41230.0,4.8,Ebony ,AWD,21.0,28.0,Gasoline ,2.0,0.0,False
Audi,2020,Used,12223.0,199800.0,4.7,Express Red ,AWD,13.0,20.0,Gasoline ,5.2,0.0,False
Subaru,2020,Certified,25935.0,19888.0,4.8,Ivory ,AWD,28.0,36.0,Gasoline ,2.0,1.0,False
Ford,2023,New,6590.0,51615.0,4.7,– ,4WD,20.0,27.0,Gasoline ,2.3,0.0,others
Chrysler,2023,New,10.0,35403.0,4.7,Black ,AWD,18.0,27.0,Gasoline ,3.6,0.0,others
RAM,2022,Used,39758.0,45777.0,4.2,Black ,4WD,0.0,0.0,Diesel ,6.7,0.0,True
Chevrolet,2016,Used,159189.0,8999.0,4.4,– ,FWD,37.0,37.0,Gasoline ,1.5,1.0,False
Chevrolet,2020,Used,77888.0,27995.0,4.381503720140973,Black ,4WD,15.0,21.0,E85 Flex Fuel ,5.3,0.0,True
Chevrolet,2019,Used,53608.0,16564.0,4.4,Jet Black ,FWD,26.0,32.0,Gasoline ,1.5,0.0,True
Cadillac,2023,Certified,17205.0,36989.0,4.381503720140973,Light Platinum / Jet Black ,AWD,22.0,29.0,Gasoline ,2.0,0.0,True
Audi,2017,Used,59756.0,17951.0,4.7,Black ,AWD,20.0,28.0,Gasoline ,2.0,0.0,True
Mercedes-Benz,2020,Used,39345.0,25995.0,3.9,Black ,AWD,24.0,34.0,Gasoline ,2.0,1.0,True
Toyota,2019,Used,56859.0,16995.0,4.9,Black ,FWD,28.0,35.0,Gasoline ,1.8,1.0,False
Genesis,2023,Certified,4835.0,44889.0,4.381503720140973,Obsidian Black ,AWD,17.0,26.0,Gasoline ,3.3,1.0,False
Mazda,2023,Used,6023.0,27324.0,4.381503720140973,Black ,AWD,24.0,30.0,Gasoline ,2.5,0.0,False
Chevrolet,2021,Used,23162.0,19971.0,4.6,Jet Black ,FWD,26.0,31.0,Gasoline ,1.5,0.0,True
Mercedes-Benz,2014,Used,54359.0,50995.0,4.8,Black ,RWD,16.0,25.0,Gasoline ,5.5,1.0,False
Honda,2019,Used,57830.0,24998.0,4.381503720140973,Black ,FWD,28.0,38.0,Gasoline ,1.5,0.0,True
Audi,2021,Certified,34622.0,30980.0,4.7,Black ,AWD,24.0,31.0,Gasoline ,2.0,0.0,True
Ford,2018,Used,75343.0,23950.0,4.381503720140973,Gray ,RWD,0.0,0.0,Gasoline ,3.7,1.0,True
INFINITI,2020,Used,30186.0,31998.0,4.381503720140973,Wheat ,AWD,19.0,26.0,Gasoline ,3.5,0.0,True
BMW,2019,Used,83450.0,19999.0,4.381503720140973,Black ,AWD,22.0,29.0,Gasoline ,2.0,0.0,False
Genesis,2023,Used,5671.0,37977.0,4.1,Obsidian Black/Red Stitch ,AWD,20.0,28.0,Gasoline ,2.0,0.0,True
Audi,2016,Used,54288.0,33000.0,4.4,Black ,AWD,17.0,27.0,Gasoline ,4.0,1.0,False
Buick,2019,Used,30996.0,17500.0,4.2,Ebony ,AWD,24.0,29.0,Gasoline ,1.4,1.0,True
Mazda,2023,Used,12187.0,29295.0,4.8,White ,AWD,22.0,30.0,Gasoline ,2.5,0.0,True
Acura,2021,Used,25455.0,28985.0,4.9,Biege ,FWD,22.0,31.0,Gasoline ,2.0,1.0,True
Chevrolet,2018,Used,41266.0,20398.0,4.9,Jet Black ,FWD,26.0,32.0,Gasoline ,1.5,0.0,True
Land,2018,Used,69881.0,25944.0,4.4,– ,4WD,21.0,27.0,Gasoline ,2.0,0.0,False
Honda,2021,Used,38873.0,28588.0,4.8,Gray ,AWD,19.0,26.0,Gasoline ,3.5,1.0,True
Ford,2018,Used,42027.0,15211.0,4.4,Ebony Black ,4WD,23.0,29.0,Gasoline ,2.0,0.0,False
Ford,2023,New,10.0,55000.0,4.2,Dark Slate ,AWD,20.59922502075837,28.0,Unknown,2.0,0.0,others
BMW,2023,Certified,7142.0,48995.0,4.5,Mocha ,AWD,20.59922502075837,28.0,Hybrid ,2.0,0.0,True
Jeep,2019,Used,45692.0,22400.0,4.7,Black ,4WD,19.0,27.0,Gasoline ,3.2,1.0,False
Dodge,2021,Used,44208.0,24300.0,4.9,Black ,RWD,19.0,30.0,Gasoline ,3.6,1.0,False
Ford,2023,New,14.0,38527.0,4.6,Navy Pier ,4WD,25.0,28.0,Gasoline ,1.5,0.0,others
Mercedes-Benz,2019,Used,78385.0,30855.0,4.3,Black ,AWD,21.0,27.0,Gasoline ,2.0,1.0,False
Hyundai,2017,Used,131979.0,12495.0,4.381503720140973,Black ,AWD,17.0,22.0,Gasoline ,3.3,0.0,False
Mercedes-Benz,2023,Certified,4298.0,58292.0,4.8,Black ,AWD,21.0,30.0,Gasoline ,2.0,0.0,False
Ford,2023,New,5181.0,49949.0,4.8,Ebony ,4WD,18.0,24.0,Gasoline ,3.0,0.0,others
Jeep,2020,Used,17397.0,22998.0,4.381503720140973,Black ,4WD,29.0,29.0,Gasoline ,1.3,0.0,True
Hyundai,2017,Used,36367.0,11497.0,3.8,Gray ,FWD,26.0,36.0,Gasoline ,2.96465882923282,1.0,True
Mazda,2021,Used,40531.0,22990.0,4.6,Black ,AWD,22.0,30.0,Gasoline ,2.5,0.0,True
Chevrolet,2023,New,5579.0,31500.0,4.5,Jet Black ,FWD,29.0,33.0,Gasoline ,1.3,0.0,others
Dodge,2020,Used,42555.0,25671.0,4.6,Black ,AWD,18.0,27.0,Gasoline ,3.6,0.0,True
Chrysler,2021,Used,32298.0,28881.0,4.5,Black ,FWD,20.59922502075837,28.0,Hybrid ,3.6,0.0,True
Nissan,2023,Used,22009.0,48999.0,4.7,Black ,4WD,20.59922502075837,28.0,Gasoline ,5.6,0.0,True
Jeep,2021,Used,24896.0,22206.0,4.4,Black ,FWD,22.0,31.0,Gasoline ,2.4,0.0,True
Mercedes-Benz,2015,Used,75435.0,24950.0,4.381503720140973,Black ,AWD,23.0,29.0,Gasoline ,2.0,1.0,False
Chevrolet,2023,Used,1444.0,26998.0,4.381503720140973,Black ,FWD,29.0,31.0,Gasoline ,1.2,1.0,True
Cadillac,2019,Used,32348.0,29995.0,4.6,Beige ,AWD,18.0,25.0,Gasoline ,3.6,0.0,False
Chevrolet,2023,Used,704.0,63795.0,4.381503720140973,Black ,4WD,14.0,18.0,Gasoline ,5.3,0.0,True
Ford,2014,Used,12246.0,18702.0,4.5,Charcoal Black ,RWD,19.0,29.0,Gasoline ,3.7,0.0,True
Tesla,2019,Used,29677.0,24600.0,4.4,– ,RWD,20.59922502075837,28.0,Unknown,2.96465882923282,0.0,True
Chevrolet,2021,Used,49318.0,32517.0,4.7,Neutral ,RWD,20.59922502075837,28.0,Gasoline ,4.3,0.0,True
Volkswagen,2020,Used,71435.0,16977.0,4.2,Storm Gray ,AWD,20.0,27.0,Gasoline ,2.0,0.0,True
Chevrolet,2021,Used,32678.0,57995.0,4.7,Jet Black ,4WD,15.0,19.0,Gasoline ,5.3,0.0,True
Audi,2018,Used,40977.0,34888.0,4.3,Rotor Gray ,AWD,21.0,30.0,Gasoline ,3.0,0.0,False
Cadillac,2020,Used,59419.0,31500.0,4.8,Jet Black ,AWD,17.0,24.0,Gasoline ,3.6,0.0,False
Nissan,2021,Used,64163.0,21492.0,4.7,Charcoal ,FWD,27.0,37.0,Gasoline ,2.5,0.0,True
Mercedes-Benz,2021,Used,67234.0,56999.0,4.7,Black ,4WD,20.59922502075837,28.0,Diesel ,3.0,0.0,True
Subaru,2016,Used,61725.0,29995.0,4.381503720140973,Black ,AWD,23.0,23.0,Gasoline ,2.5,1.0,False
Toyota,2020,Used,73948.0,43000.0,4.5,Black ,4WD,13.0,17.0,Gasoline ,5.7,1.0,False
Dodge,2017,Used,60375.0,26998.0,4.381503720140973,Black ,AWD,18.0,25.0,Gasoline ,3.6,0.0,True
Ford,2021,Certified,21226.0,26989.0,4.8,Gray ,FWD,28.0,34.0,Gasoline ,1.5,0.0,True
INFINITI,2022,Used,25106.0,42895.0,4.7,Sandstone ,AWD,20.0,25.0,Gasoline ,3.5,1.0,True
Ford,2022,Used,55552.0,41268.0,4.4,Medium Earth Gray ,4WD,0.0,0.0,Gasoline ,6.2,0.0,True
Dodge,2023,New,12.0,30690.0,4.4,Black ,RWD,19.0,30.0,Gasoline ,3.6,0.0,others
Cadillac,2019,Used,37985.0,24888.0,4.8,Jet Black w/Cinnamon Accents ,AWD,22.0,29.0,Gasoline ,2.0,1.0,True
Land,2021,Used,22618.0,60397.0,4.8,Acorn ,4WD,17.0,22.0,Gasoline ,2.96465882923282,0.0,True
Buick,2023,New,3.0,33690.0,4.5,Ebony ,AWD,22.0,29.0,Gasoline ,2.0,0.0,others
Cadillac,2021,Used,23722.0,88888.0,4.4,Jet Black ,4WD,13.0,19.0,Gasoline ,6.2,1.0,False
Cadillac,2021,Certified,24359.0,41989.0,4.381503720140973,Cirrus ,AWD,18.0,25.0,Gasoline ,3.6,0.0,True
Kia,2019,Used,85826.0,16580.0,4.381503720140973,Black ,FWD,24.0,33.0,Gasoline ,2.4,1.0,False
Chrysler,2022,Used,30378.0,33595.0,4.5,Black/Alloy/Black ,FWD,19.0,28.0,Gasoline ,3.6,0.0,True
Cadillac,2017,Used,95054.0,32997.0,4.7,Jet Black ,4WD,15.0,20.0,Gasoline ,6.2,1.0,False
Ford,2022,Used,29977.0,33575.0,4.8,Ebony ,4WD,20.0,27.0,Gasoline ,2.3,0.0,True
Ford,2017,Used,10018.0,59500.0,4.9,Ebony ,RWD,14.0,21.0,Gasoline ,5.2,0.0,False
Ford,2023,New,41.0,63285.0,4.7,Medium Dark Slate ,AWD,20.59922502075837,28.0,Unknown,2.0,0.0,others
Lincoln,2023,New,2895.0,90192.0,4.381503720140973,Black Onyx ,4WD,16.0,22.0,Gasoline ,3.5,0.0,others
Tesla,2017,Used,53318.0,25988.0,4.381503720140973,Beige ,AWD,20.59922502075837,28.0,Unknown,2.96465882923282,0.0,True
Nissan,2021,Used,46991.0,27991.0,4.6,Charcoal ,AWD,25.0,32.0,Gasoline ,2.5,0.0,False
Volkswagen,2022,Used,24449.0,39423.0,4.9,Dark Burgandy / Titan Black ,AWD,18.0,24.0,Gasoline ,3.6,0.0,True
BMW,2020,Used,57509.0,26571.0,4.6,Black ,AWD,24.0,29.0,Gasoline ,2.0,1.0,False
Audi,2022,Used,35120.0,27951.0,4.7,Black ,AWD,23.0,30.0,Gasoline ,2.0,0.0,True
Nissan,2018,Used,152039.0,8999.0,4.3,Black ,FWD,27.0,38.0,Gasoline ,2.5,1.0,False
Chevrolet,2021,Certified,51234.0,20500.0,4.8,Jet Black ,FWD,26.0,31.0,Gasoline ,1.5,0.0,True
Kia,2021,Used,82315.0,18195.0,4.381503720140973,Black ,FWD,20.59922502075837,28.0,Gasoline ,2.0,0.0,True
Lincoln,2021,Used,39068.0,37995.0,4.6,Ebony ,AWD,17.0,24.0,Gasoline ,3.0,0.0,False
Jeep,2021,Used,48460.0,22896.0,4.381503720140973,Black Cloth ,4WD,21.0,29.0,Gasoline ,2.4,0.0,True
Honda,2021,Used,23098.0,33738.0,4.5,– ,FWD,19.0,28.0,Gasoline ,3.5,1.0,True
Jeep,2022,Used,12434.0,36998.0,4.9,Black ,4WD,17.0,23.0,Gasoline ,2.0,0.0,False
Kia,2019,Used,47245.0,18000.0,4.4,Black ,FWD,22.0,29.0,Gasoline ,2.4,1.0,True
Mercedes-Benz,2019,Used,73637.0,44295.0,4.7,Magma Grey ,AWD,17.0,27.0,Gasoline ,4.0,1.0,True
RAM,2022,Used,25508.0,39999.0,4.4,Diesel Gray / Black ,4WD,20.59922502075837,28.0,Gasoline ,5.7,0.0,False
Genesis,2023,Used,8248.0,51800.0,4.4,Obsidian Black/Red Stitch ,AWD,17.0,26.0,Gasoline ,3.3,0.0,True
Honda,2023,Certified,5581.0,40400.0,4.8,Black ,FWD,19.0,28.0,Gasoline ,3.5,0.0,True
Ford,2023,Used,33823.0,41998.0,4.381503720140973,Black ,4WD,18.0,24.0,Gasoline ,3.0,0.0,True
Hyundai,2016,Used,66667.0,14775.0,4.9,Gray ,FWD,20.0,27.0,Gasoline ,2.4,1.0,True
Nissan,2015,Used,88886.0,16177.0,4.2,Beige ,AWD,21.0,28.0,Gasoline ,3.5,1.0,False
Lexus,2021,Used,37636.0,28995.0,4.9,Rioja Red ,AWD,22.0,28.0,Gasoline ,2.0,1.0,True
Buick,2019,Used,9245.0,34998.0,4.381503720140973,Brown ,FWD,18.0,26.0,Gasoline ,3.6,0.0,False
Chevrolet,2023,Used,11173.0,68833.0,4.8,Jet Black ,4WD,15.0,20.0,Gasoline ,5.3,0.0,True
Bentley,2023,Used,11568.0,238800.0,4.381503720140973,Beluga ,AWD,12.0,19.0,Gasoline ,6.0,0.0,True
Lexus,2016,Used,57254.0,29495.0,4.9,Parch ,AWD,19.0,26.0,Gasoline ,3.5,1.0,True
Ford,2020,Certified,44358.0,29998.0,4.8,Ebony ,4WD,20.0,27.0,Gasoline ,2.3,0.0,False
Jeep,2020,Certified,51737.0,35994.0,4.9,Black ,4WD,19.0,22.0,Gasoline ,3.6,0.0,True
Chevrolet,2019,Used,54893.0,28994.0,4.1,Jet Black ,4WD,15.0,21.0,Gasoline ,5.3,0.0,True
Jeep,2016,Used,73660.0,20395.0,4.6,Black ,4WD,18.0,25.0,Gasoline ,3.6,1.0,False
Lexus,2016,Used,67729.0,49987.0,4.3,Parchment ,4WD,13.0,0.0,Gasoline ,5.7,0.0,False
Ford,2020,Used,89703.0,20795.0,4.381503720140973,Tan ,AWD,21.0,28.0,Gasoline ,2.0,0.0,False
Chevrolet,2023,Used,8502.0,72569.0,4.5,Jet Black/Victory Red ,4WD,15.0,19.0,Gasoline ,5.3,0.0,False
Honda,2019,Used,61327.0,30994.0,4.6,Beige ,FWD,19.0,28.0,Gasoline ,3.5,1.0,True
Jeep,2018,Used,66956.0,32759.0,4.5,Tan ,4WD,18.0,23.0,Gasoline ,3.6,0.0,True
Dodge,2021,Used,47141.0,40076.0,4.3,Black ,AWD,14.0,22.0,Gasoline ,5.7,1.0,False
Tesla,2020,Used,46410.0,25659.0,4.5,Black ,AWD,20.59922502075837,28.0,Unknown,2.96465882923282,0.0,True
Nissan,2019,Used,84605.0,15995.0,4.1,Charcoal ,FWD,28.0,39.0,Gasoline ,2.5,0.0,False
Jeep,2021,Certified,22565.0,21636.0,4.9,Black ,4WD,22.0,30.0,Gasoline ,2.4,1.0,True
Chevrolet,2020,Used,31671.0,28555.0,4.8,Jet Black ,RWD,20.0,30.0,Gasoline ,3.6,0.0,True
Tesla,2018,Used,70257.0,23907.0,4.0,– ,RWD,20.59922502075837,28.0,Unknown,2.96465882923282,0.0,False
Ford,2022,Used,25114.0,41500.0,4.3,DARK SLATE CLOTH 40/20/40 ,4WD,16.0,22.0,Gasoline ,3.3,0.0,False
Audi,2023,New,12.0,138185.0,4.7,Cognac ,AWD,13.0,20.0,Gasoline ,4.0,0.0,others
Jeep,2023,Used,12627.0,40999.0,4.3,Global Black ,4WD,19.0,26.0,Gasoline ,3.6,0.0,True
Lexus,2015,Used,54445.0,26985.0,4.381503720140973,Saddle Tan ,FWD,18.0,25.0,Gasoline ,3.5,1.0,False
Honda,2015,Used,102254.0,14995.0,4.6,Black ,AWD,26.0,33.0,Gasoline ,2.4,1.0,True
INFINITI,2020,Used,44213.0,23800.0,4.8,Graphite ,AWD,19.0,26.0,Gasoline ,3.5,1.0,True
Tesla,2017,Used,144069.0,27995.0,4.381503720140973,White ,AWD,20.59922502075837,28.0,Unknown,2.96465882923282,0.0,True
Lincoln,2020,Certified,16927.0,29995.0,4.2,Cappuccino ,AWD,20.0,29.0,Gasoline ,2.0,0.0,True
Chevrolet,2017,Used,107081.0,27895.0,4.9,Jet Black ,4WD,15.0,22.0,Gasoline ,5.3,1.0,False
Porsche,2021,Used,26442.0,44993.0,4.381503720140973,Black/mojave Beige ,AWD,19.0,23.0,Gasoline ,2.0,0.0,True
Chevrolet,2019,Used,18065.0,82900.0,4.381503720140973,Jet Black ,RWD,0.0,0.0,Gasoline ,6.2,1.0,False
Toyota,2023,New,5.0,41374.0,4.7,Black ,AWD,42.0,41.0,Hybrid ,2.5,0.0,others
Chevrolet,2017,Used,116686.0,12896.0,4.381503720140973,Black Cloth ,AWD,24.0,30.0,Gasoline ,1.4,1.0,False
Genesis,2023,Used,6995.0,49995.0,4.381503720140973,Obsidian Black/Sevilla Red ,AWD,17.0,26.0,Gasoline ,3.3,0.0,False
Cadillac,2019,Used,44907.0,22695.0,4.9,Black ,FWD,24.0,30.0,Gasoline ,2.0,0.0,True
Kia,2021,Used,42334.0,17991.0,4.5,Black ,AWD,21.0,25.0,Gasoline ,2.4,0.0,True
Ford,2014,Used,135113.0,8900.0,4.8,Charcoal Black ,FWD,22.0,31.0,Gasoline ,2.5,1.0,True
GMC,2020,Used,44445.0,25388.0,4.4,– ,AWD,21.0,26.0,Gasoline ,2.0,0.0,False
Dodge,2022,Used,64459.0,25000.0,4.7,Black ,RWD,19.0,30.0,Gasoline ,3.6,0.0,True
Jeep,2020,Used,33146.0,19500.0,3.7,Black ,4WD,23.0,29.0,Gasoline ,2.96465882923282,1.0,True
Chevrolet,2014,Used,79794.0,15995.0,4.7,Jet Black ,FWD,18.0,28.0,Gasoline ,3.6,1.0,False
Nissan,2019,Used,90131.0,11995.0,4.381503720140973,Charcoal ,FWD,31.0,36.0,Gasoline ,1.6,0.0,False
Audi,2022,Used,16912.0,41000.0,4.5,Black ,AWD,20.59922502075837,28.0,Gasoline ,3.0,0.0,True
Lincoln,2020,Used,49987.0,39990.0,4.3,Ebony ,AWD,17.0,24.0,Gasoline ,3.0,0.0,True
Ford,2023,New,18.0,57000.0,4.7,Medium Dark Slate ,AWD,20.59922502075837,28.0,Unknown,2.96465882923282,0.0,others
Tesla,2023,Used,11945.0,28746.0,4.6,– ,RWD,20.59922502075837,28.0,Unknown,2.96465882923282,1.0,True
Lexus,2017,Used,37769.0,27880.0,4.9,Black ,AWD,22.0,27.0,Gasoline ,2.0,0.0,False
Mercedes-Benz,2023,New,5.0,44067.0,4.8,– ,RWD,19.0,23.0,Gasoline ,2.0,0.0,others
Audi,2023,Used,2749.0,83747.0,4.8,Black ,AWD,14.0,20.0,Gasoline ,2.96465882923282,0.0,True
Nissan,2018,Used,57577.0,32950.0,4.381503720140973,Gray ,RWD,0.0,0.0,Gasoline ,4.0,0.0,False
Mercedes-Benz,2023,New,5.0,119395.0,4.8,Black ,others,20.59922502075837,28.0,Gasoline ,2.0,0.0,others
Nissan,2018,Used,71672.0,16995.0,4.381503720140973,Graphite ,AWD,21.0,28.0,Gasoline ,3.5,1.0,True
Porsche,2021,Certified,33334.0,64800.0,4.9,Black ,AWD,19.0,23.0,Gasoline ,3.0,1.0,True
Chevrolet,2019,Used,67140.0,17998.0,4.381503720140973,Black ,FWD,26.0,31.0,Gasoline ,1.4,0.0,True
Ford,2014,Used,107718.0,10990.0,4.4,Black ,4WD,22.0,30.0,Gasoline ,1.6,0.0,False
Chevrolet,2020,Certified,40064.0,19804.0,4.6,Medium Ash Gray ,FWD,26.0,31.0,Gasoline ,1.5,0.0,False
Mercedes-Benz,2016,Used,49318.0,66800.0,4.7,Black ,RWD,16.0,25.0,Gasoline ,5.5,1.0,False
BMW,2022,Used,31212.0,33250.0,4.5,Canberra Beige ,RWD,23.0,29.0,Gasoline ,2.0,0.0,True
Chevrolet,2020,Used,76875.0,17900.0,4.381503720140973,Medium Ash Gray ,AWD,25.0,30.0,Gasoline ,1.5,0.0,False
BMW,2023,Certified,13952.0,43997.0,4.1,Black ,AWD,21.0,28.0,Gasoline ,2.0,1.0,False
GMC,2020,Used,25270.0,21869.0,4.1,Jet Black ,FWD,26.0,30.0,Gasoline ,1.5,0.0,True
Audi,2019,Used,16781.0,24490.0,4.5,Black ,FWD,27.0,34.0,Gasoline ,2.0,1.0,False
Scion,2015,Used,72188.0,14395.0,4.3,Dark Charcoal ,FWD,22.0,28.0,Gasoline ,2.4,1.0,False
Nissan,2019,Used,28178.0,25792.0,4.7,Rakuda Tan ,FWD,20.0,30.0,Gasoline ,3.5,0.0,True
Audi,2018,Used,76000.0,23990.0,5.0,Black ,AWD,19.0,24.0,Gasoline ,3.0,1.0,False
BMW,2015,Used,105130.0,17995.0,5.0,Brown ,AWD,31.0,43.0,Diesel ,2.0,0.0,False
Hyundai,2022,Certified,35816.0,23700.0,4.6,Black ,AWD,24.0,29.0,Gasoline ,2.5,1.0,True
Ford,2017,Used,95274.0,11945.0,4.2,TAN ,FWD,0.0,0.0,Gasoline ,2.5,1.0,False
Lexus,2014,Used,105824.0,27995.0,4.1,Black ,4WD,15.0,20.0,Gasoline ,4.6,1.0,False
Chrysler,2021,Used,61948.0,24074.0,4.6,Black ,FWD,19.0,28.0,Gasoline ,3.6,0.0,True
Mercedes-Benz,2023,New,25.0,44036.0,4.6,Black ,RWD,19.0,23.0,Gasoline ,2.0,0.0,others
Dodge,2014,Used,129494.0,14603.0,4.6,Black ,AWD,17.0,24.0,E85 Flex Fuel ,3.6,1.0,False
Ford,2020,Certified,17041.0,36995.0,4.2,Dark Earth Gray ,AWD,26.0,31.0,Gasoline ,1.5,1.0,True
Ford,2018,Used,60296.0,14880.0,4.8,Charcoal Black ,FWD,23.0,30.0,Gasoline ,1.5,0.0,False
BMW,2023,New,7841.0,76015.0,4.4,Black ,AWD,22.0,31.0,Gasoline ,3.0,0.0,others
BMW,2021,Used,17786.0,37989.0,4.5,Tacora Red ,AWD,24.0,33.0,Gasoline ,2.0,1.0,True
Chevrolet,2017,Used,57142.0,18993.0,4.1,Jet Black ,FWD,22.0,33.0,Gasoline ,2.0,1.0,False
Lexus,2015,Used,85749.0,19995.0,4.9,Parchment ,FWD,18.0,25.0,Gasoline ,3.5,0.0,False
Lincoln,2021,Used,18846.0,49914.0,3.9,Sandstone ,AWD,17.0,24.0,Gasoline ,3.0,1.0,True
Ford,2023,New,18.0,58085.0,4.7,– ,AWD,20.59922502075837,28.0,Unknown,2.0,0.0,others
Nissan,2023,Used,10248.0,49949.0,4.7,Black ,4WD,13.0,18.0,Gasoline ,5.6,0.0,True
BMW,2023,Used,19667.0,73400.0,4.9,Black ,AWD,21.0,25.0,Gasoline ,3.0,0.0,True
Hyundai,2020,Used,26561.0,24998.0,4.381503720140973,Black ,AWD,21.0,27.0,Gasoline ,2.4,0.0,False
Jeep,2020,Used,24665.0,34380.0,4.7,Black ,4WD,17.0,23.0,Gasoline ,2.0,0.0,False
Ford,2022,Certified,32147.0,25700.0,4.4,Ebony ,AWD,43.0,37.0,Hybrid ,2.5,0.0,True
Audi,2015,Used,97000.0,22500.0,4.381503720140973,Black ,AWD,20.59922502075837,28.0,Gasoline ,3.0,0.0,False
Nissan,2020,Used,32849.0,35995.0,4.2,Grey ,RWD,0.0,0.0,Gasoline ,4.0,0.0,True
Chevrolet,2019,Used,8815.0,63995.0,4.381503720140973,Jet Black ,RWD,16.0,25.0,Gasoline ,6.2,1.0,False
Maserati,2022,Used,44465.0,44999.0,4.6,– ,AWD,16.0,22.0,Gasoline ,3.0,0.0,True
Lincoln,2015,Used,69677.0,16995.0,4.7,Ebony ,AWD,19.0,26.0,Gasoline ,2.0,0.0,True
Chevrolet,2017,Used,92380.0,8995.0,4.381503720140973,Jet Black ,FWD,30.0,40.0,Gasoline ,1.4,1.0,False
BMW,2023,Used,6589.0,129981.0,4.381503720140973,Ivory White/Atlas Grey ,AWD,16.0,20.0,Gasoline ,4.4,0.0,True
Buick,2016,Used,50314.0,17900.0,4.8,Ebony w/Ebony Accents ,AWD,19.0,27.0,Gasoline ,2.0,1.0,False
Ford,2020,Used,59157.0,23998.0,4.381503720140973,Black ,AWD,43.0,37.0,Hybrid ,2.5,0.0,False
Honda,2021,Used,9779.0,30590.0,3.8,Black ,FWD,22.0,32.0,Gasoline ,2.0,0.0,True
Jeep,2023,New,10.0,40439.0,4.2,Black ,4WD,22.0,28.0,Diesel ,3.0,0.0,others
Tesla,2018,Used,87198.0,18995.0,4.381503720140973,Black ,RWD,20.59922502075837,28.0,Unknown,2.96465882923282,0.0,True
Ford,2014,Used,85791.0,8999.0,4.381503720140973,Charcoal Black ,FWD,22.0,0.0,Gasoline ,2.5,0.0,True
BMW,2021,Used,62792.0,64980.0,4.7,Silverstone ,AWD,13.0,18.0,Gasoline ,4.4,0.0,True
Ford,2019,Used,12264.0,34995.0,4.4,Ebony Black ,4WD,16.0,22.0,Gasoline ,3.5,0.0,False
Ford,2021,Used,19922.0,31931.0,4.7,Black ,AWD,20.59922502075837,28.0,Unknown,2.96465882923282,1.0,True
Jeep,2023,New,29.0,62608.0,4.7,Global Black ,4WD,20.59922502075837,28.0,Hybrid ,2.0,0.0,others
Kia,2022,Used,26040.0,34000.0,4.6,Gray ,AWD,36.0,33.0,Hybrid ,1.6,0.0,True
Ford,2016,Used,44182.0,34500.0,4.3,Pewter ,RWD,20.59922502075837,28.0,– ,3.7,0.0,False
Chevrolet,2021,Certified,34662.0,32971.0,4.6,Jet Black ,AWD,19.0,26.0,Gasoline ,3.6,1.0,True
Honda,2019,Used,39047.0,28477.0,4.2,Gray ,AWD,19.0,24.0,Gasoline ,3.5,0.0,False
Audi,2021,Used,28925.0,40999.0,4.8,Magma Red ,AWD,18.0,24.0,Gasoline ,2.96465882923282,0.0,True
Alfa,2021,Used,9807.0,24800.0,4.8,Red/Black ,AWD,23.0,31.0,Gasoline ,2.96465882923282,0.0,True
BMW,2021,Used,46321.0,67650.0,4.5,Sakhir Orange ,AWD,13.0,18.0,Gasoline ,4.4,0.0,True
Ford,2023,Used,9764.0,24500.0,4.9,Ebony ,AWD,26.0,32.0,Gasoline ,1.5,0.0,True
BMW,2021,Used,29356.0,49979.0,4.8,Black ,AWD,20.0,27.0,Gasoline ,3.0,0.0,True
Chevrolet,2022,Used,65763.0,42995.0,4.5,Jet Black ,4WD,20.59922502075837,28.0,Gasoline ,5.3,0.0,True
Jeep,2019,Used,72045.0,23896.0,4.381503720140973,Black ,4WD,22.0,27.0,Gasoline ,1.3,1.0,True
Jeep,2022,Used,16000.0,31823.0,4.3,Black ,FWD,20.59922502075837,28.0,Gasoline ,2.0,0.0,True
Toyota,2019,Used,49204.0,20668.0,4.8,Ash ,FWD,29.0,41.0,Gasoline ,2.5,0.0,True
Audi,2023,Used,7883.0,75599.0,4.8,Black w/Red Stitching ,AWD,19.0,26.0,Hybrid ,2.96465882923282,0.0,True
Porsche,2020,Certified,33081.0,42994.0,4.6,Black ,AWD,19.0,23.0,Gasoline ,2.0,0.0,True
Nissan,2020,Used,52329.0,23972.0,4.7,Charcoal ,4WD,19.0,26.0,Gasoline ,3.5,0.0,True
Volkswagen,2023,Used,3700.0,26998.0,4.381503720140973,Gray / Black ,AWD,25.0,32.0,Gasoline ,1.5,0.0,True
Jeep,2018,Used,31147.0,21330.0,4.8,Black ,4WD,22.0,30.0,Gasoline ,2.4,0.0,False
BMW,2020,Used,65946.0,24500.0,4.8,Black ,RWD,25.0,29.0,Gasoline ,2.0,0.0,False
Bentley,2018,Used,59950.0,82900.0,3.9,Black ,AWD,12.0,19.0,Gasoline ,6.0,0.0,True
Ford,2020,Used,17810.0,21914.0,4.1,Ebony ,AWD,26.0,31.0,Gasoline ,2.0,1.0,True
Nissan,2022,Used,11552.0,27899.0,4.7,Charcoal ,4WD,17.0,22.0,Gasoline ,3.8,0.0,True
Mercedes-Benz,2023,New,8.0,60583.0,4.5,Black ,RWD,20.59922502075837,28.0,Diesel ,2.0,0.0,others
Nissan,2023,Used,10096.0,31552.0,4.7,Graphite ,AWD,20.0,28.0,Gasoline ,3.5,0.0,True
Land,2020,Used,43172.0,26832.0,4.4,– ,AWD,20.0,27.0,Gasoline ,2.0,0.0,True
Honda,2019,Used,39502.0,24244.0,4.6,– ,AWD,27.0,33.0,Gasoline ,1.5,0.0,True
RAM,2015,Used,95804.0,19995.0,4.8,Gray ,FWD,20.59922502075837,28.0,Diesel ,3.0,0.0,False
Toyota,2023,Used,28800.0,31777.0,4.0,Gray ,FWD,22.0,29.0,Gasoline ,2.4,0.0,True
Tesla,2018,Used,67230.0,23995.0,4.6,Black ,AWD,20.59922502075837,28.0,Unknown,2.96465882923282,0.0,True
RAM,2023,Used,3772.0,62888.0,4.4,Black ,4WD,20.59922502075837,28.0,Diesel ,6.7,0.0,True
Audi,2023,Certified,3714.0,47444.0,4.1,Black ,AWD,22.0,29.0,Gasoline ,2.0,0.0,True
Honda,2018,Used,58883.0,28452.0,4.6,Mocha ,FWD,19.0,28.0,Gasoline ,3.5,0.0,True
Jeep,2014,Used,41763.0,17995.0,4.381503720140973,Black ,4WD,17.0,24.0,Gasoline ,3.6,1.0,False
Kia,2017,Used,41289.0,18999.0,4.4,Black ,AWD,20.0,23.0,Gasoline ,2.0,0.0,True
Audi,2023,Used,7986.0,67874.0,4.381503720140973,Black ,AWD,18.0,22.0,Gasoline ,3.0,0.0,True
Toyota,2020,Used,103820.0,19495.0,4.381503720140973,Black ,AWD,27.0,34.0,Gasoline ,2.5,1.0,True
Cadillac,2019,Used,45456.0,26900.0,4.7,Black ,AWD,18.0,25.0,Gasoline ,3.6,0.0,True
GMC,2021,Certified,28365.0,25975.0,4.9,Medium Ash Gray/Jet Black ,AWD,25.0,28.0,Gasoline ,1.5,0.0,True
Kia,2023,New,10.0,43999.0,3.7,Light Gray ,FWD,20.59922502075837,28.0,Unknown,2.96465882923282,0.0,others
Kia,2023,Used,18234.0,23479.0,4.8,Black ,FWD,25.0,32.0,Gasoline ,2.5,0.0,True
Mazda,2021,Used,32337.0,28475.0,4.6,Black ,AWD,20.0,26.0,Gasoline ,2.5,0.0,True
Chevrolet,2019,Used,50850.0,16027.0,4.6,Jet Black ,FWD,26.0,31.0,Gasoline ,1.4,1.0,True
Mercedes-Benz,2023,New,18.0,58634.0,4.5,Black ,RWD,20.59922502075837,28.0,Gasoline ,2.0,0.0,others
Mercedes-Benz,2015,Used,94853.0,16850.0,4.381503720140973,Black ,AWD,17.0,22.0,Gasoline ,3.5,1.0,True
Volkswagen,2016,Used,106040.0,10547.0,4.7,– ,FWD,25.0,38.0,Gasoline ,1.8,0.0,False
INFINITI,2019,Used,51508.0,27990.0,3.9,Graphite ,RWD,14.0,20.0,Gasoline ,5.6,0.0,True
Toyota,2016,Used,144116.0,21896.0,4.381503720140973,Tan Leather ,AWD,18.0,24.0,Gasoline ,3.5,1.0,False
Nissan,2020,Used,37765.0,16995.0,4.381503720140973,Sport ,FWD,27.0,37.0,Gasoline ,2.5,1.0,True
BMW,2023,Used,11492.0,47799.0,4.5,Beige ,AWD,20.59922502075837,28.0,Hybrid ,2.0,0.0,False
Tesla,2020,Used,55206.0,25479.0,4.8,Black ,AWD,20.59922502075837,28.0,Unknown,2.96465882923282,0.0,True
Mercedes-Benz,2023,New,5.0,53968.0,4.8,– ,RWD,18.0,22.0,Gasoline ,2.0,0.0,others
Acura,2021,Used,15716.0,32800.0,4.2,Red ,FWD,22.0,30.0,Gasoline ,2.0,0.0,True
Cadillac,2019,Used,36275.0,25550.0,4.5,Black ,FWD,24.0,30.0,Gasoline ,2.0,0.0,True
Chevrolet,2021,Used,22106.0,19835.0,4.7,Medium Ash Gray ,FWD,26.0,31.0,Gasoline ,1.5,0.0,True
Chevrolet,2016,Used,120102.0,8499.0,4.3,Gray ,FWD,30.0,42.0,Gasoline ,1.4,0.0,False
Cadillac,2014,Used,108426.0,13314.0,4.1,Black ,AWD,17.0,26.0,Gasoline ,3.6,1.0,False
Subaru,2021,Certified,19966.0,23955.0,4.9,Gray ,AWD,26.0,33.0,Gasoline ,2.5,0.0,True
Nissan,2021,Used,27108.0,25699.0,4.7,Charcoal ,AWD,25.0,32.0,Gasoline ,2.5,0.0,True
BMW,2020,Used,31852.0,28979.0,4.8,Canberra Beige/Black ,AWD,24.0,31.0,Gasoline ,2.0,0.0,True
Toyota,2023,Certified,20430.0,25888.0,4.4,Black ,FWD,31.0,33.0,Gasoline ,2.0,0.0,True
INFINITI,2017,Used,59163.0,18190.0,5.0,Graphite ,AWD,17.0,24.0,Gasoline ,3.7,1.0,False
INFINITI,2021,Used,7902.0,37546.0,4.4,Graphite ,AWD,19.0,27.0,Gasoline ,3.0,0.0,True
Acura,2017,Used,91671.0,19850.0,5.0,Ebony ,AWD,18.0,0.0,Gasoline ,3.5,0.0,False
Ferrari,2023,Certified,270.0,269999.0,4.381503720140973,Nero ,RWD,17.0,22.0,Gasoline ,3.9,0.0,True
Chevrolet,2019,Used,76850.0,39499.0,5.0,Jet Black ,4WD,14.0,21.0,Gasoline ,5.3,0.0,False
Porsche,2023,Certified,6318.0,59482.0,4.7,Black ,AWD,19.0,25.0,Gasoline ,2.0,0.0,True
Cadillac,2020,Used,44046.0,24850.0,4.2,Jet Black ,AWD,21.0,26.0,Gasoline ,2.0,1.0,True
Subaru,2021,Certified,22064.0,24499.0,4.8,Black ,AWD,28.0,33.0,Gasoline ,2.0,0.0,True
Lincoln,2021,Used,21655.0,52974.0,4.7,Sandstone ,AWD,17.0,24.0,Gasoline ,3.0,0.0,True
Lexus,2016,Used,57359.0,25999.0,4.381503720140973,Tan ,FWD,28.0,28.0,Gasoline ,3.5,0.0,others
Dodge,2018,Certified,22458.0,29836.0,4.8,Black ,RWD,15.0,23.0,Gasoline ,5.7,0.0,True
Audi,2021,Used,41258.0,31479.0,4.9,Pearl Beige ,AWD,23.0,31.0,Gasoline ,2.0,0.0,True
Bentley,2022,Used,15939.0,166991.0,4.381503720140973,Beluga ,AWD,15.0,24.0,Gasoline ,4.0,0.0,True
GMC,2019,Certified,37936.0,21871.0,4.6,Jet Black ,AWD,24.0,28.0,Gasoline ,1.5,0.0,False
Ford,2023,New,2.0,46606.0,4.8,Light Slate ,4WD,20.0,27.0,Gasoline ,2.3,0.0,others
Tesla,2016,Used,58644.0,32000.0,4.381503720140973,Black ,AWD,20.59922502075837,28.0,Unknown,2.96465882923282,0.0,False
Chevrolet,2016,Used,147785.0,24977.0,4.7,Cocoa / Dune ,4WD,16.0,22.0,Gasoline ,5.3,0.0,True
Nissan,2023,Used,26398.0,21858.0,4.9,Black ,FWD,27.0,39.0,Gasoline ,2.5,1.0,True
Chevrolet,2019,Used,80895.0,12700.0,4.3,Jet Black/Galvanized ,FWD,28.0,38.0,Gasoline ,1.4,1.0,False
Mercedes-Benz,2016,Used,88053.0,17219.0,4.0,Black ,AWD,21.0,28.0,Gasoline ,2.0,0.0,False
Rolls-Royce,2018,Certified,12014.0,228800.0,4.381503720140973,Navy Blue ,RWD,12.0,19.0,Gasoline ,6.6,0.0,True
Cadillac,2015,Used,80856.0,29989.0,4.5,Shale/Cocoa Accents ,4WD,14.0,21.0,Gasoline ,6.2,1.0,False
Nissan,2023,New,5.0,57594.0,4.7,Blue Gray ,AWD,20.59922502075837,28.0,Unknown,2.96465882923282,0.0,others
GMC,2015,Used,155780.0,19499.0,4.381503720140973,Jet Black ,4WD,15.0,22.0,Gasoline ,5.3,1.0,False
Nissan,2022,Used,19564.0,26599.0,4.7,Charcoal ,AWD,20.59922502075837,28.0,Gasoline ,2.0,1.0,True
Chevrolet,2019,Certified,43745.0,18098.0,4.9,Medium Ash Gray ,FWD,26.0,32.0,Gasoline ,1.5,1.0,False
Ford,2023,New,10.0,47399.0,4.4,Deep Cypress ,4WD,19.0,22.0,Gasoline ,2.3,0.0,others
Toyota,2021,Used,48165.0,26810.0,4.8,Black ,AWD,27.0,33.0,Gasoline ,2.5,1.0,True
Toyota,2022,Used,26392.0,41995.0,4.7,Black ,AWD,35.0,35.0,Hybrid ,2.5,1.0,True
Ford,2017,Used,62142.0,19495.0,4.3,Ebony ,AWD,20.0,27.0,Gasoline ,3.5,0.0,True
Audi,2020,Used,32940.0,53888.0,4.3,Black ,AWD,15.0,23.0,Gasoline ,4.0,0.0,True
GMC,2017,Used,46880.0,28977.0,4.8,Black ,4WD,17.0,24.0,Gasoline ,3.6,1.0,False
Nissan,2022,Used,22801.0,29995.0,4.381503720140973,Wheat ,AWD,28.0,34.0,Gasoline ,1.5,1.0,True
Mercedes-Benz,2022,Used,25026.0,78994.0,4.8,Black ,AWD,18.0,23.0,Gasoline ,3.0,0.0,True
RAM,2018,Used,133664.0,19995.0,4.381503720140973,Diesel Gray/Black ,4WD,0.0,0.0,Gasoline ,6.4,0.0,False
Nissan,2020,Used,71117.0,17495.0,4.381503720140973,Charcoal ,FWD,26.0,33.0,Gasoline ,2.5,0.0,True
Tesla,2020,Used,38909.0,50800.0,4.7,Black ,AWD,20.59922502075837,28.0,Unknown,2.96465882923282,0.0,True
BMW,2023,Certified,14269.0,46997.0,4.1,Black ,AWD,23.0,33.0,Gasoline ,2.0,0.0,True
Ford,2023,New,42.0,72385.0,4.9,Black ,AWD,20.59922502075837,28.0,Unknown,2.96465882923282,0.0,others
Jeep,2020,Used,58390.0,23600.0,4.7,Black ,4WD,18.0,25.0,Gasoline ,3.6,1.0,False
Subaru,2023,Used,16975.0,27989.0,4.7,Black ,AWD,27.0,34.0,Gasoline ,2.5,0.0,True
Chevrolet,2021,Certified,32100.0,22900.0,4.3,Jet Black ,AWD,25.0,30.0,Gasoline ,1.5,0.0,True
Ford,2023,Used,4475.0,29195.0,4.6,Ebony ,AWD,26.0,32.0,Gasoline ,1.5,0.0,True
Ford,2023,New,61.0,63617.0,4.8,– ,AWD,20.59922502075837,28.0,Unknown,2.96465882923282,0.0,others
Chevrolet,2023,New,6.0,44372.0,4.1,Jet Black ,AWD,19.0,26.0,Gasoline ,3.6,0.0,others
Tesla,2021,Used,50439.0,31490.0,4.1,– ,AWD,20.59922502075837,28.0,Unknown,2.96465882923282,1.0,False
Jeep,2021,Used,12037.0,34998.0,4.381503720140973,Black ,4WD,17.0,23.0,Gasoline ,2.0,0.0,True
Jeep,2021,Used,35726.0,25998.0,4.381503720140973,Black ,4WD,19.0,27.0,Gasoline ,3.2,1.0,True
Honda,2018,Used,43712.0,18499.0,4.6,Black ,AWD,27.0,31.0,Gasoline ,1.8,0.0,True
Chevrolet,2023,Used,32558.0,29588.0,4.7,Jet Black ,FWD,18.0,27.0,Gasoline ,3.6,0.0,True
Kia,2023,Used,11087.0,22625.0,4.5,Black ,FWD,29.0,35.0,Gasoline ,2.0,0.0,True
Jeep,2021,Used,40424.0,21500.0,4.4,Black ,4WD,22.0,30.0,Gasoline ,2.4,1.0,True
Chrysler,2022,Certified,31592.0,28995.0,4.5,Black ,FWD,19.0,28.0,Gasoline ,3.6,0.0,True
GMC,2022,Used,4371.0,115000.0,5.0,Lunar ,4WD,20.59922502075837,28.0,Unknown,2.96465882923282,0.0,True
Jeep,2023,Used,2209.0,30399.0,4.8,Black ,4WD,24.0,32.0,Gasoline ,2.96465882923282,0.0,True
Cadillac,2019,Used,67590.0,44800.0,4.1,Kona Brown ,4WD,14.0,21.0,Gasoline ,6.2,0.0,True
RAM,2022,Certified,10932.0,57894.0,4.9,Black ,4WD,18.0,22.0,Gasoline ,5.7,0.0,True
Dodge,2023,New,500.0,31487.0,4.9,Black ,RWD,19.0,30.0,Gasoline ,3.6,0.0,others
Honda,2021,Used,19306.0,27775.0,4.4,Black ,AWD,19.0,24.0,Gasoline ,3.5,0.0,True
Chevrolet,2015,Used,77301.0,27975.0,4.9,Jet Black ,4WD,16.0,22.0,Gasoline ,5.3,1.0,False
Kia,2019,Used,69426.0,20395.0,4.381503720140973,Stone Beige ,AWD,19.0,24.0,Gasoline ,3.3,0.0,False
Cadillac,2017,Used,19333.0,43648.0,4.3,Jet Black ,RWD,16.0,23.0,Gasoline ,3.6,0.0,False
Audi,2021,Used,57532.0,26000.0,4.5,Black ,AWD,23.0,28.0,Gasoline ,2.0,0.0,False
Lincoln,2019,Used,70182.0,39544.0,4.5,Ebony ,4WD,16.0,21.0,Gasoline ,3.5,0.0,False
Chevrolet,2021,Used,7766.0,27314.0,4.1,Jet Black ,AWD,22.0,27.0,Gasoline ,2.0,0.0,False
Mercedes-Benz,2022,Used,5975.0,46899.0,4.4,– ,RWD,0.0,0.0,Diesel ,3.0,0.0,True
Lincoln,2020,Used,30376.0,41972.0,4.7,Cashmere ,AWD,17.0,24.0,Gasoline ,3.0,0.0,True
Ford,2022,Used,45070.0,18000.0,4.3,– ,FWD,28.0,34.0,Gasoline ,1.5,0.0,False
Hyundai,2023,Used,6274.0,31297.0,4.2,Gray ,AWD,22.0,25.0,Gasoline ,2.5,0.0,True
Honda,2022,Used,13044.0,35449.0,4.8,Black ,AWD,19.0,26.0,Gasoline ,2.96465882923282,0.0,True
Chevrolet,2015,Used,80726.0,6995.0,5.0,Brownstone ,FWD,26.0,38.0,Gasoline ,1.4,1.0,False
Kia,2023,New,15.0,40895.0,4.1,– ,AWD,22.0,27.0,Gasoline ,2.5,0.0,others
Audi,2018,Used,65155.0,29750.0,4.6,Rock Gray ,AWD,19.0,25.0,Gasoline ,3.0,0.0,False
Subaru,2019,Used,60800.0,19800.0,4.381503720140973,Black ,AWD,20.59922502075837,28.0,Gasoline ,2.0,1.0,False
Tesla,2019,Used,74736.0,22495.0,4.7,Black ,RWD,20.59922502075837,28.0,Unknown,2.96465882923282,0.0,True
BMW,2022,Certified,37015.0,46488.0,4.1,Mocha ,AWD,21.0,26.0,Gasoline ,3.0,0.0,True
Jeep,2020,Used,37169.0,20800.0,4.7,Black ,4WD,23.0,29.0,Gasoline ,1.3,1.0,True
Nissan,2023,Certified,10275.0,34297.0,4.7,Charcoal ,4WD,17.0,22.0,Gasoline ,3.8,0.0,True
Jeep,2015,Certified,61303.0,15000.0,4.8,Black ,FWD,21.0,29.0,Gasoline ,3.2,0.0,True
INFINITI,2023,Used,2205.0,63249.0,4.7,Sahara Stone ,4WD,13.0,19.0,Gasoline ,5.6,0.0,True
Ford,2015,Used,95726.0,12977.0,4.2,– ,FWD,20.0,30.0,Gasoline ,2.0,0.0,True
Ford,2019,Used,65187.0,22299.0,4.8,Ebony Black ,4WD,16.0,22.0,Gasoline ,2.3,1.0,True
Hyundai,2021,Used,41687.0,24987.0,4.8,Black ,AWD,22.0,25.0,Gasoline ,2.5,0.0,True
Acura,2021,Used,21635.0,34970.0,4.6,Red ,AWD,21.0,26.0,Gasoline ,2.0,0.0,False
Subaru,2023,Used,27929.0,26052.0,4.381503720140973,– ,AWD,26.0,33.0,Gasoline ,2.5,1.0,True
Tesla,2018,Used,59457.0,44995.0,4.6,Black ,AWD,20.59922502075837,28.0,Unknown,2.96465882923282,0.0,False
BMW,2015,Used,92983.0,19495.0,4.381503720140973,White ,AWD,20.0,30.0,Gasoline ,3.0,1.0,False
Ford,2023,New,790.0,42114.0,4.8,Ebony ,4WD,20.0,27.0,Gasoline ,2.3,0.0,others
Ford,2018,Certified,76328.0,25595.0,4.2,Ebony Black ,4WD,16.0,22.0,Gasoline ,3.5,0.0,False
Nissan,2017,Used,107098.0,24850.0,4.381503720140973,Black Leather ,4WD,15.0,21.0,Gasoline ,5.6,1.0,False
Jeep,2020,Certified,44567.0,28499.0,4.9,Black ,4WD,18.0,25.0,Gasoline ,3.6,0.0,True
Subaru,2021,Used,32662.0,25998.0,4.381503720140973,Black ,AWD,26.0,33.0,Gasoline ,2.5,0.0,True
Hyundai,2019,Used,71299.0,13500.0,4.8,Gray ,FWD,26.0,35.0,Gasoline ,2.4,1.0,False
Porsche,2021,Used,35147.0,49922.0,4.4,Black ,AWD,19.0,23.0,Gasoline ,3.0,1.0,True
Tesla,2022,Used,17319.0,58995.0,4.6,Black ,AWD,20.59922502075837,28.0,Unknown,2.96465882923282,0.0,True
Chrysler,2023,New,0.0,46249.0,4.9,Black ,RWD,19.0,30.0,Gasoline ,5.7,0.0,others
Jeep,2022,Used,8708.0,32110.0,4.3,Black ,FWD,20.59922502075837,28.0,Gasoline ,2.0,0.0,True
Ford,2020,Certified,39482.0,24495.0,4.2,Ebony Black ,4WD,23.0,29.0,Gasoline ,2.0,0.0,True
GMC,2021,Used,16174.0,47772.0,4.7,Jet Black ,4WD,15.0,20.0,Gasoline ,6.2,1.0,True
Jeep,2021,Used,34197.0,31995.0,4.2,Black ,4WD,17.0,23.0,Gasoline ,3.6,0.0,True
Buick,2020,Used,24319.0,19873.0,4.4,Ebony ,FWD,26.0,30.0,Gasoline ,1.3,0.0,True
Toyota,2023,Certified,13651.0,21850.0,4.4,Black ,FWD,32.0,41.0,Gasoline ,2.0,1.0,True
Lincoln,2015,Used,122476.0,11995.0,4.381503720140973,Black ,FWD,41.0,39.0,Hybrid ,2.0,1.0,False
Honda,2015,Used,92690.0,17374.0,4.0,– ,FWD,19.0,28.0,Gasoline ,3.5,1.0,False
Volkswagen,2023,New,7.0,23986.0,4.6,Titan Black ,FWD,29.0,40.0,Gasoline ,1.5,0.0,others
Audi,2021,Used,29369.0,93999.0,4.8,Black w/Rock Gray ,AWD,13.0,19.0,Hybrid ,2.96465882923282,0.0,True
Lexus,2022,Used,13222.0,38477.0,4.9,Palomino ,FWD,22.0,32.0,Gasoline ,3.5,0.0,True
Jeep,2016,Used,133137.0,20475.0,4.4,Black ,4WD,16.0,21.0,Gasoline ,3.6,0.0,True
BMW,2022,Used,31377.0,63491.0,4.7,Tartufo ,AWD,19.0,24.0,Gasoline ,3.0,1.0,True
Nissan,2018,Used,145203.0,15972.0,4.8,Steel ,4WD,21.0,21.0,Gasoline ,4.0,1.0,False
Ford,2020,Used,29253.0,23856.0,4.7,Ebony ,AWD,43.0,37.0,Hybrid ,2.5,1.0,True
Nissan,2019,Used,105385.0,25980.0,3.8,Gray ,RWD,0.0,0.0,Gasoline ,4.0,1.0,False
Audi,2019,Used,44471.0,24999.0,4.7,Black ,AWD,22.0,30.0,Gasoline ,2.0,0.0,False
Nissan,2019,Used,20183.0,29987.0,4.3,Charcoal ,RWD,19.0,0.0,Gasoline ,3.7,0.0,True
Ford,2023,New,2350.0,58741.0,4.6,Ebony ,4WD,23.0,24.0,Gasoline ,3.0,0.0,others
Nissan,2023,Certified,8490.0,38900.0,4.7,Charcoal ,4WD,17.0,22.0,Gasoline ,3.8,0.0,True
Subaru,2016,Used,55242.0,17599.0,4.8,Gray ,AWD,24.0,32.0,Gasoline ,2.5,1.0,True
Jeep,2020,Used,52358.0,24000.0,4.4,Black ,4WD,18.0,25.0,Gasoline ,3.6,1.0,False
Nissan,2021,Used,60577.0,19995.0,4.2,Graphite ,AWD,20.0,28.0,Gasoline ,3.5,0.0,True
Jeep,2021,Used,66872.0,20400.0,4.7,Black ,4WD,22.0,30.0,Gasoline ,2.4,0.0,True
Ford,2020,Used,21753.0,43999.0,4.3,Medium Earth Gray ,4WD,20.59922502075837,28.0,E85 Flex Fuel ,6.2,0.0,True
Acura,2021,Used,14954.0,33999.0,4.9,Parchment ,AWD,21.0,27.0,Gasoline ,2.0,0.0,True
Ford,2018,Used,141437.0,18950.0,4.381503720140973,Gray ,4WD,16.0,22.0,Gasoline ,5.0,1.0,True
Acura,2014,Used,108932.0,16995.0,4.1,Tan ,AWD,18.0,27.0,Gasoline ,3.5,1.0,False
Lincoln,2021,Used,54401.0,45998.0,4.381503720140973,Tan ,AWD,17.0,24.0,Gasoline ,3.0,1.0,True
Chevrolet,2016,Used,130993.0,6500.0,4.7,Black ,AWD,24.0,31.0,Gasoline ,1.4,0.0,True
Jeep,2017,Used,36697.0,19998.0,4.381503720140973,Black ,FWD,21.0,30.0,Gasoline ,3.2,0.0,True
Toyota,2017,Used,99415.0,12990.0,3.9,Ash ,FWD,24.0,33.0,Gasoline ,2.5,1.0,False
Subaru,2018,Used,62804.0,30055.0,4.3,Black ,AWD,16.0,22.0,Gasoline ,2.5,0.0,True
Lexus,2020,Used,61760.0,62740.0,4.4,– ,4WD,12.0,16.0,Gasoline ,5.7,0.0,False
Honda,2022,Used,17969.0,29998.0,4.381503720140973,Gray ,AWD,27.0,32.0,Gasoline ,1.5,1.0,False
Hyundai,2018,Used,47979.0,15348.0,4.8,Graphite ,FWD,28.0,37.0,Gasoline ,2.0,0.0,True
Lincoln,2021,Certified,27489.0,46119.0,4.2,Ebony ,AWD,17.0,24.0,Gasoline ,3.0,0.0,True
Kia,2022,Used,44655.0,27479.0,4.8,Black ,AWD,20.59922502075837,28.0,Unknown,2.96465882923282,0.0,True
Buick,2019,Used,56757.0,18149.0,4.5,Jet Black ,FWD,21.0,29.0,Gasoline ,1.6,1.0,False
Chevrolet,2015,Used,102009.0,26211.0,4.6,Cocoa ,4WD,15.0,22.0,Gasoline ,5.3,0.0,True
Ford,2022,Certified,20275.0,31500.0,4.4,Navy Pier ,AWD,20.59922502075837,28.0,Gasoline ,2.0,1.0,True
Hyundai,2023,Certified,17000.0,23245.0,4.0,Black ,FWD,30.0,40.0,Gasoline ,2.0,0.0,True
Jeep,2017,Used,19307.0,45995.0,4.2,Black ,4WD,16.0,21.0,Gasoline ,3.6,1.0,False
Hyundai,2019,Used,65407.0,17477.0,4.8,Black ,FWD,23.0,32.0,Gasoline ,2.0,1.0,False
Nissan,2014,Used,98800.0,8995.0,4.381503720140973,Beige ,FWD,18.0,24.0,Gasoline ,3.5,1.0,False
BMW,2023,Certified,14261.0,46991.0,4.7,Mocha ,AWD,20.59922502075837,28.0,Hybrid ,2.0,0.0,False
Ford,2015,Used,52118.0,32991.0,4.381503720140973,Redline Leather grain ,RWD,16.0,25.0,Gasoline ,5.0,0.0,False
Nissan,2021,Used,63322.0,21389.0,4.7,Charcoal ,FWD,26.0,34.0,Gasoline ,2.5,0.0,True
Nissan,2022,Used,7179.0,20900.0,4.5,Charcoal ,FWD,31.0,36.0,Gasoline ,1.6,0.0,True
Honda,2022,Used,26765.0,38500.0,4.8,Gray ,FWD,19.0,28.0,Gasoline ,3.5,0.0,True
Toyota,2018,Used,65329.0,33990.0,3.9,Black ,4WD,13.0,17.0,Gasoline ,5.7,0.0,False
Chevrolet,2021,Used,24205.0,22795.0,4.381503720140973,Black ,FWD,24.0,32.0,Gasoline ,1.4,1.0,True
Dodge,2019,Used,67500.0,27500.0,4.381503720140973,Red ,RWD,20.59922502075837,28.0,Gasoline ,3.6,0.0,False
BMW,2014,Used,62184.0,16937.0,4.3,Venetian Beige ,AWD,22.0,33.0,Gasoline ,2.0,0.0,False
Tesla,2017,Used,111000.0,33900.0,4.381503720140973,Black ,AWD,20.59922502075837,28.0,Unknown,2.96465882923282,0.0,False
Volkswagen,2016,Used,52211.0,17995.0,4.7,BLACK ,FWD,25.0,34.0,Gasoline ,2.0,0.0,False
Tesla,2019,Used,41907.0,37499.0,4.6,Black ,AWD,20.59922502075837,28.0,Unknown,2.96465882923282,0.0,False
Dodge,2023,Used,28258.0,87900.0,4.9,Demonic Red / Black ,AWD,12.0,17.0,Gasoline ,6.2,0.0,True
RAM,2023,Used,9640.0,56969.0,4.4,Black ,4WD,21.0,29.0,Gasoline ,5.7,1.0,False
Toyota,2017,Used,157596.0,11999.0,4.3,Black ,FWD,23.0,30.0,Gasoline ,2.5,1.0,False
Chevrolet,2018,Used,132386.0,7850.0,4.381503720140973,Jet Black/Dark Titanium ,FWD,25.0,34.0,Gasoline ,1.8,1.0,True
Kia,2020,Used,30006.0,16985.0,4.381503720140973,Gray ,FWD,23.0,30.0,Gasoline ,2.4,1.0,False
Jeep,2022,Used,23675.0,45995.0,4.4,Black ,4WD,17.0,23.0,Gasoline ,3.6,0.0,True
Kia,2021,Used,13386.0,25800.0,4.381503720140973,Black ,AWD,26.0,34.0,Gasoline ,1.6,1.0,True
Jeep,2017,Used,83888.0,23999.0,4.381503720140973,Black ,4WD,16.0,20.0,Gasoline ,3.6,1.0,False
Chrysler,2022,Used,68953.0,23986.0,4.9,Black ,FWD,20.59922502075837,28.0,Gasoline ,3.6,0.0,True
Hyundai,2022,Used,23945.0,21979.0,4.8,Black ,FWD,20.59922502075837,28.0,Unknown,2.96465882923282,0.0,True
Mercedes-Benz,2020,Used,41996.0,26895.0,4.4,Black ,AWD,23.0,33.0,Gasoline ,2.0,0.0,True
Toyota,2021,Used,77344.0,16990.0,3.9,Black ,FWD,29.0,36.0,Gasoline ,2.0,0.0,False
Tesla,2022,Used,26377.0,77995.0,4.6,White / Black ,AWD,20.59922502075837,28.0,Unknown,2.96465882923282,0.0,True
Hyundai,2019,Used,102495.0,13990.0,4.8,Black ,FWD,23.0,30.0,Gasoline ,2.96465882923282,0.0,False
Cadillac,2014,Used,44248.0,21998.0,4.381503720140973,Black ,AWD,18.0,26.0,Gasoline ,3.6,1.0,True
Hyundai,2023,Used,11306.0,31700.0,4.8,Black ,AWD,22.0,25.0,Gasoline ,2.5,0.0,True
Volkswagen,2016,Used,88347.0,10980.0,4.6,Beige ,FWD,21.0,26.0,Gasoline ,2.0,0.0,False
Chevrolet,2019,Used,54136.0,27995.0,4.1,– ,4WD,15.0,21.0,Gasoline ,5.3,1.0,False
Ford,2020,Used,23577.0,18599.0,4.4,– ,FWD,27.0,33.0,Gasoline ,2.96465882923282,0.0,True
Chevrolet,2020,Used,80042.0,23995.0,4.1,Gray ,RWD,20.59922502075837,28.0,Gasoline ,4.3,0.0,True
Nissan,2017,Used,98660.0,11900.0,4.381503720140973,Charcoal ,FWD,27.0,39.0,– ,2.5,1.0,False
Chevrolet,2019,Used,26091.0,21876.0,4.7,Jet Black ,FWD,22.0,32.0,Gasoline ,2.0,0.0,False
Dodge,2021,Used,54376.0,28500.0,4.5,Black ,AWD,18.0,25.0,Gasoline ,3.6,0.0,False
Chevrolet,2021,Used,21642.0,22444.0,3.7,Jet Black ,AWD,25.0,30.0,Gasoline ,1.5,0.0,True
Jeep,2020,Used,6875.0,33480.0,4.381503720140973,Black ,RWD,26.0,26.0,Gasoline ,3.6,0.0,True
Maserati,2023,New,21.0,88990.0,4.8,Black ,AWD,16.0,22.0,Gasoline ,3.0,0.0,others
GMC,2021,Used,8596.0,38995.0,4.7,Jet Black ,RWD,20.59922502075837,28.0,Gasoline ,6.6,0.0,False
Nissan,2021,Used,24307.0,29998.0,4.381503720140973,Black ,AWD,25.0,32.0,Gasoline ,2.5,0.0,True
Jeep,2021,Used,19519.0,32987.0,4.4,Black ,4WD,18.0,25.0,Gasoline ,2.96465882923282,1.0,True
Buick,2018,Used,48919.0,16499.0,4.8,Ebony ,FWD,25.0,33.0,Gasoline ,2.96465882923282,1.0,False
Kia,2023,Used,21434.0,24998.0,4.381503720140973,Black ,AWD,27.0,31.0,Gasoline ,2.0,0.0,True
Kia,2020,Used,88700.0,14992.0,4.381503720140973,Black ,FWD,24.0,35.0,Gasoline ,2.4,0.0,False
Toyota,2022,Used,25110.0,25499.0,4.6,Ash ,AWD,25.0,34.0,Gasoline ,2.5,0.0,True
Toyota,2020,Used,30368.0,36950.0,4.8,Black ,AWD,41.0,38.0,Hybrid ,2.5,0.0,True
Tesla,2018,Used,16833.0,47000.0,4.381503720140973,White ,AWD,20.59922502075837,28.0,Unknown,2.96465882923282,0.0,False
Chevrolet,2020,Certified,32014.0,17599.0,5.0,Jet Black ,FWD,26.0,31.0,Gasoline ,1.4,0.0,True
Volkswagen,2023,Certified,13520.0,25494.0,4.4,– ,FWD,28.0,36.0,Gasoline ,1.5,1.0,True
Chevrolet,2014,Used,24372.0,40480.0,4.8,Jet Black ,RWD,16.0,28.0,Gasoline ,6.2,1.0,False
Maserati,2023,New,82.0,113900.0,4.8,Black ,AWD,13.0,20.0,Gasoline ,3.8,0.0,others
Mercedes-Benz,2017,Used,48623.0,32982.0,4.3,Black ,AWD,17.0,0.0,Gasoline ,4.7,1.0,False
Ford,2022,Used,21161.0,74995.0,4.4,Java ,4WD,20.59922502075837,28.0,Diesel ,6.7,0.0,False
Toyota,2022,Used,29723.0,25273.0,4.4,Black ,AWD,25.0,34.0,Gasoline ,2.5,1.0,True
Maserati,2023,New,50.0,88100.0,4.8,Red ,AWD,16.0,22.0,Gasoline ,3.0,0.0,others
Chrysler,2022,Used,65578.0,24459.0,4.4,Black/Alloy/Black ,FWD,19.0,28.0,Gasoline ,3.6,0.0,True
Porsche,2023,Used,11815.0,102991.0,4.7,Black ,AWD,17.0,22.0,Gasoline ,2.9,0.0,False
Chevrolet,2021,Used,47456.0,21998.0,4.381503720140973,Gray ,FWD,26.0,31.0,Gasoline ,1.5,0.0,True
Audi,2023,Certified,8016.0,43980.0,4.7,Atlas Beige ,AWD,22.0,29.0,Gasoline ,2.96465882923282,0.0,True
Dodge,2018,Used,102061.0,20929.0,4.381503720140973,Black ,AWD,18.0,25.0,Gasoline ,3.6,0.0,False
Cadillac,2023,Certified,29119.0,82370.0,4.8,Black ,4WD,14.0,18.0,Gasoline ,6.2,0.0,True
RAM,2023,Used,10355.0,76950.0,4.5,Black ,4WD,20.59922502075837,28.0,Diesel ,6.7,0.0,True
Ford,2019,Used,79805.0,16900.0,4.3,Charcoal Black ,4WD,21.0,28.0,Gasoline ,1.5,0.0,True
Ford,2018,Used,104697.0,17896.0,4.381503720140973,Beige Leather ,FWD,16.0,23.0,Gasoline ,3.5,0.0,False
BMW,2020,Used,8759.0,59500.0,4.9,Black ,RWD,16.0,22.0,Gasoline ,3.0,0.0,True
Buick,2016,Used,75690.0,17985.0,4.381503720140973,Ebony ,AWD,15.0,22.0,Gasoline ,3.6,0.0,True
Tesla,2022,Used,33908.0,26541.0,4.381503720140973,Black ,RWD,20.59922502075837,28.0,Unknown,2.96465882923282,0.0,True
Tesla,2017,Used,75441.0,27995.0,4.7,Black ,AWD,20.59922502075837,28.0,Unknown,2.96465882923282,0.0,True
Honda,2019,Used,49283.0,18521.0,4.8,– ,AWD,27.0,31.0,Gasoline ,1.8,0.0,True
Chevrolet,2022,Used,6950.0,23850.0,4.381503720140973,Black Cloth ,AWD,23.0,30.0,Gasoline ,1.4,0.0,True
Subaru,2020,Certified,38838.0,25444.0,4.2,Gray ,AWD,26.0,33.0,Gasoline ,2.5,1.0,True
Genesis,2023,Certified,1746.0,47498.0,4.381503720140973,Obsidian Black ,AWD,17.0,26.0,Gasoline ,3.3,0.0,False
Jeep,2021,Used,23747.0,31896.0,4.8,Black ,4WD,19.0,27.0,Gasoline ,3.2,0.0,True
Ford,2023,New,4.0,68085.0,4.8,Medium Dark Slate ,AWD,20.59922502075837,28.0,Unknown,2.96465882923282,0.0,others
Chrysler,2022,Used,34210.0,29993.0,4.8,Black ,FWD,20.59922502075837,28.0,Gasoline ,3.6,1.0,False
RAM,2020,Used,40688.0,36880.0,4.8,Diesel Gray / Black ,4WD,19.0,24.0,Gasoline ,5.7,0.0,False
Mercedes-Benz,2021,Certified,39565.0,29606.0,4.7,Black ,AWD,23.0,33.0,Gasoline ,2.0,1.0,False
Ford,2023,New,231.0,32151.0,4.6,Navy Pier ,4WD,25.0,28.0,Gasoline ,1.5,0.0,others
Audi,2018,Used,46122.0,44991.0,4.7,Black ,AWD,16.0,24.0,Gasoline ,4.0,0.0,True
Cadillac,2023,Used,9232.0,45315.0,4.5,Jet Black ,AWD,21.0,27.0,Gasoline ,3.6,0.0,True
Chevrolet,2020,Certified,31489.0,20688.0,4.9,Jet Black ,AWD,24.0,29.0,Gasoline ,1.4,1.0,True
Volkswagen,2015,Used,204989.0,7349.0,4.1,– ,FWD,31.0,40.0,Diesel ,2.0,1.0,False
Cadillac,2021,Used,33553.0,78000.0,4.4,Whisper Beige w/Gideon Accents ,4WD,14.0,19.0,Gasoline ,6.2,0.0,True
GMC,2023,Certified,17173.0,31749.0,4.5,Jet Black ,AWD,22.0,27.0,Gasoline ,2.0,0.0,True
Chevrolet,2020,Used,23211.0,13900.0,4.381503720140973,Black ,AWD,24.0,29.0,Gasoline ,1.4,0.0,False
Cadillac,2016,Used,80685.0,16555.0,4.381503720140973,Not Specified ,AWD,17.0,0.0,Gasoline ,3.6,1.0,False
Audi,2023,Certified,13125.0,61392.0,4.7,Black ,AWD,18.0,23.0,Gasoline ,3.0,0.0,True
Jeep,2017,Used,89648.0,12572.0,4.3,Light Frost ,4WD,22.0,27.0,Gasoline ,2.4,0.0,False
Toyota,2023,Used,17772.0,34795.0,4.381503720140973,Black ,AWD,25.0,33.0,Gasoline ,2.5,1.0,True
Ford,2019,Certified,111731.0,12358.0,4.8,Medium Light Stone ,FWD,21.0,31.0,Gasoline ,2.5,0.0,True
Bentley,2021,Used,9811.0,178800.0,4.381503720140973,Beluga ,AWD,15.0,24.0,Gasoline ,4.0,0.0,False
Chevrolet,2020,Used,63077.0,18900.0,4.381503720140973,Jet Black ,AWD,25.0,30.0,Gasoline ,1.5,1.0,True
Land,2018,Used,39912.0,49995.0,4.381503720140973,Almond/Espresso/Alm/Ivory ,4WD,17.0,23.0,Gasoline ,3.0,0.0,False
Mercedes-Benz,2023,Certified,5287.0,68994.0,4.8,Black ,AWD,20.59922502075837,28.0,Unknown,2.96465882923282,0.0,True
BMW,2016,Used,110762.0,13985.0,4.381503720140973,Brown ,AWD,22.0,32.0,Gasoline ,2.0,1.0,False
Buick,2019,Used,39806.0,19998.0,4.381503720140973,Black ,FWD,25.0,30.0,Gasoline ,1.4,0.0,False
Maserati,2019,Used,27929.0,40989.0,4.381503720140973,– ,AWD,15.0,21.0,Gasoline ,3.0,0.0,False
Ford,2023,New,3.0,70925.0,4.8,Medium Dark Slate ,AWD,20.59922502075837,28.0,Unknown,2.96465882923282,0.0,others
Chevrolet,2021,Certified,15549.0,20871.0,4.6,Medium Ash Gray ,FWD,26.0,31.0,Gasoline ,1.5,0.0,True
BMW,2016,Used,118766.0,13491.0,4.7,Black ,AWD,20.0,29.0,Gasoline ,3.0,1.0,True
BMW,2020,Used,39420.0,27697.0,4.8,Cognac ,AWD,25.0,34.0,Gasoline ,2.0,0.0,False
Toyota,2022,Used,13359.0,30999.0,4.7,– ,AWD,25.0,34.0,Gasoline ,2.5,0.0,True
Cadillac,2023,Used,21343.0,105800.0,4.7,Dark Auburn/Jet Black ,4WD,14.0,18.0,Gasoline ,6.2,0.0,False
Ford,2022,Used,19859.0,24722.0,4.4,Ebony ,AWD,23.0,31.0,Gasoline ,1.5,0.0,True
Porsche,2015,Used,54547.0,24555.0,4.0,– ,AWD,17.0,23.0,Gasoline ,3.0,0.0,True
Rolls-Royce,2016,Certified,18837.0,178800.0,4.381503720140973,Black ,RWD,13.0,21.0,Gasoline ,6.6,0.0,False
Genesis,2022,Used,21368.0,36379.0,4.5,Dune ,AWD,17.0,25.0,Gasoline ,3.3,0.0,True
Volvo,2016,Used,60878.0,18491.0,4.7,Off Black ,AWD,20.0,29.0,Gasoline ,2.5,0.0,True
Nissan,2022,Used,15131.0,22980.0,4.6,Sport ,AWD,25.0,35.0,Gasoline ,2.5,0.0,True
RAM,2021,Used,2108.0,41300.0,4.3,Black ,FWD,20.59922502075837,28.0,Gasoline ,3.6,0.0,True
Ford,2023,New,0.0,92335.0,4.6,Space Gray ,AWD,20.59922502075837,28.0,Unknown,2.96465882923282,0.0,others
Jeep,2018,Used,124006.0,24850.0,4.381503720140973,Black Leather ,4WD,18.0,25.0,Gasoline ,3.6,0.0,False
Subaru,2018,Used,38907.0,19592.0,4.381503720140973,BLACK ,AWD,25.0,34.0,Gasoline ,2.5,1.0,False
Mercedes-Benz,2023,Used,4409.0,49999.0,4.7,Black ,RWD,20.59922502075837,28.0,Gasoline ,2.0,0.0,True
Toyota,2022,Used,30064.0,44998.0,3.8,Caramel ,AWD,20.0,27.0,Gasoline ,3.5,0.0,others
Chevrolet,2023,Used,2387.0,56750.0,4.5,Jet Black ,4WD,20.59922502075837,28.0,Gasoline ,6.6,0.0,True
Honda,2019,Used,62489.0,20500.0,4.3,Black ,FWD,30.0,38.0,Gasoline ,1.5,0.0,False
Jeep,2022,Used,18687.0,24988.0,4.5,Black ,4WD,22.0,30.0,Gasoline ,2.4,1.0,True
BMW,2022,Certified,26918.0,49900.0,4.4,Black ,AWD,23.0,32.0,Gasoline ,3.0,0.0,True
Ford,2018,Used,90181.0,26995.0,4.381503720140973,Black ,4WD,17.0,23.0,Gasoline ,5.0,0.0,others
Land,2021,Used,26819.0,55497.0,4.8,Ebony ,4WD,19.0,24.0,Gasoline ,2.96465882923282,1.0,True
Buick,2021,Used,23003.0,25390.0,4.5,Ebony ,FWD,24.0,31.0,Gasoline ,2.0,0.0,True
Nissan,2018,Used,67821.0,16500.0,4.7,Sport Interior ,FWD,26.0,37.0,Gasoline ,2.5,0.0,True
Cadillac,2021,Used,28779.0,38500.0,4.4,Jet Black w/Jet Black Accents ,AWD,18.0,25.0,Gasoline ,3.6,0.0,True
Ford,2023,New,0.0,56888.0,4.4,Ebony ,4WD,18.0,24.0,Gasoline ,3.0,0.0,others
Kia,2022,Used,24559.0,24991.0,4.6,Black ,AWD,22.0,26.0,Gasoline ,2.4,0.0,False
GMC,2021,Certified,24011.0,24899.0,4.9,Jet Black ,FWD,25.0,30.0,Gasoline ,1.5,1.0,True
Tesla,2019,Used,33922.0,21995.0,4.6,Black ,RWD,20.59922502075837,28.0,Unknown,2.96465882923282,0.0,False
GMC,2021,Used,26690.0,33778.0,4.7,Jet Black ,4WD,16.0,22.0,Gasoline ,3.6,0.0,True
Nissan,2023,Used,5220.0,25499.0,4.6,Charcoal ,FWD,30.0,37.0,Gasoline ,1.5,0.0,True
Ford,2022,Used,113087.0,31950.0,4.381503720140973,Gray ,4WD,0.0,0.0,Gasoline ,6.2,0.0,True
Jeep,2020,Certified,24236.0,32970.0,4.8,Black ,4WD,21.0,22.0,Gasoline ,2.0,0.0,True
Lincoln,2023,New,1120.0,94444.0,4.381503720140973,Black Onyx ,4WD,16.0,22.0,Gasoline ,3.5,0.0,others
Tesla,2019,Used,19430.0,47411.0,3.9,Black ,AWD,20.59922502075837,28.0,Unknown,2.96465882923282,0.0,True
Cadillac,2021,Used,17246.0,81482.0,4.7,Jet Black ,4WD,14.0,19.0,Gasoline ,6.2,0.0,False
Ford,2023,New,10.0,47155.0,4.4,Deep Cypress ,4WD,19.0,22.0,Gasoline ,2.3,0.0,others
Cadillac,2020,Used,78211.0,46995.0,4.1,Jet Black ,4WD,14.0,21.0,Gasoline ,6.2,0.0,False
Nissan,2023,Certified,28034.0,35000.0,4.5,Charcoal ,4WD,21.0,27.0,Gasoline ,3.5,1.0,True
BMW,2023,Certified,15024.0,47995.0,4.5,Mocha ,AWD,21.0,28.0,Gasoline ,2.0,0.0,False
Cadillac,2022,Used,49595.0,34988.0,4.7,Jet Black ,AWD,21.0,27.0,Gasoline ,3.6,1.0,True
GMC,2018,Used,89625.0,31500.0,4.8,Jet Black ,4WD,16.0,22.0,Gasoline ,5.3,0.0,False
Jeep,2021,Used,37913.0,27100.0,4.2,Black ,4WD,18.0,25.0,Gasoline ,3.6,0.0,True
Lexus,2021,Used,26896.0,34995.0,4.9,Creme ,AWD,22.0,28.0,Gasoline ,2.0,1.0,True
Jeep,2023,New,55.0,56423.0,4.0,Global Black ,4WD,20.59922502075837,28.0,Hybrid ,2.0,0.0,others
Ford,2021,Used,67684.0,26500.0,4.8,Ebony ,4WD,20.0,27.0,Gasoline ,2.3,0.0,True
Chevrolet,2014,Used,132578.0,12995.0,4.381503720140973,Ebony ,4WD,15.0,21.0,Gasoline ,5.3,1.0,False
Mercedes-Benz,2023,New,1.0,54961.0,4.6,Black ,AWD,23.0,31.0,Gasoline ,2.0,0.0,others
Ford,2019,Used,74683.0,12464.0,4.381503720140973,Medium Stone ,4WD,23.0,29.0,Gasoline ,2.0,1.0,True
Acura,2021,Used,28231.0,32500.0,4.7,Ebony ,AWD,21.0,27.0,Gasoline ,2.0,0.0,True
Ferrari,2016,Certified,16065.0,239900.0,4.381503720140973,Nero ,RWD,15.0,22.0,Gasoline ,3.9,0.0,False
Ford,2017,Used,164924.0,19950.0,4.381503720140973,Tan ,4WD,0.0,0.0,Gasoline ,6.2,0.0,True
Dodge,2016,Used,84064.0,11999.0,4.3,Gray ,FWD,17.0,25.0,E85 Flex Fuel ,3.6,0.0,False
Buick,2020,Used,20414.0,26998.0,4.381503720140973,Ebony ,AWD,20.0,25.0,Gasoline ,2.0,0.0,True
RAM,2015,Used,74312.0,21995.0,4.4,Diesel Grey/Black ,4WD,16.0,21.0,Gasoline ,5.7,0.0,False
Cadillac,2021,Used,29367.0,33777.0,4.7,Cirrus ,AWD,21.0,27.0,Gasoline ,3.6,0.0,True
Dodge,2023,Used,15406.0,36000.0,4.0,Black ,AWD,18.0,25.0,Gasoline ,3.6,0.0,True
Volkswagen,2022,Used,27097.0,19979.0,4.9,Gray/Black ,AWD,25.0,32.0,Gasoline ,1.5,0.0,False
Chevrolet,2021,Used,48206.0,18500.0,4.3,Jet Black ,FWD,26.0,31.0,Gasoline ,1.5,0.0,True
Rivian,2022,Used,18725.0,71972.0,4.7,Black Mountain ,AWD,20.59922502075837,28.0,Unknown,2.96465882923282,0.0,True
Nissan,2019,Used,55751.0,21998.0,5.0,Black ,AWD,25.0,32.0,Gasoline ,2.5,1.0,False
Chevrolet,2016,Used,1309.0,78800.0,4.7,Jet Black ,RWD,15.0,22.0,Gasoline ,6.2,0.0,True
Genesis,2023,New,15.0,41237.0,4.2,Obsidian Black ,AWD,20.0,28.0,Gasoline ,2.0,0.0,others
Chrysler,2022,Used,18772.0,38619.0,4.4,Black ,RWD,16.0,25.0,Gasoline ,5.7,0.0,True
Mazda,2022,Used,4149.0,25495.0,5.0,Black ,AWD,22.0,30.0,Gasoline ,2.5,0.0,True
Dodge,2017,Used,81520.0,27942.0,4.1,Black ,AWD,14.0,22.0,Gasoline ,5.7,0.0,False
Mazda,2021,Used,33222.0,19995.0,4.8,Black ,AWD,27.0,32.0,Gasoline ,2.0,0.0,True
Dodge,2018,Used,143720.0,10995.0,4.381503720140973,Black ,FWD,17.0,25.0,Gasoline ,3.6,0.0,False
Jeep,2021,Used,20241.0,35500.0,4.0,Black ,4WD,17.0,25.0,Gasoline ,2.0,1.0,True
Tesla,2020,Used,67989.0,23977.0,4.2,Black ,AWD,20.59922502075837,28.0,Unknown,2.96465882923282,1.0,True
Ford,2014,Used,58252.0,24995.0,4.2,Steel Gray ,4WD,14.0,19.0,Gasoline ,5.0,0.0,False
Ford,2023,New,10.0,51376.0,4.9,Ebony ,4WD,20.0,27.0,Gasoline ,2.3,0.0,others
Audi,2014,Used,102768.0,14399.0,4.381503720140973,Black ,AWD,20.0,27.0,Gasoline ,2.0,0.0,False
Ford,2023,Used,1186.0,49700.0,4.1,– ,4WD,18.0,24.0,Gasoline ,3.0,0.0,True
Subaru,2015,Used,61528.0,14500.0,4.8,Black ,AWD,23.0,31.0,Gasoline ,2.0,1.0,False
Dodge,2021,Certified,19125.0,41320.0,4.8,Black ,AWD,14.0,22.0,Gasoline ,5.7,0.0,True
Ford,2020,Used,64222.0,20081.0,4.381503720140973,Ebony Black ,AWD,23.0,31.0,Gasoline ,2.0,0.0,False
Lexus,2019,Used,41541.0,39995.0,4.9,Sepia ,4WD,15.0,18.0,Gasoline ,4.6,0.0,True
Jeep,2017,Used,81987.0,23458.0,4.3,Light Frost Beige ,4WD,18.0,25.0,Gasoline ,3.6,0.0,False
Lexus,2023,Used,9764.0,61995.0,4.9,Black w/Black Open Pore ,AWD,37.0,34.0,Gasoline ,2.5,0.0,True
Chevrolet,2020,Used,15884.0,19991.0,4.6,Dark Galvanized /Sky Cool Gray ,FWD,20.59922502075837,28.0,Unknown,2.96465882923282,0.0,True
Dodge,2017,Used,100264.0,17900.0,4.4,Unspecified ,RWD,26.0,26.0,Gasoline ,3.6,1.0,False
Mazda,2021,Used,49574.0,19912.0,4.1,Red ,FWD,25.0,33.0,Gasoline ,2.5,0.0,True
Volkswagen,2023,New,7.0,51571.0,4.6,Black ,RWD,20.59922502075837,28.0,Unknown,2.96465882923282,0.0,others
RAM,2021,Used,57162.0,31901.0,4.9,Black ,4WD,16.0,23.0,Gasoline ,5.7,1.0,False
Land,2016,Used,78837.0,34995.0,4.381503720140973,Black ,AWD,19.0,19.0,Gasoline ,5.0,0.0,False
Lexus,2022,Used,23249.0,47760.0,4.6,– ,AWD,18.0,25.0,Gasoline ,3.5,0.0,False
Nissan,2020,Used,36386.0,20997.0,4.5,Sport ,FWD,28.0,37.0,Gasoline ,2.0,0.0,False
Tesla,2017,Used,61481.0,35489.0,4.5,Black ,AWD,20.59922502075837,28.0,Unknown,2.96465882923282,1.0,False
Kia,2023,Used,25455.0,17977.0,4.8,Black ,FWD,28.0,39.0,Gasoline ,2.0,0.0,True
Chevrolet,2021,Used,26807.0,20568.0,4.3,Medium Ash Gray ,FWD,26.0,31.0,Gasoline ,1.5,1.0,False
Porsche,2021,Certified,29050.0,56991.0,4.7,Black ,AWD,18.0,24.0,Gasoline ,3.0,1.0,True
Lamborghini,2022,Used,25884.0,239800.0,4.7,Nero Ade with Blu Amon ,AWD,12.0,17.0,Gasoline ,4.0,0.0,False
Ford,2023,New,0.0,61000.0,4.6,Medium Dark Slate ,4WD,20.59922502075837,28.0,Gasoline ,6.8,0.0,others
Maserati,2022,New,9366.0,71990.0,4.8,Black ,AWD,16.0,22.0,Gasoline ,3.0,0.0,others
Honda,2017,Used,99877.0,19797.0,4.8,Black ,AWD,27.0,33.0,Gasoline ,1.5,0.0,True
Rolls-Royce,2019,Certified,3910.0,268800.0,4.381503720140973,Black ,RWD,12.0,18.0,Gasoline ,6.6,0.0,True
Chevrolet,2023,Used,21447.0,21587.0,4.8,Medium Ash Gray ,FWD,26.0,31.0,Gasoline ,1.5,0.0,True
Buick,2021,Certified,12921.0,19990.0,4.5,Ebony ,AWD,24.0,29.0,Gasoline ,1.4,1.0,True
Cadillac,2016,Used,99713.0,26995.0,4.7,Black ,4WD,15.0,21.0,Gasoline ,6.2,0.0,True
Jeep,2023,New,12.0,41850.0,4.2,Black ,4WD,17.0,22.0,Gasoline ,3.6,0.0,others
Cadillac,2015,Used,94439.0,28950.0,4.5,Kona Brown ,4WD,15.0,21.0,Gasoline ,6.2,1.0,False
Ford,2019,Used,13301.0,20896.0,4.4,Medium Light Stone ,4WD,22.0,28.0,Gasoline ,1.5,1.0,True
Ford,2023,New,4.0,48055.0,4.3,Ebony ,4WD,19.0,22.0,Gasoline ,2.3,0.0,others
Chevrolet,2021,Certified,19062.0,17900.0,5.0,Dark Galvanized ,FWD,20.59922502075837,28.0,Unknown,2.96465882923282,0.0,True
Jeep,2020,Certified,52822.0,31990.0,4.8,Black ,4WD,14.0,22.0,Gasoline ,5.7,0.0,False
INFINITI,2020,Used,83928.0,21000.0,4.2,Wheat ,AWD,22.0,28.0,Gasoline ,2.0,0.0,True
Lincoln,2014,Used,130557.0,10549.0,4.3,– ,FWD,18.0,26.0,Gasoline ,3.7,1.0,False
Toyota,2014,Used,109838.0,10587.0,4.381503720140973,– ,FWD,53.0,46.0,Gasoline ,1.5,1.0,False
Nissan,2021,Used,24749.0,17997.0,4.381503720140973,Charcoal ,FWD,29.0,39.0,Gasoline ,2.0,0.0,True
GMC,2021,Used,25295.0,31154.0,4.5,Jet Black ,AWD,19.0,26.0,Gasoline ,3.6,0.0,True
Ford,2019,Certified,42287.0,39998.0,4.8,Medium Stone ,4WD,17.0,22.0,Gasoline ,3.5,1.0,True
Mercedes-Benz,2018,Certified,72909.0,35999.0,4.7,Black ,AWD,18.0,28.0,Gasoline ,3.0,0.0,False
Cadillac,2020,Used,53871.0,54501.0,4.4,Maple Sugar ,4WD,14.0,21.0,Gasoline ,6.2,0.0,True
Volkswagen,2015,Used,76860.0,19000.0,4.4,Titan Black ,FWD,23.0,29.0,Gasoline ,2.0,1.0,False
Kia,2023,Used,9633.0,32522.0,4.1,Black ,AWD,23.0,28.0,Gasoline ,2.5,0.0,True
Tesla,2020,Used,22858.0,27589.0,4.5,Black ,AWD,20.59922502075837,28.0,Unknown,2.96465882923282,0.0,True
Kia,2020,Certified,31636.0,20495.0,4.5,Black ,AWD,22.0,26.0,Gasoline ,2.4,0.0,True
BMW,2016,Used,75115.0,12995.0,4.1,BLACK ,RWD,22.0,35.0,Gasoline ,2.0,1.0,False
Ford,2016,Used,57353.0,30977.0,4.4,Charcoal Black ,AWD,19.0,25.0,Gasoline ,2.3,1.0,True
BMW,2020,Used,43285.0,19985.0,4.8,Deka Dark ,RWD,20.59922502075837,28.0,Unknown,2.96465882923282,0.0,True
Kia,2023,Used,19730.0,26995.0,4.1,Black ,FWD,25.0,32.0,Gasoline ,2.5,0.0,True
Lincoln,2019,Used,51200.0,26587.0,4.4,Terracotta ,AWD,20.0,29.0,Gasoline ,2.96465882923282,1.0,False
BMW,2021,Used,30225.0,43798.0,4.8,Cognac ,AWD,21.0,25.0,Gasoline ,3.0,0.0,True
Ford,2023,New,0.0,48167.0,4.6,Light Space Gray ,AWD,20.59922502075837,28.0,Unknown,2.96465882923282,0.0,others
Volkswagen,2021,Used,24361.0,27995.0,4.381503720140973,Titan Black ,AWD,20.0,31.0,Gasoline ,2.0,1.0,False
Dodge,2021,Used,25928.0,37859.0,4.5,Red/Black/Ebony ,AWD,17.0,22.0,Gasoline ,5.7,0.0,False
Nissan,2021,Used,12851.0,25850.0,4.381503720140973,Charcoal ,AWD,25.0,32.0,Gasoline ,2.5,0.0,True
RAM,2021,Used,68734.0,25949.0,4.6,Diesel Gray/Black ,4WD,16.0,23.0,Gasoline ,3.6,0.0,True
Lincoln,2020,Used,57910.0,35890.0,3.8,Sandstone ,AWD,17.0,24.0,Gasoline ,3.0,0.0,True
Chevrolet,2021,Used,46816.0,31339.0,4.7,Black ,4WD,17.0,24.0,Gasoline ,3.6,0.0,False
Chevrolet,2016,Used,81033.0,24455.0,4.9,Black ,4WD,17.0,24.0,Diesel ,2.8,0.0,True
Ford,2020,Used,115412.0,19995.0,4.381503720140973,Ebony ,4WD,20.0,27.0,Gasoline ,2.3,0.0,True
Buick,2016,Used,58881.0,17975.0,4.9,Jet Black ,FWD,20.0,27.0,Gasoline ,1.6,0.0,False
Maserati,2023,New,4081.0,90145.0,4.8,Black ,AWD,16.0,22.0,Gasoline ,3.0,0.0,others
Cadillac,2019,Used,36871.0,24995.0,4.381503720140973,BIEGE ,AWD,18.0,25.0,Gasoline ,3.6,0.0,False
Jeep,2020,Used,28747.0,22885.0,4.9,Black ,4WD,21.0,29.0,Gasoline ,2.4,0.0,True
Nissan,2016,Used,106973.0,18875.0,4.9,Gray ,RWD,0.0,0.0,Gasoline ,4.0,1.0,True
Chrysler,2018,Used,67002.0,22872.0,4.8,Black ,FWD,19.0,28.0,E85 Flex Fuel ,3.6,0.0,True
Dodge,2022,Certified,8808.0,48644.0,4.8,Black ,RWD,14.0,23.0,Gasoline ,6.4,0.0,True
Maserati,2015,Used,67725.0,17400.0,3.9,Black ,AWD,15.0,25.0,Gasoline ,3.0,1.0,False
Nissan,2020,Certified,39271.0,23000.0,4.5,Graphite ,AWD,20.0,28.0,Gasoline ,3.5,0.0,True
Dodge,2020,Used,76696.0,20795.0,4.381503720140973,Black ,4WD,18.0,25.0,Gasoline ,3.6,0.0,False
Land,2020,Used,13822.0,29479.0,4.8,Ebony ,AWD,20.0,27.0,Gasoline ,2.0,0.0,True
Honda,2021,Used,26344.0,28300.0,4.3,Black ,FWD,28.0,34.0,Gasoline ,1.5,0.0,True
Acura,2017,Used,62353.0,19990.0,3.9,Gray ,FWD,20.0,30.0,Gasoline ,3.5,1.0,False
Audi,2020,Certified,37581.0,22987.0,4.4,Black ,FWD,27.0,36.0,Gasoline ,2.96465882923282,0.0,False
BMW,2020,Used,45273.0,44888.0,4.3,Black ,AWD,22.0,30.0,Gasoline ,3.0,0.0,True
Ford,2019,Used,27570.0,17119.0,4.6,Ebony Black ,FWD,27.0,29.0,Gasoline ,1.0,0.0,True
Dodge,2023,Certified,1412.0,48790.0,4.8,Black ,RWD,15.0,24.0,Gasoline ,6.4,0.0,True
Mercedes-Benz,2018,Used,74515.0,32989.0,4.8,Black ,RWD,20.59922502075837,28.0,Diesel ,3.0,1.0,False
Jeep,2020,Used,78199.0,19995.0,4.2,Black ,4WD,18.0,25.0,Gasoline ,3.6,0.0,False
Volkswagen,2023,Certified,36987.0,24995.0,4.9,Black ,AWD,25.0,32.0,Gasoline ,1.5,0.0,True
Audi,2021,Used,57253.0,25799.0,4.5,Black ,AWD,23.0,28.0,Gasoline ,2.0,0.0,False
Ford,2021,Used,77642.0,24453.0,4.6,– ,FWD,44.0,37.0,Hybrid ,2.5,0.0,True
Lamborghini,2019,Used,5850.0,339800.0,4.7,Nero Cosmus with Grigio Cronus ,AWD,13.0,18.0,Gasoline ,5.2,0.0,False
Chevrolet,2023,Used,17492.0,22900.0,4.6,Medium Ash Gray ,AWD,24.0,30.0,Gasoline ,1.5,0.0,True
Chevrolet,2021,Used,45331.0,21998.0,4.381503720140973,Gray ,FWD,26.0,31.0,Gasoline ,1.5,0.0,True
Cadillac,2018,Used,76036.0,36900.0,4.8,Black ,4WD,14.0,21.0,Gasoline ,6.2,0.0,True
Chevrolet,2021,Used,42787.0,29791.0,4.7,Jet Black ,FWD,20.0,27.0,Gasoline ,3.6,0.0,True
Ford,2023,New,5.0,63647.0,4.8,Black ,AWD,20.59922502075837,28.0,Unknown,2.0,0.0,others
Toyota,2019,Used,36359.0,43995.0,4.6,– ,4WD,13.0,17.0,Gasoline ,5.7,0.0,True
Toyota,2017,Used,91742.0,18950.0,4.9,Black ,AWD,22.0,29.0,Gasoline ,2.5,0.0,True
Chrysler,2017,Used,92132.0,17571.0,4.6,Black ,AWD,18.0,27.0,Gasoline ,3.6,1.0,False
Honda,2023,Used,17272.0,38998.0,4.381503720140973,Black ,AWD,40.0,34.0,Hybrid ,2.0,0.0,True
Ford,2022,Used,47657.0,27988.0,4.7,Navy Pier ,4WD,25.0,28.0,Gasoline ,1.5,0.0,True
Ford,2019,Used,87935.0,18032.0,4.8,Charcoal Black ,4WD,21.0,27.0,Gasoline ,2.0,1.0,True
RAM,2022,Used,9463.0,52000.0,4.2,Black ,4WD,20.59922502075837,28.0,Gasoline ,5.7,0.0,False
Chevrolet,2022,Used,32282.0,61495.0,4.7,Jet Black ,4WD,20.59922502075837,28.0,Gasoline ,5.3,0.0,True
Kia,2023,New,11.0,44433.0,3.7,Charcoal ,FWD,20.59922502075837,28.0,Unknown,2.96465882923282,0.0,others
Jeep,2017,Used,74379.0,25995.0,4.5,Black ,4WD,16.0,20.0,Gasoline ,3.6,0.0,True
Dodge,2021,Used,49642.0,28971.0,4.3,Black ,AWD,18.0,27.0,Gasoline ,3.6,0.0,True
Hyundai,2023,New,7813.0,32405.0,4.381503720140973,Black ,AWD,22.0,25.0,Gasoline ,2.5,0.0,others
Lincoln,2018,Used,38224.0,19999.0,4.381503720140973,Cappuccino ,FWD,21.0,31.0,Gasoline ,2.0,1.0,True
Honda,2023,Used,12544.0,38488.0,4.5,Black ,FWD,19.0,28.0,Gasoline ,3.5,0.0,True
Dodge,2014,Used,119491.0,14495.0,4.381503720140973,Tan / Black ,AWD,17.0,24.0,E85 Flex Fuel ,3.6,1.0,False
Toyota,2022,Used,45104.0,23199.0,4.8,Black ,FWD,20.59922502075837,28.0,Hybrid ,1.8,0.0,True
Honda,2022,Used,19955.0,25995.0,4.9,Black ,FWD,30.0,37.0,Gasoline ,2.0,1.0,True
Tesla,2022,Used,66863.0,23484.0,4.381503720140973,– ,RWD,20.59922502075837,28.0,Unknown,2.96465882923282,0.0,True
Tesla,2020,Used,35366.0,27555.0,4.381503720140973,Black ,AWD,20.59922502075837,28.0,Unknown,2.96465882923282,0.0,False
Jeep,2020,Used,72952.0,21000.0,4.7,Black ,4WD,18.0,25.0,Gasoline ,3.6,1.0,False
BMW,2023,Used,19492.0,43800.0,4.7,Black ,AWD,21.0,28.0,Gasoline ,2.0,0.0,True
BMW,2023,Used,226.0,144988.0,4.1,Coffee ,AWD,20.59922502075837,28.0,Hybrid ,4.4,0.0,others
Nissan,2014,Used,81394.0,10990.0,4.4,Charcoal ,FWD,26.0,33.0,Gasoline ,2.5,0.0,True
Honda,2022,Used,17365.0,40500.0,4.9,– ,FWD,19.0,28.0,Gasoline ,3.5,1.0,True
Chevrolet,2017,Used,162867.0,7799.0,4.3,Black ,FWD,30.0,40.0,Gasoline ,1.4,1.0,True
Ford,2020,Used,43760.0,28008.0,4.6,Ebony With Light Slate Uppers ,4WD,20.0,27.0,Gasoline ,2.3,1.0,True
Ford,2020,Used,33345.0,20200.0,4.2,Dark Earth Gray ,AWD,26.0,31.0,Gasoline ,1.5,0.0,True
Nissan,2023,Used,8262.0,37998.0,4.381503720140973,Gray ,4WD,17.0,22.0,Gasoline ,3.8,0.0,True
Lincoln,2022,New,2.0,51555.0,3.9,Ebony ,AWD,20.59922502075837,28.0,Gasoline ,2.0,0.0,others
Buick,2020,Used,24499.0,14200.0,4.381503720140973,Black ,AWD,24.0,29.0,Gasoline ,1.4,1.0,True
Honda,2021,Used,32544.0,32894.0,4.6,Black ,FWD,19.0,28.0,Gasoline ,3.5,0.0,True
Tesla,2017,Used,172000.0,17500.0,4.381503720140973,Black ,AWD,20.59922502075837,28.0,Unknown,2.96465882923282,0.0,True
Ford,2021,Used,35702.0,42438.0,4.4,Dark Palazzo ,RWD,20.59922502075837,28.0,E85 Flex Fuel ,3.5,0.0,True
Tesla,2017,Used,87611.0,33895.0,4.7,Black ,AWD,20.59922502075837,28.0,Unknown,2.96465882923282,0.0,False
Chevrolet,2021,Used,34179.0,26799.0,4.6,Jet Black/Brandy ,AWD,25.0,30.0,Gasoline ,1.5,0.0,True
Jeep,2019,Certified,106927.0,17990.0,4.8,Black ,4WD,19.0,27.0,Gasoline ,3.2,1.0,True
Chevrolet,2021,Certified,40479.0,30488.0,4.5,Jet Black ,AWD,17.0,25.0,Gasoline ,3.6,0.0,True
Ford,2020,Used,38871.0,18995.0,4.1,Ebony ,AWD,43.0,37.0,Hybrid ,2.5,1.0,False
BMW,2022,Used,18515.0,38944.0,4.1,Black ,AWD,21.0,28.0,Gasoline ,2.0,0.0,False
Volkswagen,2020,Used,60732.0,17306.0,4.6,– ,FWD,30.0,40.0,Gasoline ,1.4,1.0,True
Ford,2015,Used,87323.0,13499.0,4.381503720140973,Black ,FWD,20.0,30.0,Gasoline ,2.0,0.0,False
Nissan,2022,Used,34081.0,24499.0,4.7,Charcoal ,AWD,28.0,35.0,Gasoline ,1.5,0.0,True
Nissan,2021,Used,24190.0,22995.0,4.7,Charcoal ,AWD,25.0,32.0,Gasoline ,2.5,0.0,True
Hyundai,2017,Used,72411.0,16795.0,4.381503720140973,Gray ,FWD,26.0,32.0,Gasoline ,1.6,0.0,others
Land,2020,Used,29050.0,31479.0,4.8,Ebony ,AWD,20.0,27.0,Gasoline ,2.0,0.0,True
Audi,2023,New,5.0,135280.0,4.1,Black ,AWD,14.0,21.0,Gasoline ,2.96465882923282,0.0,others
Buick,2021,Certified,18235.0,25600.0,4.5,Ebony ,FWD,24.0,31.0,Gasoline ,2.0,1.0,True
Ford,2023,New,14.0,63505.0,4.2,Ebony ,4WD,18.0,24.0,Gasoline ,3.0,0.0,others
Volkswagen,2020,Certified,28302.0,26495.0,4.4,– ,AWD,20.0,29.0,Gasoline ,2.0,1.0,True
Chrysler,2022,Certified,67593.0,24881.0,4.5,Black ,FWD,20.59922502075837,28.0,Gasoline ,3.6,0.0,True
Acura,2021,Used,21346.0,23695.0,4.5,Ebony ,FWD,24.0,34.0,Gasoline ,2.4,1.0,True
Volvo,2023,New,5.0,55615.0,4.8,– ,AWD,20.59922502075837,28.0,Unknown,2.96465882923282,0.0,others
Mercedes-Benz,2023,Used,5891.0,50999.0,4.7,Black ,RWD,20.59922502075837,28.0,Gasoline ,2.0,0.0,True
Mazda,2019,Used,65969.0,22499.0,4.381503720140973,Black ,AWD,20.0,26.0,Gasoline ,2.5,1.0,False
Nissan,2017,Used,57178.0,13990.0,4.8,Black ,AWD,24.0,30.0,Gasoline ,2.0,1.0,False
Ferrari,2020,Used,2789.0,429900.0,4.381503720140973,Nero w/ Yellow Stitch ,RWD,0.0,0.0,Gasoline ,6.5,0.0,True
Dodge,2023,New,5.0,73635.0,4.9,Demonic Red/Black ,RWD,13.0,22.0,Gasoline ,6.2,0.0,others
Lexus,2019,Used,55484.0,30477.0,4.9,Rioja ,AWD,19.0,26.0,Gasoline ,3.5,0.0,False
Jeep,2022,Used,9129.0,30394.0,4.9,Black ,4WD,18.0,24.0,Gasoline ,3.2,0.0,False
Chevrolet,2022,Used,19232.0,33972.0,4.8,Jet Black ,AWD,20.59922502075837,28.0,Gasoline ,3.6,0.0,True
Ford,2021,Used,32159.0,20959.0,4.4,Ebony ,AWD,26.0,31.0,Gasoline ,1.5,0.0,True
Kia,2021,Used,89019.0,25000.0,4.4,Black ,AWD,21.0,28.0,Gasoline ,2.5,0.0,True
BMW,2016,Used,84957.0,16500.0,4.4,Black ,AWD,22.0,34.0,Gasoline ,2.0,1.0,False
Chrysler,2022,Used,67151.0,25995.0,4.381503720140973,BLACK ,FWD,19.0,28.0,Gasoline ,3.6,0.0,True
Chrysler,2019,Certified,93965.0,17881.0,4.5,Black ,FWD,19.0,28.0,Gasoline ,3.6,0.0,False
Maserati,2023,Certified,7291.0,54500.0,4.9,Black ,AWD,22.0,29.0,Gasoline ,2.96465882923282,0.0,True
Chevrolet,2019,Used,49075.0,18725.0,4.4,Jet Black ,AWD,25.0,30.0,Gasoline ,1.5,0.0,False
Jeep,2019,Used,32392.0,21789.0,4.5,Black ,4WD,20.0,29.0,Gasoline ,2.0,0.0,True
Ford,2021,Used,73833.0,22764.0,4.381503720140973,Black ,AWD,21.0,28.0,Gasoline ,2.0,0.0,True
Jeep,2017,Used,41230.0,23995.0,5.0,Black ,4WD,16.0,21.0,Gasoline ,3.6,0.0,True
BMW,2020,Used,30015.0,41372.0,4.7,Canberra Beige ,AWD,17.0,25.0,Gasoline ,4.4,1.0,True
Chevrolet,2023,Certified,22543.0,61818.0,5.0,Jet Black ,4WD,15.0,19.0,Gasoline ,5.3,0.0,True
Chevrolet,2021,Used,29577.0,99991.0,4.381503720140973,Jet Black/Victory Red ,RWD,15.0,20.0,Gasoline ,5.3,0.0,True
Ford,2018,Used,114091.0,17985.0,4.4,– ,4WD,16.0,22.0,Gasoline ,2.96465882923282,0.0,True
Toyota,2023,Used,12141.0,22995.0,4.5,Black / Red ,FWD,31.0,40.0,Gasoline ,2.0,0.0,True
Ford,2016,Used,79390.0,14895.0,4.381503720140973,Tan ,4WD,22.0,29.0,Gasoline ,2.0,1.0,False
Mercedes-Benz,2021,Used,53710.0,29990.0,4.5,Black ,AWD,23.0,30.0,Gasoline ,2.0,0.0,True
Chevrolet,2014,Used,124273.0,8799.0,4.3,Black ,FWD,18.0,30.0,E85 Flex Fuel ,3.6,1.0,False
Jeep,2016,Used,101795.0,10995.0,4.381503720140973,Black ,FWD,22.0,27.0,Gasoline ,2.0,0.0,False
Genesis,2020,Used,31634.0,25775.0,3.7,Brown ,RWD,22.0,30.0,Gasoline ,2.0,1.0,False
Chrysler,2021,Used,64605.0,22950.0,4.9,Black/Alloy/Black ,FWD,19.0,28.0,Gasoline ,3.6,0.0,True
Chevrolet,2022,Used,25006.0,25500.0,4.7,Jet Black ,FWD,26.0,31.0,Gasoline ,1.5,0.0,True
Nissan,2022,Used,40906.0,27701.0,4.9,Charcoal ,4WD,17.0,22.0,Gasoline ,3.8,0.0,False
Mitsubishi,2015,Used,113039.0,9366.0,4.4,Black ,FWD,25.0,32.0,Gasoline ,2.0,1.0,True
Volkswagen,2023,Used,8381.0,23605.0,4.381503720140973,Gray / Black ,AWD,25.0,32.0,Gasoline ,1.5,0.0,True
Hyundai,2023,Certified,4002.0,32000.0,4.6,Gray ,AWD,19.0,27.0,Gasoline ,2.5,0.0,False
Mazda,2021,Used,8435.0,29224.0,4.381503720140973,Black ,RWD,26.0,34.0,Gasoline ,2.0,0.0,True
Ford,2023,New,39.0,63235.0,4.4,Medium Dark Slate ,AWD,20.59922502075837,28.0,Unknown,2.0,0.0,others
Dodge,2018,Used,10242.0,36971.0,4.6,Black ,RWD,14.0,23.0,Gasoline ,6.4,0.0,True
Jeep,2022,Used,60507.0,35000.0,4.7,Global Black ,4WD,20.59922502075837,28.0,Gasoline ,3.6,0.0,True
Buick,2021,Used,30765.0,31371.0,4.5,Dark Galvanized/Ebony Accents ,AWD,17.0,25.0,Gasoline ,3.6,0.0,True
Honda,2022,Used,54288.0,35995.0,4.2,Gray ,FWD,19.0,28.0,Gasoline ,3.5,0.0,True
Mazda,2023,New,6.0,36019.0,4.6,– ,RWD,26.0,35.0,Gasoline ,2.0,0.0,others
Chevrolet,2021,Used,28883.0,26800.0,4.3,Jet Black ,AWD,17.0,25.0,Gasoline ,3.6,1.0,True
Ford,2017,Used,106400.0,11977.0,4.7,Charcoal Black ,FWD,23.0,30.0,Gasoline ,1.5,0.0,False
Volkswagen,2022,Used,24248.0,25541.0,4.8,Gray/Black ,AWD,25.0,32.0,Gasoline ,1.5,1.0,False
Hyundai,2023,Used,3020.0,22998.0,4.381503720140973,Black ,FWD,30.0,40.0,Gasoline ,2.0,0.0,True
BMW,2016,Used,98699.0,16995.0,4.6,Canberra Beige / Black ,AWD,20.59922502075837,28.0,Hybrid ,2.0,0.0,False
Buick,2021,Certified,20954.0,33689.0,4.9,Shale / Ebony ,AWD,17.0,25.0,Gasoline ,3.6,1.0,True
Nissan,2014,Used,109595.0,10800.0,4.8,Beige ,AWD,18.0,23.0,Gasoline ,3.5,0.0,False
Volkswagen,2021,Used,63412.0,16387.0,4.7,Titan Black ,FWD,29.0,36.0,Gasoline ,1.4,0.0,True
Audi,2017,Used,90105.0,26995.0,4.1,Black ,AWD,21.0,29.0,Gasoline ,3.0,1.0,False
Ford,2022,Used,10993.0,28699.0,4.6,Ebony ,4WD,25.0,28.0,Gasoline ,1.5,0.0,True
Jeep,2017,Used,53571.0,29290.0,4.3,Black ,4WD,16.0,21.0,Gasoline ,3.6,1.0,False
Jeep,2019,Used,43905.0,25985.0,4.381503720140973,Black ,FWD,0.0,0.0,Gasoline ,2.4,0.0,True
Chevrolet,2019,Used,11929.0,159991.0,4.381503720140973,Jet Black ,RWD,12.0,19.0,Gasoline ,6.2,0.0,True
Honda,2022,Used,7487.0,32530.0,4.7,– ,AWD,40.0,35.0,Hybrid ,2.0,1.0,False
INFINITI,2023,Used,8121.0,61000.0,4.5,Truffle Brown ,4WD,13.0,19.0,Gasoline ,5.6,0.0,True
Mazda,2021,Used,57239.0,17195.0,4.5,Black / Navy Blue ,FWD,26.0,35.0,Gasoline ,2.5,0.0,True
Dodge,2023,Used,4062.0,53645.0,4.4,Black ,RWD,14.0,23.0,Gasoline ,6.4,0.0,True
Jeep,2021,Certified,30290.0,21990.0,4.8,Black ,4WD,22.0,30.0,Gasoline ,2.4,0.0,True
BMW,2015,Used,41253.0,14591.0,4.2,Tera Dalbergia Brown ,RWD,20.59922502075837,28.0,Unknown,2.96465882923282,0.0,False
Ford,2020,Certified,34650.0,21995.0,4.2,Dark Earth Gray ,FWD,27.0,33.0,Gasoline ,1.5,1.0,True
Mercedes-Benz,2018,Used,45812.0,37995.0,4.1,– ,AWD,18.0,28.0,Gasoline ,3.0,1.0,False
Cadillac,2018,Used,114335.0,26995.0,4.381503720140973,Shale w/Jet Black Accents ,4WD,14.0,21.0,Gasoline ,6.2,0.0,False
Hyundai,2021,Used,18622.0,22350.0,4.381503720140973,Gray/Black ,AWD,26.0,29.0,Gasoline ,1.6,0.0,True
BMW,2020,Used,24009.0,32849.0,4.3,Black ,AWD,23.0,32.0,Gasoline ,2.0,0.0,False
Audi,2017,Used,87624.0,14749.0,4.4,– ,AWD,24.0,31.0,Gasoline ,2.0,0.0,False
Volkswagen,2021,Certified,23889.0,29990.0,4.9,Titan Black ,AWD,20.0,31.0,Gasoline ,2.0,1.0,True
Chrysler,2023,Used,18519.0,35092.0,4.8,Black ,FWD,19.0,28.0,Gasoline ,3.6,1.0,True
Nissan,2022,Used,17118.0,30799.0,4.7,Charcoal ,4WD,17.0,22.0,Gasoline ,3.8,0.0,True
Jeep,2021,Used,20671.0,35500.0,4.4,Black ,4WD,0.0,0.0,Gasoline ,2.0,1.0,True
Jeep,2020,Used,66025.0,32995.0,4.4,Black ,4WD,16.0,23.0,Gasoline ,3.6,0.0,False
Ford,2019,Used,44248.0,15909.0,4.7,Charcoal Black ,FWD,21.0,29.0,E85 Flex Fuel ,2.5,1.0,True
Genesis,2021,Used,22552.0,34588.0,4.8,Black w/Gray Stitching ,AWD,17.0,25.0,Gasoline ,3.3,1.0,False
BMW,2021,Certified,17132.0,48988.0,4.1,Black ,AWD,21.0,25.0,Gasoline ,3.0,0.0,True
Mazda,2021,Used,26380.0,22995.0,4.8,Black ,AWD,24.0,31.0,Gasoline ,2.5,0.0,True
RAM,2018,Used,42968.0,28998.0,5.0,Black ,4WD,16.0,23.0,Gasoline ,5.7,1.0,False
Volkswagen,2023,Certified,12564.0,26177.0,4.2,Black ,AWD,25.0,32.0,Gasoline ,1.5,1.0,True
Cadillac,2023,Certified,29231.0,43982.0,4.381503720140973,Dark Auburn ,AWD,18.0,25.0,Gasoline ,3.6,0.0,True
Subaru,2023,Used,22264.0,29998.0,4.381503720140973,Black ,AWD,27.0,34.0,Gasoline ,2.5,0.0,True
Chevrolet,2020,Certified,37137.0,16999.0,5.0,Jet Black ,FWD,26.0,31.0,Gasoline ,1.4,0.0,True
Ford,2022,Used,25975.0,64372.0,4.7,Black Onyx ,4WD,0.0,0.0,Diesel ,6.7,0.0,False
Cadillac,2023,Used,11568.0,99850.0,4.5,Whisper Beige ,4WD,14.0,18.0,Gasoline ,6.2,0.0,True
Hyundai,2022,Used,44894.0,18495.0,4.6,Medium Gray ,FWD,31.0,41.0,Gasoline ,2.0,0.0,True
Lexus,2017,Used,81741.0,25800.0,4.8,Black ,AWD,19.0,26.0,Gasoline ,3.5,0.0,False
Audi,2017,Used,93618.0,19500.0,4.4,Black ,AWD,19.0,25.0,Gasoline ,3.0,0.0,True
Ford,2018,Used,58676.0,21498.0,5.0,Black ,4WD,20.0,27.0,Gasoline ,2.0,0.0,False
Toyota,2020,Used,71797.0,15980.0,4.6,Black ,FWD,30.0,38.0,Gasoline ,1.8,1.0,False
Jeep,2021,Used,25955.0,37148.0,4.9,Beige / Black ,4WD,18.0,25.0,Gasoline ,3.6,0.0,True
Tesla,2021,Used,52327.0,49995.0,4.381503720140973,Black / White ,AWD,20.59922502075837,28.0,Unknown,2.96465882923282,0.0,True
Nissan,2015,Used,40880.0,119995.0,4.381503720140973,Black ,AWD,23.0,23.0,Gasoline ,3.8,1.0,False
Toyota,2022,Used,36990.0,22373.0,4.4,Black ,FWD,28.0,39.0,Gasoline ,2.5,1.0,True
Chevrolet,2018,Used,75752.0,31972.0,4.8,Cocoa / Dune ,4WD,15.0,22.0,Gasoline ,5.3,1.0,False
Ford,2020,Used,43879.0,18777.0,4.4,Sandstone ,AWD,26.0,31.0,Gasoline ,1.5,0.0,True
Mercedes-Benz,2019,Used,44887.0,25997.0,4.8,– ,AWD,23.0,31.0,E85 Flex Fuel ,2.0,0.0,True
Toyota,2021,Used,18210.0,25490.0,3.9,Black ,AWD,25.0,34.0,Gasoline ,2.5,1.0,True
Chrysler,2023,New,10.0,33986.0,4.4,Black ,RWD,19.0,30.0,Gasoline ,3.6,0.0,others
Jeep,2020,Used,21866.0,30000.0,4.0,Black ,4WD,18.0,25.0,Gasoline ,3.6,0.0,True
Nissan,2021,Used,23908.0,25998.0,4.381503720140973,Black ,AWD,26.0,33.0,Gasoline ,2.5,0.0,True
Cadillac,2023,Certified,40154.0,83294.0,4.9,Black ,4WD,14.0,18.0,Gasoline ,6.2,0.0,True
Jeep,2015,Used,99479.0,15582.0,4.4,Black ,4WD,17.0,24.0,Gasoline ,3.6,0.0,False
GMC,2021,Used,38815.0,33999.0,4.6,Jet Black/Medium Dark Pewter ,RWD,0.0,0.0,Gasoline ,4.3,1.0,False
Nissan,2019,Used,36335.0,21063.0,4.7,Gray ,AWD,25.0,35.0,Gasoline ,2.5,1.0,False
Chrysler,2020,Used,32294.0,25122.0,4.3,Cognac ,FWD,19.0,28.0,Gasoline ,3.6,1.0,False
Ford,2021,Used,28649.0,33997.0,4.8,Ebony ,AWD,19.0,25.0,Gasoline ,2.7,0.0,True
Chevrolet,2020,Used,34866.0,23995.0,4.1,Jet Black ,FWD,21.0,28.0,Gasoline ,3.6,1.0,False
Lincoln,2023,New,7.0,49674.0,4.381503720140973,Ebony ,AWD,21.0,28.0,Gasoline ,2.0,0.0,others
Dodge,2022,Used,34036.0,26995.0,4.5,Black ,RWD,19.0,30.0,Gasoline ,3.6,0.0,True
Buick,2021,Certified,45722.0,26995.0,5.0,– ,FWD,18.0,26.0,Gasoline ,3.6,0.0,True
Chrysler,2020,Used,24774.0,25995.0,4.5,Black ,FWD,19.0,28.0,Gasoline ,3.6,0.0,True
Lexus,2021,Used,37517.0,38495.0,4.9,Circuit Red ,AWD,22.0,27.0,Gasoline ,2.0,0.0,True
Ford,2023,Used,6086.0,23922.0,4.4,Space Gray ,FWD,27.0,34.0,Gasoline ,1.5,0.0,True
Chevrolet,2015,Used,138685.0,9982.0,4.9,Jet Black ,FWD,18.0,29.0,Gasoline ,3.6,1.0,False
Chevrolet,2021,Used,77469.0,40995.0,4.381503720140973,Gideon/Very Dark Atmosphere ,RWD,15.0,20.0,Gasoline ,5.3,0.0,True
Lexus,2016,Used,64924.0,27988.0,4.7,Black ,AWD,19.0,26.0,Gasoline ,3.5,0.0,True
Chevrolet,2021,Used,80456.0,19895.0,4.381503720140973,Black Cloth ,AWD,25.0,30.0,Gasoline ,1.5,1.0,False
Buick,2019,Used,20442.0,13800.0,4.381503720140973,Black ,FWD,25.0,30.0,Gasoline ,1.4,1.0,True
Nissan,2021,Used,43181.0,21260.0,4.2,Charcoal ,AWD,25.0,32.0,Gasoline ,2.5,0.0,True
Audi,2021,Certified,21870.0,44640.0,4.7,Black ,AWD,20.0,28.0,Gasoline ,3.0,1.0,True
Ford,2021,Used,13510.0,26000.0,4.4,– ,FWD,44.0,37.0,Hybrid ,2.5,0.0,True
Lexus,2017,Used,38240.0,30488.0,4.7,Parchment ,FWD,20.0,27.0,Gasoline ,3.5,1.0,True
Chrysler,2022,Used,39906.0,36000.0,4.0,Caramel / Black ,FWD,20.59922502075837,28.0,Hybrid ,3.6,0.0,True
Jeep,2018,Used,82148.0,27949.0,4.6,Black ,4WD,22.0,24.0,Gasoline ,2.0,0.0,False
Lincoln,2020,Used,106904.0,19995.0,4.381503720140973,Ebony ,AWD,20.0,29.0,Gasoline ,2.0,0.0,True
Cadillac,2021,Used,16987.0,85000.0,4.4,platinum ,4WD,13.0,19.0,Gasoline ,6.2,1.0,True
Tesla,2021,Used,73071.0,42775.0,4.6,Black ,AWD,20.59922502075837,28.0,Unknown,2.96465882923282,0.0,True
Chevrolet,2017,Used,73863.0,19998.0,4.381503720140973,Black ,FWD,22.0,33.0,Gasoline ,2.0,0.0,False
Audi,2018,Used,143274.0,16877.0,4.2,Black ,AWD,23.0,27.0,Gasoline ,2.0,0.0,True
Rolls-Royce,2021,Certified,7531.0,275800.0,4.381503720140973,Moccasin ,AWD,12.0,19.0,Gasoline ,6.7,0.0,True
Ford,2023,New,4.0,79490.0,4.3,Black ,AWD,20.59922502075837,28.0,Unknown,2.96465882923282,0.0,others
Land,2020,Used,32873.0,32998.0,4.381503720140973,Ebony / Ebony ,AWD,20.0,27.0,Gasoline ,2.96465882923282,1.0,True
Ford,2014,Used,113403.0,7500.0,4.4,– ,FWD,37.0,37.0,E85 Flex Fuel ,2.0,1.0,False
Jeep,2017,Used,103419.0,23995.0,4.381503720140973,Black ,4WD,18.0,25.0,Gasoline ,3.6,1.0,False
Audi,2023,Certified,11587.0,46991.0,4.7,Black ,AWD,22.0,29.0,Gasoline ,2.96465882923282,0.0,False
GMC,2021,Used,35604.0,44979.0,4.5,Jet Black ,4WD,15.0,20.0,Gasoline ,6.2,0.0,True
BMW,2017,Used,146521.0,11980.0,4.7,Sand Beige ,AWD,21.0,28.0,Gasoline ,2.0,1.0,True
Chevrolet,2020,Used,66391.0,18995.0,4.1,Gray ,FWD,26.0,31.0,Gasoline ,1.5,1.0,True
Kia,2023,New,15.0,39685.0,4.1,Black ,AWD,22.0,27.0,Gasoline ,2.5,0.0,others
Tesla,2022,Used,52527.0,22650.0,4.9,– ,RWD,20.59922502075837,28.0,Unknown,2.96465882923282,0.0,True
Jeep,2023,New,23.0,62325.0,4.7,Global Black ,4WD,20.59922502075837,28.0,Hybrid ,2.0,0.0,others
Chevrolet,2019,Used,50383.0,19842.0,4.7,Jet Black / Dark Titanium ,FWD,22.0,29.0,Gasoline ,2.5,0.0,others
Tesla,2016,Used,79767.0,30952.0,4.381503720140973,Black ,AWD,20.59922502075837,28.0,Unknown,2.96465882923282,0.0,False
